Feature_Reaction,Feature_Mode,Shap_Value,Cycle
PTRCTA2,1,0.005790303582189249,regressor_model_1.pkl
DMALRED,0,0.0,regressor_model_1.pkl
G3PD2,0,0.0,regressor_model_1.pkl
DLYSPYRAT,0,0.0,regressor_model_1.pkl
DHSKDH,0,0.0,regressor_model_1.pkl
VALDHr,1,0.0,regressor_model_1.pkl
MEPCT,0,0.0,regressor_model_1.pkl
LSERDHr,0,0.0,regressor_model_1.pkl
G6PDH2r,1,0.0,regressor_model_1.pkl
DHQTi_copy1,1,0.0,regressor_model_1.pkl
DHQTi_copy2,0,0.0,regressor_model_1.pkl
HPYRRx,1,-0.0007146709519478513,regressor_model_1.pkl
GLUDy,1,-0.00010758696181441245,regressor_model_1.pkl
LTDCL,0,-0.0009065263401777163,regressor_model_1.pkl
H2CO3D2,0,0.0,regressor_model_1.pkl
GAPD,0,0.0,regressor_model_1.pkl
SSALy,1,0.002212413150669021,regressor_model_1.pkl
GLYCTO1,0,0.0,regressor_model_1.pkl
ACS,0,0.0,regressor_model_1.pkl
PDHa,0,-0.00033888190149962313,regressor_model_1.pkl
HEPCT,0,0.0,regressor_model_1.pkl
SERAT_copy1,0,0.0,regressor_model_1.pkl
VALTA,0,0.0,regressor_model_1.pkl
SUCOAS,1,0.0,regressor_model_1.pkl
FRDO4r,0,0.0,regressor_model_1.pkl
GLNS_copy1,0,0.0,regressor_model_1.pkl
ILEDHr_1,0,0.0,regressor_model_1.pkl
ENO,0,0.0,regressor_model_1.pkl
RBK,0,0.0,regressor_model_1.pkl
ALATRS,0,0.0,regressor_model_1.pkl
PTPATi,1,0.0,regressor_model_1.pkl
FDH,0,0.0,regressor_model_1.pkl
NDPK3,0,0.0,regressor_model_1.pkl
DHAD1_copy2,0,0.0,regressor_model_1.pkl
PHETA1,0,0.0,regressor_model_1.pkl
FALDM,0,0.0,regressor_model_1.pkl
PPND,0,0.0,regressor_model_1.pkl
PPK,1,-0.00012273510089552553,regressor_model_1.pkl
PPA,1,0.0,regressor_model_1.pkl
PRASCSi_copy1,0,0.0,regressor_model_1.pkl
AROH,0,0.0,regressor_model_1.pkl
GLUSy,1,-0.0007895447508985575,regressor_model_1.pkl
GLYALDDr,0,0.0,regressor_model_1.pkl
LLEUDr,0,0.0,regressor_model_1.pkl
AGMDA,0,0.0,regressor_model_1.pkl
GLYCK,0,-0.00013013202617263568,regressor_model_1.pkl
FE3DCITR,1,-0.00024963177760089724,regressor_model_1.pkl
TRPS1_copy1,0,0.0,regressor_model_1.pkl
AKGDH,0,-0.0011175546634949944,regressor_model_1.pkl
IDPh_1,0,0.0,regressor_model_1.pkl
DLYSOXGAT,0,0.0,regressor_model_1.pkl
NDP8,0,0.0,regressor_model_1.pkl
TALA,1,0.0,regressor_model_1.pkl
URO_c,1,-0.00015953779648809503,regressor_model_1.pkl
PGI,0,0.0,regressor_model_1.pkl
ICL,1,0.010083962434589384,regressor_model_1.pkl
PSCVT_copy1,0,0.0,regressor_model_1.pkl
PGK,0,0.0,regressor_model_1.pkl
HDH,0,0.0,regressor_model_1.pkl
ALDD1,0,0.0,regressor_model_1.pkl
FE3DCITCH,0,0.0,regressor_model_1.pkl
AGPOP,1,0.0,regressor_model_1.pkl
PRAIi_copy2,0,-0.0014387058085114722,regressor_model_1.pkl
CBMKr,0,0.0,regressor_model_1.pkl
1PPDCRc,0,0.0,regressor_model_1.pkl
GAPDi_nadp,0,0.0,regressor_model_1.pkl
FE3PYOVDL,0,0.0,regressor_model_1.pkl
PGM,0,0.0,regressor_model_1.pkl
PMANM,1,0.0,regressor_model_1.pkl
ILETA,0,0.0,regressor_model_1.pkl
LEUTA,0,0.0,regressor_model_1.pkl
R15BPK,1,0.0,regressor_model_1.pkl
LYSRC,0,0.0,regressor_model_1.pkl
OXOADLR,0,0.0,regressor_model_1.pkl
TRPS3,0,0.0,regressor_model_1.pkl
H2CO3D,0,0.0,regressor_model_1.pkl
SERAT_copy2,1,0.0,regressor_model_1.pkl
HSK,1,0.0,regressor_model_1.pkl
PPNDH,0,0.0,regressor_model_1.pkl
PSCVT_copy2,0,0.0,regressor_model_1.pkl
G5SD_copy2,0,0.0,regressor_model_1.pkl
ADK1,0,0.0,regressor_model_1.pkl
NTD4,0,0.0,regressor_model_1.pkl
PHETHPTOX3,0,-0.0010940681888929138,regressor_model_1.pkl
ALATA_L,0,0.0,regressor_model_1.pkl
MEPCT_1,1,0.0005286280525995477,regressor_model_1.pkl
PDH,0,0.0,regressor_model_1.pkl
MALS,0,0.0,regressor_model_1.pkl
ANHMK,0,0.0,regressor_model_1.pkl
RECOAH7,0,0.0,regressor_model_1.pkl
GLUDxi,0,0.0,regressor_model_1.pkl
TRPS1_copy2,1,-0.0006777358238466784,regressor_model_1.pkl
ALLTN,0,0.0,regressor_model_1.pkl
NDPK5,0,0.0,regressor_model_1.pkl
HISTD,1,0.0,regressor_model_1.pkl
ME2,0,0.0,regressor_model_1.pkl
GLXCL,0,0.0,regressor_model_1.pkl
PRPPS,0,0.0,regressor_model_1.pkl
URIH,1,-0.0004252411493525954,regressor_model_1.pkl
PPCK,0,0.0,regressor_model_1.pkl
ALAR,1,0.0,regressor_model_1.pkl
HPYRI,0,0.0,regressor_model_1.pkl
PRAIi_copy1,0,0.0,regressor_model_1.pkl
CSPMDDH,0,0.0,regressor_model_1.pkl
MAN1PT2,0,-0.00021487282776053163,regressor_model_1.pkl
HCO3E,0,0.0,regressor_model_1.pkl
DHAD1_copy1,0,0.0,regressor_model_1.pkl
APPAT,0,0.0,regressor_model_1.pkl
ADPT,1,0.0,regressor_model_1.pkl
PRASCSi_copy2,0,0.0,regressor_model_1.pkl
CBPS,0,0.0,regressor_model_1.pkl
FRDO7r,0,0.0,regressor_model_1.pkl
TRSARr,0,0.0,regressor_model_1.pkl
G5SD_copy1,0,0.0,regressor_model_1.pkl
GLNS_copy2,0,0.0,regressor_model_1.pkl
FRDO6r,0,0.0,regressor_model_1.pkl
MDH,1,0.0,regressor_model_1.pkl
PPM,0,0.0,regressor_model_1.pkl
PTRCTA2,1,-0.0009259011840674999,regressor_model_1.pkl
DMALRED,0,0.0,regressor_model_1.pkl
G3PD2,0,0.0,regressor_model_1.pkl
DLYSPYRAT,0,-0.00037276651772004496,regressor_model_1.pkl
DHSKDH,0,0.0,regressor_model_1.pkl
VALDHr,0,0.0,regressor_model_1.pkl
MEPCT,0,0.0,regressor_model_1.pkl
LSERDHr,0,-0.00011786964156852567,regressor_model_1.pkl
G6PDH2r,1,0.0,regressor_model_1.pkl
DHQTi_copy1,0,0.0,regressor_model_1.pkl
DHQTi_copy2,0,0.0,regressor_model_1.pkl
HPYRRx,0,0.0,regressor_model_1.pkl
GLUDy,0,0.0,regressor_model_1.pkl
LTDCL,1,-0.0008051453508173193,regressor_model_1.pkl
H2CO3D2,0,0.0,regressor_model_1.pkl
GAPD,0,0.0,regressor_model_1.pkl
SSALy,1,0.003014768790476457,regressor_model_1.pkl
GLYCTO1,0,0.0,regressor_model_1.pkl
ACS,0,-6.50742083012999e-05,regressor_model_1.pkl
PDHa,1,-0.0003959306731619198,regressor_model_1.pkl
HEPCT,1,0.0,regressor_model_1.pkl
SERAT_copy1,0,0.0,regressor_model_1.pkl
VALTA,1,0.0,regressor_model_1.pkl
SUCOAS,1,0.0,regressor_model_1.pkl
FRDO4r,0,0.0,regressor_model_1.pkl
GLNS_copy1,0,0.0,regressor_model_1.pkl
ILEDHr_1,1,0.0,regressor_model_1.pkl
ENO,0,0.0,regressor_model_1.pkl
RBK,0,0.0,regressor_model_1.pkl
ALATRS,0,0.0,regressor_model_1.pkl
PTPATi,0,0.0,regressor_model_1.pkl
FDH,0,0.0,regressor_model_1.pkl
NDPK3,0,0.0,regressor_model_1.pkl
DHAD1_copy2,0,0.0,regressor_model_1.pkl
PHETA1,0,0.0,regressor_model_1.pkl
FALDM,0,0.0,regressor_model_1.pkl
PPND,0,0.0,regressor_model_1.pkl
PPK,0,-0.0002637393738407224,regressor_model_1.pkl
PPA,0,0.0,regressor_model_1.pkl
PRASCSi_copy1,0,0.0,regressor_model_1.pkl
AROH,0,0.0,regressor_model_1.pkl
GLUSy,0,0.0,regressor_model_1.pkl
GLYALDDr,1,0.0,regressor_model_1.pkl
LLEUDr,0,0.0,regressor_model_1.pkl
AGMDA,1,0.0,regressor_model_1.pkl
GLYCK,0,0.0,regressor_model_1.pkl
FE3DCITR,0,0.0,regressor_model_1.pkl
TRPS1_copy1,1,0.0,regressor_model_1.pkl
AKGDH,0,0.008786900217531899,regressor_model_1.pkl
IDPh_1,1,0.0,regressor_model_1.pkl
DLYSOXGAT,0,0.0,regressor_model_1.pkl
NDP8,0,0.0,regressor_model_1.pkl
TALA,1,0.0,regressor_model_1.pkl
URO_c,0,0.0,regressor_model_1.pkl
PGI,1,0.0,regressor_model_1.pkl
ICL,1,0.012903737068541359,regressor_model_1.pkl
PSCVT_copy1,0,0.0,regressor_model_1.pkl
PGK,0,0.0,regressor_model_1.pkl
HDH,0,-7.501806150256e-05,regressor_model_1.pkl
ALDD1,0,0.0,regressor_model_1.pkl
FE3DCITCH,0,0.0,regressor_model_1.pkl
AGPOP,0,0.0,regressor_model_1.pkl
PRAIi_copy2,1,-0.0022120120238460833,regressor_model_1.pkl
CBMKr,0,0.0,regressor_model_1.pkl
1PPDCRc,0,0.0,regressor_model_1.pkl
GAPDi_nadp,0,0.0,regressor_model_1.pkl
FE3PYOVDL,0,0.0,regressor_model_1.pkl
PGM,0,0.0,regressor_model_1.pkl
PMANM,0,0.0,regressor_model_1.pkl
ILETA,0,0.0,regressor_model_1.pkl
LEUTA,0,0.0,regressor_model_1.pkl
R15BPK,0,0.0,regressor_model_1.pkl
LYSRC,0,0.0,regressor_model_1.pkl
OXOADLR,0,-0.00010127967811126365,regressor_model_1.pkl
TRPS3,1,0.0,regressor_model_1.pkl
H2CO3D,0,0.0,regressor_model_1.pkl
SERAT_copy2,1,0.0,regressor_model_1.pkl
HSK,0,-0.00035919404813403334,regressor_model_1.pkl
PPNDH,0,0.0,regressor_model_1.pkl
PSCVT_copy2,0,0.0,regressor_model_1.pkl
G5SD_copy2,0,0.0,regressor_model_1.pkl
ADK1,1,0.0,regressor_model_1.pkl
NTD4,0,0.0,regressor_model_1.pkl
PHETHPTOX3,0,-0.0010890018572816006,regressor_model_1.pkl
ALATA_L,1,0.0,regressor_model_1.pkl
MEPCT_1,0,0.0,regressor_model_1.pkl
PDH,0,0.0,regressor_model_1.pkl
MALS,0,0.0,regressor_model_1.pkl
ANHMK,1,0.0,regressor_model_1.pkl
RECOAH7,0,0.0,regressor_model_1.pkl
GLUDxi,0,0.0,regressor_model_1.pkl
TRPS1_copy2,0,-0.00032886693835476437,regressor_model_1.pkl
ALLTN,0,0.0,regressor_model_1.pkl
NDPK5,0,0.0,regressor_model_1.pkl
HISTD,0,-0.00040403527706258865,regressor_model_1.pkl
ME2,0,0.0,regressor_model_1.pkl
GLXCL,0,0.0,regressor_model_1.pkl
PRPPS,0,0.0,regressor_model_1.pkl
URIH,0,0.0,regressor_model_1.pkl
PPCK,0,0.0,regressor_model_1.pkl
ALAR,0,0.0,regressor_model_1.pkl
HPYRI,0,0.0,regressor_model_1.pkl
PRAIi_copy1,0,0.0,regressor_model_1.pkl
CSPMDDH,1,0.0,regressor_model_1.pkl
MAN1PT2,0,0.0,regressor_model_1.pkl
HCO3E,0,0.0,regressor_model_1.pkl
DHAD1_copy1,0,0.0,regressor_model_1.pkl
APPAT,0,0.0,regressor_model_1.pkl
ADPT,1,0.0,regressor_model_1.pkl
PRASCSi_copy2,0,0.0,regressor_model_1.pkl
CBPS,0,0.0,regressor_model_1.pkl
FRDO7r,0,0.0,regressor_model_1.pkl
TRSARr,0,0.0,regressor_model_1.pkl
G5SD_copy1,0,0.0,regressor_model_1.pkl
GLNS_copy2,0,0.0,regressor_model_1.pkl
FRDO6r,1,0.0,regressor_model_1.pkl
MDH,1,0.0,regressor_model_1.pkl
PPM,0,0.0,regressor_model_1.pkl
PTRCTA2,0,0.004094066941971196,regressor_model_1.pkl
DMALRED,0,0.0,regressor_model_1.pkl
G3PD2,0,0.0,regressor_model_1.pkl
DLYSPYRAT,0,0.0,regressor_model_1.pkl
DHSKDH,1,0.0,regressor_model_1.pkl
VALDHr,0,0.0009766188519489516,regressor_model_1.pkl
MEPCT,0,0.0,regressor_model_1.pkl
LSERDHr,0,0.0,regressor_model_1.pkl
G6PDH2r,0,0.0,regressor_model_1.pkl
DHQTi_copy1,0,0.0,regressor_model_1.pkl
DHQTi_copy2,0,0.0,regressor_model_1.pkl
HPYRRx,0,0.0,regressor_model_1.pkl
GLUDy,1,0.0,regressor_model_1.pkl
LTDCL,0,-0.006464408801533001,regressor_model_1.pkl
H2CO3D2,0,0.0,regressor_model_1.pkl
GAPD,0,0.0,regressor_model_1.pkl
SSALy,1,0.0,regressor_model_1.pkl
GLYCTO1,0,0.0,regressor_model_1.pkl
ACS,0,0.0,regressor_model_1.pkl
PDHa,0,0.004010922136391886,regressor_model_1.pkl
HEPCT,1,0.0,regressor_model_1.pkl
SERAT_copy1,0,0.0,regressor_model_1.pkl
VALTA,0,0.0,regressor_model_1.pkl
SUCOAS,1,0.0,regressor_model_1.pkl
FRDO4r,0,0.0,regressor_model_1.pkl
GLNS_copy1,0,0.003544390090772973,regressor_model_1.pkl
ILEDHr_1,0,0.0,regressor_model_1.pkl
ENO,0,0.0,regressor_model_1.pkl
RBK,1,0.0,regressor_model_1.pkl
ALATRS,1,0.0,regressor_model_1.pkl
PTPATi,0,0.0,regressor_model_1.pkl
FDH,1,0.0,regressor_model_1.pkl
NDPK3,0,0.0,regressor_model_1.pkl
DHAD1_copy2,1,0.0,regressor_model_1.pkl
PHETA1,0,0.0,regressor_model_1.pkl
FALDM,1,0.0,regressor_model_1.pkl
PPND,0,0.0,regressor_model_1.pkl
PPK,0,0.0,regressor_model_1.pkl
PPA,0,0.0,regressor_model_1.pkl
PRASCSi_copy1,0,0.0,regressor_model_1.pkl
AROH,0,0.0,regressor_model_1.pkl
GLUSy,0,0.0,regressor_model_1.pkl
GLYALDDr,0,0.0,regressor_model_1.pkl
LLEUDr,0,0.0,regressor_model_1.pkl
AGMDA,0,0.0,regressor_model_1.pkl
GLYCK,0,0.0,regressor_model_1.pkl
FE3DCITR,0,0.0,regressor_model_1.pkl
TRPS1_copy1,0,0.0,regressor_model_1.pkl
AKGDH,0,0.010743441573227456,regressor_model_1.pkl
IDPh_1,0,0.0006762663520356462,regressor_model_1.pkl
DLYSOXGAT,0,0.0,regressor_model_1.pkl
NDP8,0,0.0,regressor_model_1.pkl
TALA,0,0.0,regressor_model_1.pkl
URO_c,0,0.0,regressor_model_1.pkl
PGI,1,0.0,regressor_model_1.pkl
ICL,1,0.05246975084076682,regressor_model_1.pkl
PSCVT_copy1,0,0.0,regressor_model_1.pkl
PGK,0,0.0,regressor_model_1.pkl
HDH,1,0.0035568093554188625,regressor_model_1.pkl
ALDD1,0,0.0,regressor_model_1.pkl
FE3DCITCH,0,0.0,regressor_model_1.pkl
AGPOP,0,0.0,regressor_model_1.pkl
PRAIi_copy2,0,0.03359680924767032,regressor_model_1.pkl
CBMKr,1,0.0,regressor_model_1.pkl
1PPDCRc,0,0.0,regressor_model_1.pkl
GAPDi_nadp,0,0.0,regressor_model_1.pkl
FE3PYOVDL,0,0.0,regressor_model_1.pkl
PGM,0,0.0,regressor_model_1.pkl
PMANM,0,0.0,regressor_model_1.pkl
ILETA,0,0.0,regressor_model_1.pkl
LEUTA,0,0.0,regressor_model_1.pkl
R15BPK,0,0.0,regressor_model_1.pkl
LYSRC,0,0.0,regressor_model_1.pkl
OXOADLR,0,0.0,regressor_model_1.pkl
TRPS3,1,0.0,regressor_model_1.pkl
H2CO3D,0,0.0,regressor_model_1.pkl
SERAT_copy2,0,0.0,regressor_model_1.pkl
HSK,0,0.0,regressor_model_1.pkl
PPNDH,0,0.0,regressor_model_1.pkl
PSCVT_copy2,0,0.0,regressor_model_1.pkl
G5SD_copy2,0,0.0,regressor_model_1.pkl
ADK1,0,0.0,regressor_model_1.pkl
NTD4,0,0.0,regressor_model_1.pkl
PHETHPTOX3,0,0.012125164432178502,regressor_model_1.pkl
ALATA_L,1,0.0,regressor_model_1.pkl
MEPCT_1,1,0.0,regressor_model_1.pkl
PDH,0,0.0,regressor_model_1.pkl
MALS,1,0.0010634499077535214,regressor_model_1.pkl
ANHMK,0,0.0,regressor_model_1.pkl
RECOAH7,0,0.0,regressor_model_1.pkl
GLUDxi,0,0.0,regressor_model_1.pkl
TRPS1_copy2,0,0.0,regressor_model_1.pkl
ALLTN,1,0.0,regressor_model_1.pkl
NDPK5,0,0.0,regressor_model_1.pkl
HISTD,0,0.0,regressor_model_1.pkl
ME2,0,0.0012896084397819307,regressor_model_1.pkl
GLXCL,0,0.0,regressor_model_1.pkl
PRPPS,0,0.0,regressor_model_1.pkl
URIH,1,0.0,regressor_model_1.pkl
PPCK,0,0.0,regressor_model_1.pkl
ALAR,0,0.0,regressor_model_1.pkl
HPYRI,0,0.0,regressor_model_1.pkl
PRAIi_copy1,0,0.0,regressor_model_1.pkl
CSPMDDH,0,0.0,regressor_model_1.pkl
MAN1PT2,0,0.0,regressor_model_1.pkl
HCO3E,0,0.0,regressor_model_1.pkl
DHAD1_copy1,0,0.0,regressor_model_1.pkl
APPAT,0,0.0,regressor_model_1.pkl
ADPT,0,0.0,regressor_model_1.pkl
PRASCSi_copy2,1,0.0,regressor_model_1.pkl
CBPS,0,0.0,regressor_model_1.pkl
FRDO7r,0,0.0,regressor_model_1.pkl
TRSARr,0,0.0,regressor_model_1.pkl
G5SD_copy1,0,0.0,regressor_model_1.pkl
GLNS_copy2,1,0.0,regressor_model_1.pkl
FRDO6r,1,0.0,regressor_model_1.pkl
MDH,1,0.0,regressor_model_1.pkl
PPM,0,0.0,regressor_model_1.pkl
PTRCTA2,0,0.004826156188126315,regressor_model_1.pkl
DMALRED,0,0.0,regressor_model_1.pkl
G3PD2,0,0.0,regressor_model_1.pkl
DLYSPYRAT,0,0.0050662153825506455,regressor_model_1.pkl
DHSKDH,0,0.0,regressor_model_1.pkl
VALDHr,1,0.00117145038654549,regressor_model_1.pkl
MEPCT,0,0.0,regressor_model_1.pkl
LSERDHr,1,0.0,regressor_model_1.pkl
G6PDH2r,1,0.0,regressor_model_1.pkl
DHQTi_copy1,0,0.0,regressor_model_1.pkl
DHQTi_copy2,0,0.0,regressor_model_1.pkl
HPYRRx,0,0.0,regressor_model_1.pkl
GLUDy,0,0.0,regressor_model_1.pkl
LTDCL,0,0.0,regressor_model_1.pkl
H2CO3D2,0,0.0,regressor_model_1.pkl
GAPD,0,0.0,regressor_model_1.pkl
SSALy,1,0.0,regressor_model_1.pkl
GLYCTO1,0,0.0,regressor_model_1.pkl
ACS,0,0.0,regressor_model_1.pkl
PDHa,0,0.007771886449100429,regressor_model_1.pkl
HEPCT,0,0.0,regressor_model_1.pkl
SERAT_copy1,0,0.0,regressor_model_1.pkl
VALTA,0,0.0,regressor_model_1.pkl
SUCOAS,0,0.0,regressor_model_1.pkl
FRDO4r,1,0.0,regressor_model_1.pkl
GLNS_copy1,0,0.0011910243160100475,regressor_model_1.pkl
ILEDHr_1,0,0.0,regressor_model_1.pkl
ENO,0,0.0,regressor_model_1.pkl
RBK,0,0.0,regressor_model_1.pkl
ALATRS,0,0.0,regressor_model_1.pkl
PTPATi,0,0.0,regressor_model_1.pkl
FDH,0,0.0,regressor_model_1.pkl
NDPK3,0,0.0,regressor_model_1.pkl
DHAD1_copy2,0,0.0,regressor_model_1.pkl
PHETA1,0,0.0,regressor_model_1.pkl
FALDM,0,0.0,regressor_model_1.pkl
PPND,0,0.0,regressor_model_1.pkl
PPK,1,0.0,regressor_model_1.pkl
PPA,0,0.0,regressor_model_1.pkl
PRASCSi_copy1,0,0.0,regressor_model_1.pkl
AROH,0,0.0,regressor_model_1.pkl
GLUSy,0,0.0,regressor_model_1.pkl
GLYALDDr,0,0.0,regressor_model_1.pkl
LLEUDr,1,0.0,regressor_model_1.pkl
AGMDA,0,0.0,regressor_model_1.pkl
GLYCK,0,0.0,regressor_model_1.pkl
FE3DCITR,0,0.0,regressor_model_1.pkl
TRPS1_copy1,0,0.0,regressor_model_1.pkl
AKGDH,1,0.02028712391103634,regressor_model_1.pkl
IDPh_1,0,0.0,regressor_model_1.pkl
DLYSOXGAT,0,0.0,regressor_model_1.pkl
NDP8,0,0.0,regressor_model_1.pkl
TALA,1,0.0,regressor_model_1.pkl
URO_c,0,0.0,regressor_model_1.pkl
PGI,0,0.0,regressor_model_1.pkl
ICL,1,0.05185870400434142,regressor_model_1.pkl
PSCVT_copy1,0,0.0,regressor_model_1.pkl
PGK,0,0.0,regressor_model_1.pkl
HDH,0,0.0,regressor_model_1.pkl
ALDD1,0,0.0,regressor_model_1.pkl
FE3DCITCH,0,0.0,regressor_model_1.pkl
AGPOP,0,0.0,regressor_model_1.pkl
PRAIi_copy2,0,0.030233515786018614,regressor_model_1.pkl
CBMKr,0,0.0006595067597642342,regressor_model_1.pkl
1PPDCRc,0,0.0,regressor_model_1.pkl
GAPDi_nadp,0,0.0,regressor_model_1.pkl
FE3PYOVDL,0,0.0,regressor_model_1.pkl
PGM,0,0.0,regressor_model_1.pkl
PMANM,1,0.0,regressor_model_1.pkl
ILETA,0,0.0,regressor_model_1.pkl
LEUTA,0,0.0,regressor_model_1.pkl
R15BPK,0,0.0,regressor_model_1.pkl
LYSRC,0,0.0,regressor_model_1.pkl
OXOADLR,0,0.0,regressor_model_1.pkl
TRPS3,0,0.0,regressor_model_1.pkl
H2CO3D,0,0.0006221110455897743,regressor_model_1.pkl
SERAT_copy2,0,0.0,regressor_model_1.pkl
HSK,1,0.0,regressor_model_1.pkl
PPNDH,0,0.0,regressor_model_1.pkl
PSCVT_copy2,0,0.0,regressor_model_1.pkl
G5SD_copy2,0,0.0,regressor_model_1.pkl
ADK1,0,0.0,regressor_model_1.pkl
NTD4,0,0.0,regressor_model_1.pkl
PHETHPTOX3,0,0.012943187703468417,regressor_model_1.pkl
ALATA_L,1,0.0,regressor_model_1.pkl
MEPCT_1,0,0.0,regressor_model_1.pkl
PDH,0,0.0,regressor_model_1.pkl
MALS,0,0.0,regressor_model_1.pkl
ANHMK,0,0.0,regressor_model_1.pkl
RECOAH7,1,0.0,regressor_model_1.pkl
GLUDxi,0,0.0,regressor_model_1.pkl
TRPS1_copy2,1,0.0,regressor_model_1.pkl
ALLTN,0,0.0,regressor_model_1.pkl
NDPK5,0,0.0,regressor_model_1.pkl
HISTD,1,0.0,regressor_model_1.pkl
ME2,0,0.0,regressor_model_1.pkl
GLXCL,0,0.0,regressor_model_1.pkl
PRPPS,0,0.0,regressor_model_1.pkl
URIH,0,0.0,regressor_model_1.pkl
PPCK,0,0.0,regressor_model_1.pkl
ALAR,0,0.0,regressor_model_1.pkl
HPYRI,0,0.0,regressor_model_1.pkl
PRAIi_copy1,0,0.0,regressor_model_1.pkl
CSPMDDH,0,0.0,regressor_model_1.pkl
MAN1PT2,0,0.001962050980900659,regressor_model_1.pkl
HCO3E,0,0.0,regressor_model_1.pkl
DHAD1_copy1,0,0.0,regressor_model_1.pkl
APPAT,0,0.0,regressor_model_1.pkl
ADPT,0,0.0,regressor_model_1.pkl
PRASCSi_copy2,0,0.0,regressor_model_1.pkl
CBPS,0,0.0,regressor_model_1.pkl
FRDO7r,0,0.0,regressor_model_1.pkl
TRSARr,0,0.0,regressor_model_1.pkl
G5SD_copy1,0,0.0,regressor_model_1.pkl
GLNS_copy2,0,0.0,regressor_model_1.pkl
FRDO6r,0,0.0,regressor_model_1.pkl
MDH,0,0.0,regressor_model_1.pkl
PPM,0,0.0,regressor_model_1.pkl
PTRCTA2,1,0.004691731691774007,regressor_model_1.pkl
DMALRED,0,0.0,regressor_model_1.pkl
G3PD2,0,0.0,regressor_model_1.pkl
DLYSPYRAT,1,0.006317947422730635,regressor_model_1.pkl
DHSKDH,0,0.0,regressor_model_1.pkl
VALDHr,1,0.0026493498870388435,regressor_model_1.pkl
MEPCT,0,0.0010385580528962871,regressor_model_1.pkl
LSERDHr,0,0.0,regressor_model_1.pkl
G6PDH2r,0,0.0,regressor_model_1.pkl
DHQTi_copy1,0,0.0,regressor_model_1.pkl
DHQTi_copy2,0,0.0,regressor_model_1.pkl
HPYRRx,0,0.0,regressor_model_1.pkl
GLUDy,0,0.0,regressor_model_1.pkl
LTDCL,1,0.008513105061775508,regressor_model_1.pkl
H2CO3D2,0,0.0,regressor_model_1.pkl
GAPD,0,0.0,regressor_model_1.pkl
SSALy,1,0.026733136848305975,regressor_model_1.pkl
GLYCTO1,0,0.0,regressor_model_1.pkl
ACS,0,0.0,regressor_model_1.pkl
PDHa,0,0.006832070017663013,regressor_model_1.pkl
HEPCT,0,0.0,regressor_model_1.pkl
SERAT_copy1,0,0.0,regressor_model_1.pkl
VALTA,0,0.0,regressor_model_1.pkl
SUCOAS,0,0.0,regressor_model_1.pkl
FRDO4r,0,0.0,regressor_model_1.pkl
GLNS_copy1,1,0.0028209103132850865,regressor_model_1.pkl
ILEDHr_1,0,0.0,regressor_model_1.pkl
ENO,0,0.0,regressor_model_1.pkl
RBK,0,0.0,regressor_model_1.pkl
ALATRS,0,0.0,regressor_model_1.pkl
PTPATi,0,0.0,regressor_model_1.pkl
FDH,0,0.0,regressor_model_1.pkl
NDPK3,0,0.0,regressor_model_1.pkl
DHAD1_copy2,0,0.0,regressor_model_1.pkl
PHETA1,0,0.0,regressor_model_1.pkl
FALDM,0,0.0,regressor_model_1.pkl
PPND,0,0.0,regressor_model_1.pkl
PPK,0,0.0,regressor_model_1.pkl
PPA,0,0.0,regressor_model_1.pkl
PRASCSi_copy1,0,0.0,regressor_model_1.pkl
AROH,0,0.0,regressor_model_1.pkl
GLUSy,0,0.0,regressor_model_1.pkl
GLYALDDr,0,0.0010562254498234292,regressor_model_1.pkl
LLEUDr,0,0.0,regressor_model_1.pkl
AGMDA,0,0.0,regressor_model_1.pkl
GLYCK,0,0.0,regressor_model_1.pkl
FE3DCITR,0,0.0,regressor_model_1.pkl
TRPS1_copy1,0,0.0,regressor_model_1.pkl
AKGDH,1,0.013951816900511728,regressor_model_1.pkl
IDPh_1,0,0.0,regressor_model_1.pkl
DLYSOXGAT,0,0.0,regressor_model_1.pkl
NDP8,0,0.0,regressor_model_1.pkl
TALA,0,0.0,regressor_model_1.pkl
URO_c,0,0.0,regressor_model_1.pkl
PGI,1,0.0,regressor_model_1.pkl
ICL,1,0.06293161733791448,regressor_model_1.pkl
PSCVT_copy1,0,0.0,regressor_model_1.pkl
PGK,0,0.0,regressor_model_1.pkl
HDH,1,0.005391670537408834,regressor_model_1.pkl
ALDD1,0,0.0,regressor_model_1.pkl
FE3DCITCH,1,0.0,regressor_model_1.pkl
AGPOP,0,0.0,regressor_model_1.pkl
PRAIi_copy2,0,0.03329740768673628,regressor_model_1.pkl
CBMKr,0,0.0,regressor_model_1.pkl
1PPDCRc,0,0.0,regressor_model_1.pkl
GAPDi_nadp,0,0.0,regressor_model_1.pkl
FE3PYOVDL,0,0.0,regressor_model_1.pkl
PGM,0,0.0,regressor_model_1.pkl
PMANM,0,0.0,regressor_model_1.pkl
ILETA,0,0.0,regressor_model_1.pkl
LEUTA,0,0.0,regressor_model_1.pkl
R15BPK,0,0.0,regressor_model_1.pkl
LYSRC,0,0.0,regressor_model_1.pkl
OXOADLR,0,0.0,regressor_model_1.pkl
TRPS3,0,0.0,regressor_model_1.pkl
H2CO3D,0,0.0,regressor_model_1.pkl
SERAT_copy2,0,0.0,regressor_model_1.pkl
HSK,0,0.0,regressor_model_1.pkl
PPNDH,0,0.0,regressor_model_1.pkl
PSCVT_copy2,0,0.0,regressor_model_1.pkl
G5SD_copy2,0,0.0,regressor_model_1.pkl
ADK1,0,0.0,regressor_model_1.pkl
NTD4,0,0.0,regressor_model_1.pkl
PHETHPTOX3,1,0.0,regressor_model_1.pkl
ALATA_L,0,0.0,regressor_model_1.pkl
MEPCT_1,0,0.0,regressor_model_1.pkl
PDH,0,0.0,regressor_model_1.pkl
MALS,1,0.0023416886740135322,regressor_model_1.pkl
ANHMK,0,0.0,regressor_model_1.pkl
RECOAH7,0,0.0,regressor_model_1.pkl
GLUDxi,0,0.0,regressor_model_1.pkl
TRPS1_copy2,0,0.0,regressor_model_1.pkl
ALLTN,0,0.0,regressor_model_1.pkl
NDPK5,1,0.0,regressor_model_1.pkl
HISTD,0,0.0,regressor_model_1.pkl
ME2,0,0.0,regressor_model_1.pkl
GLXCL,0,0.0,regressor_model_1.pkl
PRPPS,0,0.0,regressor_model_1.pkl
URIH,0,0.0008717647180214802,regressor_model_1.pkl
PPCK,0,0.0,regressor_model_1.pkl
ALAR,0,0.0,regressor_model_1.pkl
HPYRI,0,0.0,regressor_model_1.pkl
PRAIi_copy1,0,0.0,regressor_model_1.pkl
CSPMDDH,0,0.0,regressor_model_1.pkl
MAN1PT2,1,0.002660935282367835,regressor_model_1.pkl
HCO3E,0,0.0027271493109796707,regressor_model_1.pkl
DHAD1_copy1,0,0.0,regressor_model_1.pkl
APPAT,0,0.0,regressor_model_1.pkl
ADPT,0,0.0,regressor_model_1.pkl
PRASCSi_copy2,0,0.0,regressor_model_1.pkl
CBPS,0,0.0,regressor_model_1.pkl
FRDO7r,0,0.0,regressor_model_1.pkl
TRSARr,0,0.0,regressor_model_1.pkl
G5SD_copy1,0,0.0,regressor_model_1.pkl
GLNS_copy2,0,0.0,regressor_model_1.pkl
FRDO6r,0,0.0,regressor_model_1.pkl
MDH,0,0.0,regressor_model_1.pkl
PPM,0,0.0,regressor_model_1.pkl
PTRCTA2,1,0.0,regressor_model_1.pkl
DMALRED,0,0.0,regressor_model_1.pkl
G3PD2,0,0.0,regressor_model_1.pkl
DLYSPYRAT,1,0.0,regressor_model_1.pkl
DHSKDH,0,0.0,regressor_model_1.pkl
VALDHr,0,0.002148728396947453,regressor_model_1.pkl
MEPCT,0,0.0,regressor_model_1.pkl
LSERDHr,0,0.0,regressor_model_1.pkl
G6PDH2r,1,0.0,regressor_model_1.pkl
DHQTi_copy1,0,0.0,regressor_model_1.pkl
DHQTi_copy2,0,0.0,regressor_model_1.pkl
HPYRRx,0,0.0,regressor_model_1.pkl
GLUDy,0,0.0,regressor_model_1.pkl
LTDCL,0,0.01956987155425076,regressor_model_1.pkl
H2CO3D2,0,0.0,regressor_model_1.pkl
GAPD,0,0.0,regressor_model_1.pkl
SSALy,0,0.024110060418856074,regressor_model_1.pkl
GLYCTO1,0,0.0,regressor_model_1.pkl
ACS,0,0.0,regressor_model_1.pkl
PDHa,1,0.0,regressor_model_1.pkl
HEPCT,0,0.0,regressor_model_1.pkl
SERAT_copy1,0,0.0,regressor_model_1.pkl
VALTA,0,0.0,regressor_model_1.pkl
SUCOAS,0,0.0,regressor_model_1.pkl
FRDO4r,0,0.0,regressor_model_1.pkl
GLNS_copy1,1,0.004248990663399604,regressor_model_1.pkl
ILEDHr_1,0,0.0,regressor_model_1.pkl
ENO,0,0.0,regressor_model_1.pkl
RBK,0,0.0,regressor_model_1.pkl
ALATRS,0,0.0,regressor_model_1.pkl
PTPATi,0,0.0,regressor_model_1.pkl
FDH,0,0.0,regressor_model_1.pkl
NDPK3,0,0.0,regressor_model_1.pkl
DHAD1_copy2,0,0.0,regressor_model_1.pkl
PHETA1,0,0.0,regressor_model_1.pkl
FALDM,0,0.0,regressor_model_1.pkl
PPND,0,0.0,regressor_model_1.pkl
PPK,0,0.0,regressor_model_1.pkl
PPA,0,0.0,regressor_model_1.pkl
PRASCSi_copy1,0,0.0,regressor_model_1.pkl
AROH,0,0.0,regressor_model_1.pkl
GLUSy,0,0.0,regressor_model_1.pkl
GLYALDDr,0,0.0,regressor_model_1.pkl
LLEUDr,0,0.0,regressor_model_1.pkl
AGMDA,0,0.0,regressor_model_1.pkl
GLYCK,1,0.002807431792157722,regressor_model_1.pkl
FE3DCITR,0,0.0,regressor_model_1.pkl
TRPS1_copy1,0,0.0,regressor_model_1.pkl
AKGDH,1,0.015203310553361934,regressor_model_1.pkl
IDPh_1,0,0.0009436233043794384,regressor_model_1.pkl
DLYSOXGAT,0,0.0,regressor_model_1.pkl
NDP8,0,0.0,regressor_model_1.pkl
TALA,0,0.0,regressor_model_1.pkl
URO_c,0,0.0,regressor_model_1.pkl
PGI,0,0.0,regressor_model_1.pkl
ICL,1,0.05323425890948229,regressor_model_1.pkl
PSCVT_copy1,0,0.0,regressor_model_1.pkl
PGK,0,0.0,regressor_model_1.pkl
HDH,1,0.004833059865454764,regressor_model_1.pkl
ALDD1,0,0.0,regressor_model_1.pkl
FE3DCITCH,1,0.0,regressor_model_1.pkl
AGPOP,0,0.0,regressor_model_1.pkl
PRAIi_copy2,0,0.031762884187118076,regressor_model_1.pkl
CBMKr,0,0.0,regressor_model_1.pkl
1PPDCRc,0,0.0,regressor_model_1.pkl
GAPDi_nadp,0,0.0,regressor_model_1.pkl
FE3PYOVDL,0,0.0,regressor_model_1.pkl
PGM,0,0.0,regressor_model_1.pkl
PMANM,0,0.0008810539274671378,regressor_model_1.pkl
ILETA,0,0.0,regressor_model_1.pkl
LEUTA,0,0.0,regressor_model_1.pkl
R15BPK,0,0.0,regressor_model_1.pkl
LYSRC,0,0.0,regressor_model_1.pkl
OXOADLR,1,0.0,regressor_model_1.pkl
TRPS3,0,0.0,regressor_model_1.pkl
H2CO3D,0,0.0,regressor_model_1.pkl
SERAT_copy2,0,0.0,regressor_model_1.pkl
HSK,0,0.0,regressor_model_1.pkl
PPNDH,0,0.0,regressor_model_1.pkl
PSCVT_copy2,0,0.0,regressor_model_1.pkl
G5SD_copy2,0,0.0,regressor_model_1.pkl
ADK1,0,0.0,regressor_model_1.pkl
NTD4,0,0.0,regressor_model_1.pkl
PHETHPTOX3,1,0.0,regressor_model_1.pkl
ALATA_L,0,0.0,regressor_model_1.pkl
MEPCT_1,0,0.0,regressor_model_1.pkl
PDH,0,0.0,regressor_model_1.pkl
MALS,1,0.0007692520879765723,regressor_model_1.pkl
ANHMK,0,0.0019093069319068702,regressor_model_1.pkl
RECOAH7,0,0.0,regressor_model_1.pkl
GLUDxi,0,0.0,regressor_model_1.pkl
TRPS1_copy2,0,0.0,regressor_model_1.pkl
ALLTN,0,0.0,regressor_model_1.pkl
NDPK5,0,0.0,regressor_model_1.pkl
HISTD,0,0.0,regressor_model_1.pkl
ME2,0,0.0,regressor_model_1.pkl
GLXCL,0,0.0,regressor_model_1.pkl
PRPPS,0,0.0,regressor_model_1.pkl
URIH,0,0.0,regressor_model_1.pkl
PPCK,0,0.0,regressor_model_1.pkl
ALAR,0,0.0,regressor_model_1.pkl
HPYRI,0,0.0,regressor_model_1.pkl
PRAIi_copy1,0,0.0,regressor_model_1.pkl
CSPMDDH,0,0.0,regressor_model_1.pkl
MAN1PT2,1,0.0028103001363841973,regressor_model_1.pkl
HCO3E,0,0.0,regressor_model_1.pkl
DHAD1_copy1,0,0.0,regressor_model_1.pkl
APPAT,0,0.0,regressor_model_1.pkl
ADPT,0,0.0,regressor_model_1.pkl
PRASCSi_copy2,0,0.0,regressor_model_1.pkl
CBPS,0,0.0,regressor_model_1.pkl
FRDO7r,0,0.0,regressor_model_1.pkl
TRSARr,0,0.0,regressor_model_1.pkl
G5SD_copy1,0,0.0,regressor_model_1.pkl
GLNS_copy2,0,0.0,regressor_model_1.pkl
FRDO6r,0,0.0,regressor_model_1.pkl
MDH,0,0.0,regressor_model_1.pkl
PPM,0,0.0,regressor_model_1.pkl
PTRCTA2,1,0.003935796482255303,regressor_model_1.pkl
DMALRED,0,0.0,regressor_model_1.pkl
G3PD2,0,0.0,regressor_model_1.pkl
DLYSPYRAT,0,0.0048965408131897165,regressor_model_1.pkl
DHSKDH,0,0.0,regressor_model_1.pkl
VALDHr,1,0.0016118436508683028,regressor_model_1.pkl
MEPCT,0,0.0,regressor_model_1.pkl
LSERDHr,0,0.0003573568715021902,regressor_model_1.pkl
G6PDH2r,0,0.0,regressor_model_1.pkl
DHQTi_copy1,0,0.0,regressor_model_1.pkl
DHQTi_copy2,0,0.0,regressor_model_1.pkl
HPYRRx,0,0.0,regressor_model_1.pkl
GLUDy,0,0.0,regressor_model_1.pkl
LTDCL,1,0.01021548184428923,regressor_model_1.pkl
H2CO3D2,0,0.0,regressor_model_1.pkl
GAPD,0,0.0,regressor_model_1.pkl
SSALy,0,0.029266089233603347,regressor_model_1.pkl
GLYCTO1,0,0.0006288521523343453,regressor_model_1.pkl
ACS,0,0.0,regressor_model_1.pkl
PDHa,1,0.004589508221963,regressor_model_1.pkl
HEPCT,0,0.0,regressor_model_1.pkl
SERAT_copy1,0,0.0,regressor_model_1.pkl
VALTA,0,0.0,regressor_model_1.pkl
SUCOAS,0,0.0,regressor_model_1.pkl
FRDO4r,0,0.0,regressor_model_1.pkl
GLNS_copy1,1,0.0027190054091497354,regressor_model_1.pkl
ILEDHr_1,0,0.0,regressor_model_1.pkl
ENO,0,0.0,regressor_model_1.pkl
RBK,0,0.0,regressor_model_1.pkl
ALATRS,0,0.0005790951903587144,regressor_model_1.pkl
PTPATi,0,0.0,regressor_model_1.pkl
FDH,0,0.0,regressor_model_1.pkl
NDPK3,0,0.0,regressor_model_1.pkl
DHAD1_copy2,0,0.0,regressor_model_1.pkl
PHETA1,0,0.0,regressor_model_1.pkl
FALDM,0,0.0,regressor_model_1.pkl
PPND,0,0.0,regressor_model_1.pkl
PPK,0,0.0,regressor_model_1.pkl
PPA,0,0.0,regressor_model_1.pkl
PRASCSi_copy1,0,0.0,regressor_model_1.pkl
AROH,1,0.0,regressor_model_1.pkl
GLUSy,0,0.0,regressor_model_1.pkl
GLYALDDr,0,0.0,regressor_model_1.pkl
LLEUDr,1,0.0,regressor_model_1.pkl
AGMDA,0,0.0,regressor_model_1.pkl
GLYCK,0,0.0,regressor_model_1.pkl
FE3DCITR,0,0.0,regressor_model_1.pkl
TRPS1_copy1,0,0.0008094986655791947,regressor_model_1.pkl
AKGDH,1,0.009691118491897483,regressor_model_1.pkl
IDPh_1,0,0.0005365458499171111,regressor_model_1.pkl
DLYSOXGAT,0,0.0,regressor_model_1.pkl
NDP8,0,0.0,regressor_model_1.pkl
TALA,0,0.0,regressor_model_1.pkl
URO_c,0,0.0,regressor_model_1.pkl
PGI,1,0.0,regressor_model_1.pkl
ICL,1,0.05393536302279308,regressor_model_1.pkl
PSCVT_copy1,0,0.0,regressor_model_1.pkl
PGK,0,0.0,regressor_model_1.pkl
HDH,1,0.0,regressor_model_1.pkl
ALDD1,0,0.0,regressor_model_1.pkl
FE3DCITCH,1,0.0,regressor_model_1.pkl
AGPOP,0,0.0,regressor_model_1.pkl
PRAIi_copy2,1,0.0,regressor_model_1.pkl
CBMKr,0,0.0,regressor_model_1.pkl
1PPDCRc,1,0.0,regressor_model_1.pkl
GAPDi_nadp,0,0.0010472455408222447,regressor_model_1.pkl
FE3PYOVDL,0,0.0,regressor_model_1.pkl
PGM,0,0.0,regressor_model_1.pkl
PMANM,0,0.0,regressor_model_1.pkl
ILETA,0,0.0,regressor_model_1.pkl
LEUTA,0,0.0,regressor_model_1.pkl
R15BPK,0,0.0,regressor_model_1.pkl
LYSRC,0,0.0,regressor_model_1.pkl
OXOADLR,1,0.0,regressor_model_1.pkl
TRPS3,0,0.0,regressor_model_1.pkl
H2CO3D,0,0.0,regressor_model_1.pkl
SERAT_copy2,0,0.0,regressor_model_1.pkl
HSK,0,0.0,regressor_model_1.pkl
PPNDH,0,0.0011004057815436564,regressor_model_1.pkl
PSCVT_copy2,0,0.0,regressor_model_1.pkl
G5SD_copy2,0,0.0,regressor_model_1.pkl
ADK1,0,0.0,regressor_model_1.pkl
NTD4,1,0.0,regressor_model_1.pkl
PHETHPTOX3,1,0.012717461846302713,regressor_model_1.pkl
ALATA_L,0,0.0,regressor_model_1.pkl
MEPCT_1,0,0.0,regressor_model_1.pkl
PDH,0,0.0,regressor_model_1.pkl
MALS,1,0.0013002235133353734,regressor_model_1.pkl
ANHMK,0,0.0,regressor_model_1.pkl
RECOAH7,0,0.0,regressor_model_1.pkl
GLUDxi,0,0.0,regressor_model_1.pkl
TRPS1_copy2,0,0.0,regressor_model_1.pkl
ALLTN,0,0.0,regressor_model_1.pkl
NDPK5,1,0.0,regressor_model_1.pkl
HISTD,0,0.0001631211436826452,regressor_model_1.pkl
ME2,0,0.0,regressor_model_1.pkl
GLXCL,0,0.0,regressor_model_1.pkl
PRPPS,0,0.0,regressor_model_1.pkl
URIH,1,0.0,regressor_model_1.pkl
PPCK,0,0.0,regressor_model_1.pkl
ALAR,0,0.0,regressor_model_1.pkl
HPYRI,0,0.0,regressor_model_1.pkl
PRAIi_copy1,0,0.0,regressor_model_1.pkl
CSPMDDH,0,0.0,regressor_model_1.pkl
MAN1PT2,0,0.0011470416507415185,regressor_model_1.pkl
HCO3E,0,0.0,regressor_model_1.pkl
DHAD1_copy1,0,0.0,regressor_model_1.pkl
APPAT,0,0.0,regressor_model_1.pkl
ADPT,0,0.0,regressor_model_1.pkl
PRASCSi_copy2,0,0.0,regressor_model_1.pkl
CBPS,0,0.0,regressor_model_1.pkl
FRDO7r,0,0.0,regressor_model_1.pkl
TRSARr,0,0.000977865153891263,regressor_model_1.pkl
G5SD_copy1,0,0.0003171751007960688,regressor_model_1.pkl
GLNS_copy2,0,0.0,regressor_model_1.pkl
FRDO6r,0,0.0,regressor_model_1.pkl
MDH,0,0.0,regressor_model_1.pkl
PPM,1,0.0,regressor_model_1.pkl
PTRCTA2,1,0.004967014343471145,regressor_model_1.pkl
DMALRED,0,0.0,regressor_model_1.pkl
G3PD2,0,0.0,regressor_model_1.pkl
DLYSPYRAT,1,0.004952370089193937,regressor_model_1.pkl
DHSKDH,0,0.0,regressor_model_1.pkl
VALDHr,1,0.0,regressor_model_1.pkl
MEPCT,0,0.0,regressor_model_1.pkl
LSERDHr,0,0.0,regressor_model_1.pkl
G6PDH2r,0,0.0,regressor_model_1.pkl
DHQTi_copy1,0,0.0,regressor_model_1.pkl
DHQTi_copy2,0,0.0,regressor_model_1.pkl
HPYRRx,0,0.0,regressor_model_1.pkl
GLUDy,0,0.0,regressor_model_1.pkl
LTDCL,0,0.0008934856880132104,regressor_model_1.pkl
H2CO3D2,0,0.0,regressor_model_1.pkl
GAPD,0,0.0,regressor_model_1.pkl
SSALy,0,0.0,regressor_model_1.pkl
GLYCTO1,0,0.0,regressor_model_1.pkl
ACS,0,0.0,regressor_model_1.pkl
PDHa,1,0.008088781691185425,regressor_model_1.pkl
HEPCT,0,0.0,regressor_model_1.pkl
SERAT_copy1,0,0.0,regressor_model_1.pkl
VALTA,0,0.0,regressor_model_1.pkl
SUCOAS,0,0.0,regressor_model_1.pkl
FRDO4r,0,0.0,regressor_model_1.pkl
GLNS_copy1,1,0.0,regressor_model_1.pkl
ILEDHr_1,0,0.0,regressor_model_1.pkl
ENO,0,0.0,regressor_model_1.pkl
RBK,0,0.0,regressor_model_1.pkl
ALATRS,0,0.0,regressor_model_1.pkl
PTPATi,0,0.0,regressor_model_1.pkl
FDH,0,0.0,regressor_model_1.pkl
NDPK3,0,0.0,regressor_model_1.pkl
DHAD1_copy2,0,0.0,regressor_model_1.pkl
PHETA1,0,0.0,regressor_model_1.pkl
FALDM,0,0.0,regressor_model_1.pkl
PPND,0,0.0,regressor_model_1.pkl
PPK,0,0.0,regressor_model_1.pkl
PPA,0,0.0,regressor_model_1.pkl
PRASCSi_copy1,0,0.0,regressor_model_1.pkl
AROH,0,0.0,regressor_model_1.pkl
GLUSy,0,0.0,regressor_model_1.pkl
GLYALDDr,0,0.0,regressor_model_1.pkl
LLEUDr,0,0.0,regressor_model_1.pkl
AGMDA,0,0.0,regressor_model_1.pkl
GLYCK,0,0.0,regressor_model_1.pkl
FE3DCITR,0,0.0,regressor_model_1.pkl
TRPS1_copy1,0,0.0,regressor_model_1.pkl
AKGDH,1,0.018629230308560344,regressor_model_1.pkl
IDPh_1,0,0.0,regressor_model_1.pkl
DLYSOXGAT,0,0.0,regressor_model_1.pkl
NDP8,0,0.0,regressor_model_1.pkl
TALA,0,0.0,regressor_model_1.pkl
URO_c,0,0.0,regressor_model_1.pkl
PGI,1,0.0,regressor_model_1.pkl
ICL,1,0.04741250553908369,regressor_model_1.pkl
PSCVT_copy1,0,0.0,regressor_model_1.pkl
PGK,0,0.0,regressor_model_1.pkl
HDH,1,0.00452617043725364,regressor_model_1.pkl
ALDD1,0,0.0,regressor_model_1.pkl
FE3DCITCH,1,0.0007224831809046875,regressor_model_1.pkl
AGPOP,0,0.0,regressor_model_1.pkl
PRAIi_copy2,1,0.03743421708902952,regressor_model_1.pkl
CBMKr,0,0.0,regressor_model_1.pkl
1PPDCRc,0,0.0,regressor_model_1.pkl
GAPDi_nadp,0,0.0,regressor_model_1.pkl
FE3PYOVDL,0,0.0,regressor_model_1.pkl
PGM,0,0.0,regressor_model_1.pkl
PMANM,0,0.0,regressor_model_1.pkl
ILETA,0,0.0,regressor_model_1.pkl
LEUTA,1,0.0,regressor_model_1.pkl
R15BPK,0,0.0,regressor_model_1.pkl
LYSRC,0,0.0,regressor_model_1.pkl
OXOADLR,1,0.0,regressor_model_1.pkl
TRPS3,0,0.0,regressor_model_1.pkl
H2CO3D,0,0.0,regressor_model_1.pkl
SERAT_copy2,0,0.0,regressor_model_1.pkl
HSK,0,0.0,regressor_model_1.pkl
PPNDH,0,0.0,regressor_model_1.pkl
PSCVT_copy2,0,0.0,regressor_model_1.pkl
G5SD_copy2,0,0.0,regressor_model_1.pkl
ADK1,0,0.0,regressor_model_1.pkl
NTD4,0,0.0,regressor_model_1.pkl
PHETHPTOX3,1,0.0,regressor_model_1.pkl
ALATA_L,0,0.0,regressor_model_1.pkl
MEPCT_1,0,0.0,regressor_model_1.pkl
PDH,0,0.0,regressor_model_1.pkl
MALS,0,0.0,regressor_model_1.pkl
ANHMK,0,0.0008857235595238215,regressor_model_1.pkl
RECOAH7,0,0.0,regressor_model_1.pkl
GLUDxi,0,0.0,regressor_model_1.pkl
TRPS1_copy2,0,0.0,regressor_model_1.pkl
ALLTN,0,0.0,regressor_model_1.pkl
NDPK5,1,0.0006011665805113753,regressor_model_1.pkl
HISTD,0,0.0,regressor_model_1.pkl
ME2,0,0.0,regressor_model_1.pkl
GLXCL,0,0.0,regressor_model_1.pkl
PRPPS,0,0.0,regressor_model_1.pkl
URIH,0,0.0,regressor_model_1.pkl
PPCK,0,0.0,regressor_model_1.pkl
ALAR,0,0.0,regressor_model_1.pkl
HPYRI,0,0.0,regressor_model_1.pkl
PRAIi_copy1,0,0.0,regressor_model_1.pkl
CSPMDDH,0,0.0,regressor_model_1.pkl
MAN1PT2,1,0.0,regressor_model_1.pkl
HCO3E,0,0.0,regressor_model_1.pkl
DHAD1_copy1,0,0.0,regressor_model_1.pkl
APPAT,0,0.0,regressor_model_1.pkl
ADPT,0,0.0,regressor_model_1.pkl
PRASCSi_copy2,0,0.0,regressor_model_1.pkl
CBPS,0,0.0,regressor_model_1.pkl
FRDO7r,0,0.0,regressor_model_1.pkl
TRSARr,0,0.0,regressor_model_1.pkl
G5SD_copy1,0,0.0,regressor_model_1.pkl
GLNS_copy2,0,0.0,regressor_model_1.pkl
FRDO6r,0,0.0,regressor_model_1.pkl
MDH,0,0.0,regressor_model_1.pkl
PPM,0,0.0,regressor_model_1.pkl
PTRCTA2,1,0.006955856185843472,regressor_model_1.pkl
DMALRED,0,0.0,regressor_model_1.pkl
G3PD2,0,0.0,regressor_model_1.pkl
DLYSPYRAT,1,0.0,regressor_model_1.pkl
DHSKDH,0,0.0,regressor_model_1.pkl
VALDHr,1,0.0007356245837144804,regressor_model_1.pkl
MEPCT,0,0.0,regressor_model_1.pkl
LSERDHr,0,0.0,regressor_model_1.pkl
G6PDH2r,0,0.0,regressor_model_1.pkl
DHQTi_copy1,0,0.0,regressor_model_1.pkl
DHQTi_copy2,0,0.0,regressor_model_1.pkl
HPYRRx,0,0.0,regressor_model_1.pkl
GLUDy,0,0.0,regressor_model_1.pkl
LTDCL,0,0.0,regressor_model_1.pkl
H2CO3D2,0,0.0,regressor_model_1.pkl
GAPD,0,0.0,regressor_model_1.pkl
SSALy,0,0.0,regressor_model_1.pkl
GLYCTO1,0,0.0,regressor_model_1.pkl
ACS,0,0.0,regressor_model_1.pkl
PDHa,1,0.004814505902006894,regressor_model_1.pkl
HEPCT,0,0.0,regressor_model_1.pkl
SERAT_copy1,0,0.0,regressor_model_1.pkl
VALTA,0,0.0,regressor_model_1.pkl
SUCOAS,0,0.0,regressor_model_1.pkl
FRDO4r,0,0.0,regressor_model_1.pkl
GLNS_copy1,1,0.0012456697089694962,regressor_model_1.pkl
ILEDHr_1,1,0.0,regressor_model_1.pkl
ENO,0,0.0,regressor_model_1.pkl
RBK,0,0.0,regressor_model_1.pkl
ALATRS,0,0.0,regressor_model_1.pkl
PTPATi,0,0.0,regressor_model_1.pkl
FDH,0,0.0,regressor_model_1.pkl
NDPK3,0,0.0,regressor_model_1.pkl
DHAD1_copy2,0,0.0,regressor_model_1.pkl
PHETA1,0,0.0,regressor_model_1.pkl
FALDM,0,0.0,regressor_model_1.pkl
PPND,0,0.0,regressor_model_1.pkl
PPK,0,0.0,regressor_model_1.pkl
PPA,0,0.0,regressor_model_1.pkl
PRASCSi_copy1,0,0.0,regressor_model_1.pkl
AROH,0,0.0,regressor_model_1.pkl
GLUSy,0,0.0,regressor_model_1.pkl
GLYALDDr,0,0.0,regressor_model_1.pkl
LLEUDr,1,0.0,regressor_model_1.pkl
AGMDA,0,0.0,regressor_model_1.pkl
GLYCK,0,0.0,regressor_model_1.pkl
FE3DCITR,0,0.0,regressor_model_1.pkl
TRPS1_copy1,0,0.0,regressor_model_1.pkl
AKGDH,1,0.019029563013467386,regressor_model_1.pkl
IDPh_1,0,0.0,regressor_model_1.pkl
DLYSOXGAT,0,0.0,regressor_model_1.pkl
NDP8,0,0.0,regressor_model_1.pkl
TALA,0,0.0,regressor_model_1.pkl
URO_c,0,0.0,regressor_model_1.pkl
PGI,1,0.0,regressor_model_1.pkl
ICL,1,0.05967761072175216,regressor_model_1.pkl
PSCVT_copy1,0,0.0,regressor_model_1.pkl
PGK,0,0.0,regressor_model_1.pkl
HDH,1,0.0,regressor_model_1.pkl
ALDD1,0,0.0,regressor_model_1.pkl
FE3DCITCH,1,0.0,regressor_model_1.pkl
AGPOP,0,0.0,regressor_model_1.pkl
PRAIi_copy2,1,0.029393154734142272,regressor_model_1.pkl
CBMKr,0,0.0,regressor_model_1.pkl
1PPDCRc,0,0.0,regressor_model_1.pkl
GAPDi_nadp,0,0.0,regressor_model_1.pkl
FE3PYOVDL,0,0.0,regressor_model_1.pkl
PGM,0,0.0,regressor_model_1.pkl
PMANM,0,0.0,regressor_model_1.pkl
ILETA,0,0.0,regressor_model_1.pkl
LEUTA,0,0.0,regressor_model_1.pkl
R15BPK,0,0.0,regressor_model_1.pkl
LYSRC,0,0.0,regressor_model_1.pkl
OXOADLR,1,0.0,regressor_model_1.pkl
TRPS3,0,0.0,regressor_model_1.pkl
H2CO3D,0,0.0,regressor_model_1.pkl
SERAT_copy2,0,0.0,regressor_model_1.pkl
HSK,0,0.0,regressor_model_1.pkl
PPNDH,1,0.0,regressor_model_1.pkl
PSCVT_copy2,0,0.0,regressor_model_1.pkl
G5SD_copy2,0,0.0,regressor_model_1.pkl
ADK1,0,0.0,regressor_model_1.pkl
NTD4,0,0.0,regressor_model_1.pkl
PHETHPTOX3,1,0.013363549178667247,regressor_model_1.pkl
ALATA_L,0,0.0,regressor_model_1.pkl
MEPCT_1,0,0.0,regressor_model_1.pkl
PDH,0,0.0,regressor_model_1.pkl
MALS,0,0.0,regressor_model_1.pkl
ANHMK,0,0.0,regressor_model_1.pkl
RECOAH7,0,0.0,regressor_model_1.pkl
GLUDxi,0,0.0,regressor_model_1.pkl
TRPS1_copy2,0,0.0,regressor_model_1.pkl
ALLTN,0,0.0,regressor_model_1.pkl
NDPK5,0,0.0,regressor_model_1.pkl
HISTD,0,0.0,regressor_model_1.pkl
ME2,0,0.0,regressor_model_1.pkl
GLXCL,0,0.0,regressor_model_1.pkl
PRPPS,0,0.0,regressor_model_1.pkl
URIH,0,0.0004405252772720901,regressor_model_1.pkl
PPCK,0,0.0008858479785733286,regressor_model_1.pkl
ALAR,0,0.0,regressor_model_1.pkl
HPYRI,0,0.0,regressor_model_1.pkl
PRAIi_copy1,0,0.0,regressor_model_1.pkl
CSPMDDH,0,0.0,regressor_model_1.pkl
MAN1PT2,0,0.0,regressor_model_1.pkl
HCO3E,0,0.0,regressor_model_1.pkl
DHAD1_copy1,0,0.0,regressor_model_1.pkl
APPAT,0,0.0,regressor_model_1.pkl
ADPT,0,0.0,regressor_model_1.pkl
PRASCSi_copy2,0,0.0,regressor_model_1.pkl
CBPS,0,0.0,regressor_model_1.pkl
FRDO7r,0,0.0,regressor_model_1.pkl
TRSARr,0,0.0,regressor_model_1.pkl
G5SD_copy1,0,0.0,regressor_model_1.pkl
GLNS_copy2,0,0.0,regressor_model_1.pkl
FRDO6r,0,0.0,regressor_model_1.pkl
MDH,0,0.0,regressor_model_1.pkl
PPM,0,0.0,regressor_model_1.pkl
PTRCTA2,1,0.0071693275356797675,regressor_model_1.pkl
DMALRED,0,0.0,regressor_model_1.pkl
G3PD2,0,0.0,regressor_model_1.pkl
DLYSPYRAT,1,0.0,regressor_model_1.pkl
DHSKDH,0,0.0,regressor_model_1.pkl
VALDHr,1,0.0010479713734557953,regressor_model_1.pkl
MEPCT,0,0.0,regressor_model_1.pkl
LSERDHr,0,0.0,regressor_model_1.pkl
G6PDH2r,0,0.0,regressor_model_1.pkl
DHQTi_copy1,0,0.0,regressor_model_1.pkl
DHQTi_copy2,0,0.0,regressor_model_1.pkl
HPYRRx,0,0.0,regressor_model_1.pkl
GLUDy,0,0.0,regressor_model_1.pkl
LTDCL,0,0.0,regressor_model_1.pkl
H2CO3D2,0,0.0,regressor_model_1.pkl
GAPD,0,0.0,regressor_model_1.pkl
SSALy,0,0.004245057952308728,regressor_model_1.pkl
GLYCTO1,0,0.0,regressor_model_1.pkl
ACS,0,0.0,regressor_model_1.pkl
PDHa,1,0.004110256782641844,regressor_model_1.pkl
HEPCT,0,0.0,regressor_model_1.pkl
SERAT_copy1,0,0.0,regressor_model_1.pkl
VALTA,0,0.0,regressor_model_1.pkl
SUCOAS,0,0.0,regressor_model_1.pkl
FRDO4r,0,0.0,regressor_model_1.pkl
GLNS_copy1,1,0.0,regressor_model_1.pkl
ILEDHr_1,0,0.0,regressor_model_1.pkl
ENO,0,0.0,regressor_model_1.pkl
RBK,0,0.0,regressor_model_1.pkl
ALATRS,0,0.0,regressor_model_1.pkl
PTPATi,0,0.0,regressor_model_1.pkl
FDH,0,0.0,regressor_model_1.pkl
NDPK3,0,0.0,regressor_model_1.pkl
DHAD1_copy2,0,0.0,regressor_model_1.pkl
PHETA1,0,0.0,regressor_model_1.pkl
FALDM,0,0.0,regressor_model_1.pkl
PPND,0,0.0,regressor_model_1.pkl
PPK,0,0.0,regressor_model_1.pkl
PPA,0,0.0,regressor_model_1.pkl
PRASCSi_copy1,0,0.0,regressor_model_1.pkl
AROH,0,0.0,regressor_model_1.pkl
GLUSy,0,0.0,regressor_model_1.pkl
GLYALDDr,0,0.0,regressor_model_1.pkl
LLEUDr,0,0.0,regressor_model_1.pkl
AGMDA,0,0.0,regressor_model_1.pkl
GLYCK,1,0.0,regressor_model_1.pkl
FE3DCITR,0,0.0,regressor_model_1.pkl
TRPS1_copy1,0,0.0,regressor_model_1.pkl
AKGDH,1,0.012574477128674683,regressor_model_1.pkl
IDPh_1,0,0.0,regressor_model_1.pkl
DLYSOXGAT,0,0.0,regressor_model_1.pkl
NDP8,0,0.0,regressor_model_1.pkl
TALA,0,0.0,regressor_model_1.pkl
URO_c,0,0.0,regressor_model_1.pkl
PGI,1,0.0,regressor_model_1.pkl
ICL,1,0.04146231635091631,regressor_model_1.pkl
PSCVT_copy1,0,0.0,regressor_model_1.pkl
PGK,0,0.0,regressor_model_1.pkl
HDH,0,0.0,regressor_model_1.pkl
ALDD1,0,0.0,regressor_model_1.pkl
FE3DCITCH,1,0.0,regressor_model_1.pkl
AGPOP,0,0.0,regressor_model_1.pkl
PRAIi_copy2,1,-0.0025133408046083138,regressor_model_1.pkl
CBMKr,0,0.0,regressor_model_1.pkl
1PPDCRc,0,0.0,regressor_model_1.pkl
GAPDi_nadp,0,0.0,regressor_model_1.pkl
FE3PYOVDL,0,0.0,regressor_model_1.pkl
PGM,0,0.0,regressor_model_1.pkl
PMANM,0,0.0,regressor_model_1.pkl
ILETA,0,0.0,regressor_model_1.pkl
LEUTA,0,0.0,regressor_model_1.pkl
R15BPK,0,0.0,regressor_model_1.pkl
LYSRC,0,0.0,regressor_model_1.pkl
OXOADLR,1,0.0,regressor_model_1.pkl
TRPS3,0,0.0,regressor_model_1.pkl
H2CO3D,0,0.0,regressor_model_1.pkl
SERAT_copy2,0,0.0,regressor_model_1.pkl
HSK,0,-0.004587056344688577,regressor_model_1.pkl
PPNDH,1,0.0,regressor_model_1.pkl
PSCVT_copy2,0,0.0,regressor_model_1.pkl
G5SD_copy2,0,0.0,regressor_model_1.pkl
ADK1,0,0.0,regressor_model_1.pkl
NTD4,0,0.0,regressor_model_1.pkl
PHETHPTOX3,1,0.013649535303967942,regressor_model_1.pkl
ALATA_L,0,0.0,regressor_model_1.pkl
MEPCT_1,0,0.0,regressor_model_1.pkl
PDH,0,0.0,regressor_model_1.pkl
MALS,0,0.0,regressor_model_1.pkl
ANHMK,0,0.0,regressor_model_1.pkl
RECOAH7,0,0.0,regressor_model_1.pkl
GLUDxi,0,0.0,regressor_model_1.pkl
TRPS1_copy2,0,0.0,regressor_model_1.pkl
ALLTN,0,0.0,regressor_model_1.pkl
NDPK5,0,0.0,regressor_model_1.pkl
HISTD,0,0.0,regressor_model_1.pkl
ME2,0,0.0,regressor_model_1.pkl
GLXCL,0,0.0,regressor_model_1.pkl
PRPPS,0,0.0,regressor_model_1.pkl
URIH,0,0.0,regressor_model_1.pkl
PPCK,0,0.0,regressor_model_1.pkl
ALAR,0,0.0,regressor_model_1.pkl
HPYRI,0,0.0,regressor_model_1.pkl
PRAIi_copy1,0,0.0,regressor_model_1.pkl
CSPMDDH,0,0.0,regressor_model_1.pkl
MAN1PT2,1,0.0021051280765233965,regressor_model_1.pkl
HCO3E,0,0.0,regressor_model_1.pkl
DHAD1_copy1,0,0.0,regressor_model_1.pkl
APPAT,0,0.0,regressor_model_1.pkl
ADPT,0,0.0,regressor_model_1.pkl
PRASCSi_copy2,0,0.0,regressor_model_1.pkl
CBPS,0,0.0,regressor_model_1.pkl
FRDO7r,0,0.0,regressor_model_1.pkl
TRSARr,0,0.0,regressor_model_1.pkl
G5SD_copy1,0,0.0,regressor_model_1.pkl
GLNS_copy2,0,0.0,regressor_model_1.pkl
FRDO6r,0,0.0,regressor_model_1.pkl
MDH,0,0.0,regressor_model_1.pkl
PPM,0,0.0,regressor_model_1.pkl
PTRCTA2,0,0.0,regressor_model_1.pkl
DMALRED,0,-0.0034490015254889897,regressor_model_1.pkl
G3PD2,0,0.0,regressor_model_1.pkl
DLYSPYRAT,0,0.005872364207721137,regressor_model_1.pkl
DHSKDH,0,0.0,regressor_model_1.pkl
VALDHr,0,0.0012153224307803858,regressor_model_1.pkl
MEPCT,0,0.0,regressor_model_1.pkl
LSERDHr,0,0.0,regressor_model_1.pkl
G6PDH2r,1,0.0,regressor_model_1.pkl
DHQTi_copy1,0,0.0,regressor_model_1.pkl
DHQTi_copy2,0,0.0,regressor_model_1.pkl
HPYRRx,0,0.0,regressor_model_1.pkl
GLUDy,0,0.0,regressor_model_1.pkl
LTDCL,0,0.006551470099763282,regressor_model_1.pkl
H2CO3D2,0,0.0,regressor_model_1.pkl
GAPD,0,0.0,regressor_model_1.pkl
SSALy,1,0.024034211995478467,regressor_model_1.pkl
GLYCTO1,0,0.0,regressor_model_1.pkl
ACS,0,0.0,regressor_model_1.pkl
PDHa,0,0.003933478687951284,regressor_model_1.pkl
HEPCT,0,0.0,regressor_model_1.pkl
SERAT_copy1,0,0.0,regressor_model_1.pkl
VALTA,0,0.0,regressor_model_1.pkl
SUCOAS,0,0.0,regressor_model_1.pkl
FRDO4r,0,0.0,regressor_model_1.pkl
GLNS_copy1,1,0.0,regressor_model_1.pkl
ILEDHr_1,0,0.0,regressor_model_1.pkl
ENO,0,0.0,regressor_model_1.pkl
RBK,0,0.0,regressor_model_1.pkl
ALATRS,0,0.0,regressor_model_1.pkl
PTPATi,0,0.0,regressor_model_1.pkl
FDH,0,0.0,regressor_model_1.pkl
NDPK3,0,0.0,regressor_model_1.pkl
DHAD1_copy2,0,0.0,regressor_model_1.pkl
PHETA1,0,0.0,regressor_model_1.pkl
FALDM,0,0.0,regressor_model_1.pkl
PPND,0,0.0,regressor_model_1.pkl
PPK,0,0.0,regressor_model_1.pkl
PPA,0,0.0,regressor_model_1.pkl
PRASCSi_copy1,0,0.0,regressor_model_1.pkl
AROH,1,0.0,regressor_model_1.pkl
GLUSy,0,-0.0025099157480448667,regressor_model_1.pkl
GLYALDDr,0,0.0,regressor_model_1.pkl
LLEUDr,0,0.0,regressor_model_1.pkl
AGMDA,0,0.0,regressor_model_1.pkl
GLYCK,0,0.0,regressor_model_1.pkl
FE3DCITR,0,0.0,regressor_model_1.pkl
TRPS1_copy1,0,0.0,regressor_model_1.pkl
AKGDH,1,0.009413663679324882,regressor_model_1.pkl
IDPh_1,0,0.0,regressor_model_1.pkl
DLYSOXGAT,0,0.0,regressor_model_1.pkl
NDP8,0,0.0,regressor_model_1.pkl
TALA,0,0.0,regressor_model_1.pkl
URO_c,0,0.0,regressor_model_1.pkl
PGI,0,0.0,regressor_model_1.pkl
ICL,1,0.02827646359842128,regressor_model_1.pkl
PSCVT_copy1,0,0.0,regressor_model_1.pkl
PGK,0,0.0,regressor_model_1.pkl
HDH,0,0.0,regressor_model_1.pkl
ALDD1,0,0.0,regressor_model_1.pkl
FE3DCITCH,0,0.0,regressor_model_1.pkl
AGPOP,0,0.0,regressor_model_1.pkl
PRAIi_copy2,1,0.0,regressor_model_1.pkl
CBMKr,0,0.0,regressor_model_1.pkl
1PPDCRc,1,0.0,regressor_model_1.pkl
GAPDi_nadp,0,0.0,regressor_model_1.pkl
FE3PYOVDL,0,0.0,regressor_model_1.pkl
PGM,0,0.0,regressor_model_1.pkl
PMANM,0,0.0,regressor_model_1.pkl
ILETA,0,0.0,regressor_model_1.pkl
LEUTA,0,0.0,regressor_model_1.pkl
R15BPK,0,0.0,regressor_model_1.pkl
LYSRC,0,-0.002552108199205233,regressor_model_1.pkl
OXOADLR,0,0.0,regressor_model_1.pkl
TRPS3,0,0.0,regressor_model_1.pkl
H2CO3D,1,0.0,regressor_model_1.pkl
SERAT_copy2,0,0.0,regressor_model_1.pkl
HSK,0,0.0,regressor_model_1.pkl
PPNDH,0,0.0,regressor_model_1.pkl
PSCVT_copy2,0,0.0,regressor_model_1.pkl
G5SD_copy2,0,0.0,regressor_model_1.pkl
ADK1,0,0.0,regressor_model_1.pkl
NTD4,0,0.0,regressor_model_1.pkl
PHETHPTOX3,0,0.0,regressor_model_1.pkl
ALATA_L,0,0.0,regressor_model_1.pkl
MEPCT_1,0,0.0,regressor_model_1.pkl
PDH,0,0.0,regressor_model_1.pkl
MALS,1,0.0,regressor_model_1.pkl
ANHMK,0,0.0,regressor_model_1.pkl
RECOAH7,0,0.0,regressor_model_1.pkl
GLUDxi,0,0.0,regressor_model_1.pkl
TRPS1_copy2,0,0.0,regressor_model_1.pkl
ALLTN,0,0.0,regressor_model_1.pkl
NDPK5,0,0.0,regressor_model_1.pkl
HISTD,0,0.0,regressor_model_1.pkl
ME2,0,0.0,regressor_model_1.pkl
GLXCL,0,0.0,regressor_model_1.pkl
PRPPS,0,0.0,regressor_model_1.pkl
URIH,0,0.0,regressor_model_1.pkl
PPCK,0,0.0,regressor_model_1.pkl
ALAR,0,0.0,regressor_model_1.pkl
HPYRI,0,0.0,regressor_model_1.pkl
PRAIi_copy1,0,0.0,regressor_model_1.pkl
CSPMDDH,0,0.0,regressor_model_1.pkl
MAN1PT2,0,0.0,regressor_model_1.pkl
HCO3E,0,0.0,regressor_model_1.pkl
DHAD1_copy1,0,0.0,regressor_model_1.pkl
APPAT,0,0.0,regressor_model_1.pkl
ADPT,0,0.0,regressor_model_1.pkl
PRASCSi_copy2,0,0.0,regressor_model_1.pkl
CBPS,0,0.0,regressor_model_1.pkl
FRDO7r,0,0.0,regressor_model_1.pkl
TRSARr,0,0.0,regressor_model_1.pkl
G5SD_copy1,0,0.0,regressor_model_1.pkl
GLNS_copy2,0,0.0,regressor_model_1.pkl
FRDO6r,0,0.0,regressor_model_1.pkl
MDH,0,0.0,regressor_model_1.pkl
PPM,0,0.0,regressor_model_1.pkl
PTRCTA2,1,0.005230333226589412,regressor_model_1.pkl
DMALRED,0,0.0,regressor_model_1.pkl
G3PD2,0,0.0,regressor_model_1.pkl
DLYSPYRAT,1,0.009182663721981564,regressor_model_1.pkl
DHSKDH,0,0.0,regressor_model_1.pkl
VALDHr,1,0.0,regressor_model_1.pkl
MEPCT,0,0.0,regressor_model_1.pkl
LSERDHr,0,0.0,regressor_model_1.pkl
G6PDH2r,0,0.0,regressor_model_1.pkl
DHQTi_copy1,0,0.0,regressor_model_1.pkl
DHQTi_copy2,0,0.0,regressor_model_1.pkl
HPYRRx,0,0.0,regressor_model_1.pkl
GLUDy,0,0.0,regressor_model_1.pkl
LTDCL,1,0.0,regressor_model_1.pkl
H2CO3D2,0,0.0,regressor_model_1.pkl
GAPD,0,0.0,regressor_model_1.pkl
SSALy,0,0.008469537978775924,regressor_model_1.pkl
GLYCTO1,0,0.0,regressor_model_1.pkl
ACS,0,0.0,regressor_model_1.pkl
PDHa,1,0.0,regressor_model_1.pkl
HEPCT,0,0.0,regressor_model_1.pkl
SERAT_copy1,0,0.0,regressor_model_1.pkl
VALTA,0,0.0,regressor_model_1.pkl
SUCOAS,0,0.0,regressor_model_1.pkl
FRDO4r,0,0.0,regressor_model_1.pkl
GLNS_copy1,1,0.0,regressor_model_1.pkl
ILEDHr_1,0,0.0,regressor_model_1.pkl
ENO,0,0.0,regressor_model_1.pkl
RBK,0,0.0,regressor_model_1.pkl
ALATRS,0,0.0,regressor_model_1.pkl
PTPATi,0,0.0,regressor_model_1.pkl
FDH,0,0.0,regressor_model_1.pkl
NDPK3,0,0.0,regressor_model_1.pkl
DHAD1_copy2,0,0.0,regressor_model_1.pkl
PHETA1,0,0.0,regressor_model_1.pkl
FALDM,0,0.0,regressor_model_1.pkl
PPND,0,0.0,regressor_model_1.pkl
PPK,0,0.0,regressor_model_1.pkl
PPA,0,0.0,regressor_model_1.pkl
PRASCSi_copy1,0,0.0,regressor_model_1.pkl
AROH,0,0.0,regressor_model_1.pkl
GLUSy,0,0.0,regressor_model_1.pkl
GLYALDDr,0,0.0,regressor_model_1.pkl
LLEUDr,0,0.0,regressor_model_1.pkl
AGMDA,0,0.0,regressor_model_1.pkl
GLYCK,0,0.0,regressor_model_1.pkl
FE3DCITR,0,0.0,regressor_model_1.pkl
TRPS1_copy1,0,0.0,regressor_model_1.pkl
AKGDH,1,0.02191272953634428,regressor_model_1.pkl
IDPh_1,0,0.0,regressor_model_1.pkl
DLYSOXGAT,0,0.0,regressor_model_1.pkl
NDP8,0,0.0,regressor_model_1.pkl
TALA,0,0.0,regressor_model_1.pkl
URO_c,0,0.0,regressor_model_1.pkl
PGI,1,0.0,regressor_model_1.pkl
ICL,1,0.04949077875745643,regressor_model_1.pkl
PSCVT_copy1,0,0.0,regressor_model_1.pkl
PGK,0,0.0,regressor_model_1.pkl
HDH,1,0.0051802108208960545,regressor_model_1.pkl
ALDD1,0,0.0,regressor_model_1.pkl
FE3DCITCH,0,0.0,regressor_model_1.pkl
AGPOP,0,0.0,regressor_model_1.pkl
PRAIi_copy2,1,0.03261084070446195,regressor_model_1.pkl
CBMKr,0,0.0,regressor_model_1.pkl
1PPDCRc,0,0.0,regressor_model_1.pkl
GAPDi_nadp,0,0.0,regressor_model_1.pkl
FE3PYOVDL,0,0.0,regressor_model_1.pkl
PGM,0,0.0,regressor_model_1.pkl
PMANM,0,0.0,regressor_model_1.pkl
ILETA,0,0.0,regressor_model_1.pkl
LEUTA,0,0.0,regressor_model_1.pkl
R15BPK,0,0.0,regressor_model_1.pkl
LYSRC,0,0.0,regressor_model_1.pkl
OXOADLR,1,0.0,regressor_model_1.pkl
TRPS3,0,0.0,regressor_model_1.pkl
H2CO3D,0,0.0,regressor_model_1.pkl
SERAT_copy2,0,0.0,regressor_model_1.pkl
HSK,0,0.0,regressor_model_1.pkl
PPNDH,1,0.0,regressor_model_1.pkl
PSCVT_copy2,0,0.0,regressor_model_1.pkl
G5SD_copy2,1,0.0,regressor_model_1.pkl
ADK1,0,0.0,regressor_model_1.pkl
NTD4,1,0.0,regressor_model_1.pkl
PHETHPTOX3,1,0.0,regressor_model_1.pkl
ALATA_L,0,0.0,regressor_model_1.pkl
MEPCT_1,0,0.0,regressor_model_1.pkl
PDH,0,0.0,regressor_model_1.pkl
MALS,1,0.0,regressor_model_1.pkl
ANHMK,0,0.0,regressor_model_1.pkl
RECOAH7,0,0.0,regressor_model_1.pkl
GLUDxi,0,0.0,regressor_model_1.pkl
TRPS1_copy2,0,0.0,regressor_model_1.pkl
ALLTN,0,0.0,regressor_model_1.pkl
NDPK5,0,0.0017444441836520991,regressor_model_1.pkl
HISTD,0,0.0,regressor_model_1.pkl
ME2,0,0.0,regressor_model_1.pkl
GLXCL,0,0.0,regressor_model_1.pkl
PRPPS,0,0.0,regressor_model_1.pkl
URIH,0,0.0,regressor_model_1.pkl
PPCK,0,0.0,regressor_model_1.pkl
ALAR,0,0.0,regressor_model_1.pkl
HPYRI,0,0.0010011552634140997,regressor_model_1.pkl
PRAIi_copy1,0,0.0,regressor_model_1.pkl
CSPMDDH,0,0.0,regressor_model_1.pkl
MAN1PT2,1,0.0,regressor_model_1.pkl
HCO3E,0,0.0,regressor_model_1.pkl
DHAD1_copy1,0,0.0,regressor_model_1.pkl
APPAT,0,0.0,regressor_model_1.pkl
ADPT,0,0.0,regressor_model_1.pkl
PRASCSi_copy2,0,0.0,regressor_model_1.pkl
CBPS,0,0.0,regressor_model_1.pkl
FRDO7r,0,0.0,regressor_model_1.pkl
TRSARr,0,0.0,regressor_model_1.pkl
G5SD_copy1,0,0.0,regressor_model_1.pkl
GLNS_copy2,0,0.0,regressor_model_1.pkl
FRDO6r,0,0.0,regressor_model_1.pkl
MDH,0,0.0,regressor_model_1.pkl
PPM,0,0.0,regressor_model_1.pkl
PTRCTA2,1,0.005289411742559735,regressor_model_1.pkl
DMALRED,0,0.0,regressor_model_1.pkl
G3PD2,0,0.0007657801789971461,regressor_model_1.pkl
DLYSPYRAT,1,0.011360332631793833,regressor_model_1.pkl
DHSKDH,0,0.0,regressor_model_1.pkl
VALDHr,1,0.0,regressor_model_1.pkl
MEPCT,0,0.0,regressor_model_1.pkl
LSERDHr,0,0.0007439541045032068,regressor_model_1.pkl
G6PDH2r,0,0.0,regressor_model_1.pkl
DHQTi_copy1,0,0.0,regressor_model_1.pkl
DHQTi_copy2,0,0.0,regressor_model_1.pkl
HPYRRx,0,0.0,regressor_model_1.pkl
GLUDy,0,0.0,regressor_model_1.pkl
LTDCL,1,0.0,regressor_model_1.pkl
H2CO3D2,0,0.0,regressor_model_1.pkl
GAPD,0,0.0,regressor_model_1.pkl
SSALy,1,0.009909658661931782,regressor_model_1.pkl
GLYCTO1,0,0.0,regressor_model_1.pkl
ACS,0,0.0,regressor_model_1.pkl
PDHa,1,0.008186699489415169,regressor_model_1.pkl
HEPCT,0,0.0,regressor_model_1.pkl
SERAT_copy1,0,0.0,regressor_model_1.pkl
VALTA,0,0.0,regressor_model_1.pkl
SUCOAS,0,0.0,regressor_model_1.pkl
FRDO4r,0,0.0,regressor_model_1.pkl
GLNS_copy1,1,0.000835478453241191,regressor_model_1.pkl
ILEDHr_1,0,0.0,regressor_model_1.pkl
ENO,0,0.0,regressor_model_1.pkl
RBK,0,0.0,regressor_model_1.pkl
ALATRS,0,0.0,regressor_model_1.pkl
PTPATi,0,0.0,regressor_model_1.pkl
FDH,0,0.0,regressor_model_1.pkl
NDPK3,0,0.0,regressor_model_1.pkl
DHAD1_copy2,0,0.0,regressor_model_1.pkl
PHETA1,0,0.0,regressor_model_1.pkl
FALDM,0,0.0,regressor_model_1.pkl
PPND,0,0.0,regressor_model_1.pkl
PPK,0,0.0,regressor_model_1.pkl
PPA,0,0.0,regressor_model_1.pkl
PRASCSi_copy1,0,0.0,regressor_model_1.pkl
AROH,0,0.0,regressor_model_1.pkl
GLUSy,0,0.0,regressor_model_1.pkl
GLYALDDr,0,0.0,regressor_model_1.pkl
LLEUDr,0,0.0,regressor_model_1.pkl
AGMDA,0,0.0,regressor_model_1.pkl
GLYCK,0,0.0,regressor_model_1.pkl
FE3DCITR,0,0.0,regressor_model_1.pkl
TRPS1_copy1,0,0.0,regressor_model_1.pkl
AKGDH,1,0.020444809265530203,regressor_model_1.pkl
IDPh_1,0,0.0,regressor_model_1.pkl
DLYSOXGAT,0,0.0,regressor_model_1.pkl
NDP8,0,0.0,regressor_model_1.pkl
TALA,0,0.0,regressor_model_1.pkl
URO_c,0,0.0,regressor_model_1.pkl
PGI,1,0.0,regressor_model_1.pkl
ICL,1,0.06163548900958674,regressor_model_1.pkl
PSCVT_copy1,0,0.0,regressor_model_1.pkl
PGK,0,0.0,regressor_model_1.pkl
HDH,1,0.0,regressor_model_1.pkl
ALDD1,0,0.0,regressor_model_1.pkl
FE3DCITCH,0,0.0,regressor_model_1.pkl
AGPOP,0,0.0,regressor_model_1.pkl
PRAIi_copy2,1,0.028790519416287595,regressor_model_1.pkl
CBMKr,0,0.0,regressor_model_1.pkl
1PPDCRc,0,0.0,regressor_model_1.pkl
GAPDi_nadp,0,0.0,regressor_model_1.pkl
FE3PYOVDL,0,0.0,regressor_model_1.pkl
PGM,0,0.0,regressor_model_1.pkl
PMANM,0,0.0,regressor_model_1.pkl
ILETA,0,0.0,regressor_model_1.pkl
LEUTA,0,0.0,regressor_model_1.pkl
R15BPK,0,0.0,regressor_model_1.pkl
LYSRC,0,0.0,regressor_model_1.pkl
OXOADLR,0,0.0,regressor_model_1.pkl
TRPS3,0,0.0,regressor_model_1.pkl
H2CO3D,0,0.0,regressor_model_1.pkl
SERAT_copy2,0,0.0006643175598745939,regressor_model_1.pkl
HSK,0,0.0,regressor_model_1.pkl
PPNDH,0,0.0,regressor_model_1.pkl
PSCVT_copy2,0,0.0,regressor_model_1.pkl
G5SD_copy2,0,0.0,regressor_model_1.pkl
ADK1,0,0.0,regressor_model_1.pkl
NTD4,0,0.0,regressor_model_1.pkl
PHETHPTOX3,0,0.014539002381016972,regressor_model_1.pkl
ALATA_L,0,0.0,regressor_model_1.pkl
MEPCT_1,0,0.0,regressor_model_1.pkl
PDH,0,0.0,regressor_model_1.pkl
MALS,1,0.0,regressor_model_1.pkl
ANHMK,0,0.0,regressor_model_1.pkl
RECOAH7,0,0.0,regressor_model_1.pkl
GLUDxi,0,0.0,regressor_model_1.pkl
TRPS1_copy2,0,0.0,regressor_model_1.pkl
ALLTN,0,0.0,regressor_model_1.pkl
NDPK5,1,0.0,regressor_model_1.pkl
HISTD,0,0.0,regressor_model_1.pkl
ME2,0,0.0,regressor_model_1.pkl
GLXCL,0,0.0,regressor_model_1.pkl
PRPPS,0,0.0,regressor_model_1.pkl
URIH,0,0.0,regressor_model_1.pkl
PPCK,0,0.0,regressor_model_1.pkl
ALAR,0,0.0,regressor_model_1.pkl
HPYRI,0,0.0011447404994116813,regressor_model_1.pkl
PRAIi_copy1,0,0.0,regressor_model_1.pkl
CSPMDDH,0,0.0,regressor_model_1.pkl
MAN1PT2,1,0.0020504554949447584,regressor_model_1.pkl
HCO3E,1,0.0,regressor_model_1.pkl
DHAD1_copy1,0,0.0,regressor_model_1.pkl
APPAT,0,0.0,regressor_model_1.pkl
ADPT,0,0.0,regressor_model_1.pkl
PRASCSi_copy2,0,0.0,regressor_model_1.pkl
CBPS,0,0.0,regressor_model_1.pkl
FRDO7r,1,0.0,regressor_model_1.pkl
TRSARr,0,0.0,regressor_model_1.pkl
G5SD_copy1,0,0.0,regressor_model_1.pkl
GLNS_copy2,0,0.0,regressor_model_1.pkl
FRDO6r,0,0.0,regressor_model_1.pkl
MDH,0,0.0,regressor_model_1.pkl
PPM,0,0.0,regressor_model_1.pkl
PTRCTA2,1,0.005546518425001858,regressor_model_1.pkl
DMALRED,0,0.0007810443043425077,regressor_model_1.pkl
G3PD2,0,0.0,regressor_model_1.pkl
DLYSPYRAT,0,0.0029190286626679207,regressor_model_1.pkl
DHSKDH,0,0.0,regressor_model_1.pkl
VALDHr,1,0.0010569177753238675,regressor_model_1.pkl
MEPCT,0,0.0,regressor_model_1.pkl
LSERDHr,0,0.0,regressor_model_1.pkl
G6PDH2r,1,0.0,regressor_model_1.pkl
DHQTi_copy1,0,0.0,regressor_model_1.pkl
DHQTi_copy2,0,0.0,regressor_model_1.pkl
HPYRRx,0,0.0,regressor_model_1.pkl
GLUDy,0,0.0,regressor_model_1.pkl
LTDCL,1,0.008613272856352048,regressor_model_1.pkl
H2CO3D2,0,0.0,regressor_model_1.pkl
GAPD,0,0.0,regressor_model_1.pkl
SSALy,1,0.024969803954624448,regressor_model_1.pkl
GLYCTO1,0,0.0,regressor_model_1.pkl
ACS,0,0.0,regressor_model_1.pkl
PDHa,1,0.00629759080853286,regressor_model_1.pkl
HEPCT,0,0.0,regressor_model_1.pkl
SERAT_copy1,0,0.0,regressor_model_1.pkl
VALTA,0,0.0,regressor_model_1.pkl
SUCOAS,0,0.0,regressor_model_1.pkl
FRDO4r,0,0.0,regressor_model_1.pkl
GLNS_copy1,0,0.0020269043704340558,regressor_model_1.pkl
ILEDHr_1,0,0.0,regressor_model_1.pkl
ENO,0,0.0,regressor_model_1.pkl
RBK,0,0.0,regressor_model_1.pkl
ALATRS,0,0.0,regressor_model_1.pkl
PTPATi,0,0.0,regressor_model_1.pkl
FDH,0,0.0,regressor_model_1.pkl
NDPK3,0,0.0,regressor_model_1.pkl
DHAD1_copy2,0,0.0,regressor_model_1.pkl
PHETA1,0,0.0,regressor_model_1.pkl
FALDM,0,0.0,regressor_model_1.pkl
PPND,0,0.0,regressor_model_1.pkl
PPK,0,0.0,regressor_model_1.pkl
PPA,0,0.0,regressor_model_1.pkl
PRASCSi_copy1,0,0.0,regressor_model_1.pkl
AROH,0,0.0,regressor_model_1.pkl
GLUSy,0,0.0006340185490694363,regressor_model_1.pkl
GLYALDDr,0,0.0,regressor_model_1.pkl
LLEUDr,1,0.0,regressor_model_1.pkl
AGMDA,0,0.00027856167989075327,regressor_model_1.pkl
GLYCK,0,0.0,regressor_model_1.pkl
FE3DCITR,0,0.0,regressor_model_1.pkl
TRPS1_copy1,0,0.0,regressor_model_1.pkl
AKGDH,1,0.01206125639085586,regressor_model_1.pkl
IDPh_1,0,0.0,regressor_model_1.pkl
DLYSOXGAT,0,0.0,regressor_model_1.pkl
NDP8,0,0.0,regressor_model_1.pkl
TALA,0,0.0,regressor_model_1.pkl
URO_c,0,0.0,regressor_model_1.pkl
PGI,0,0.0,regressor_model_1.pkl
ICL,1,0.07728492667559138,regressor_model_1.pkl
PSCVT_copy1,0,0.00087948567374534,regressor_model_1.pkl
PGK,0,0.0,regressor_model_1.pkl
HDH,1,0.004379958203534121,regressor_model_1.pkl
ALDD1,0,0.00044083141196884194,regressor_model_1.pkl
FE3DCITCH,0,0.0,regressor_model_1.pkl
AGPOP,0,0.0,regressor_model_1.pkl
PRAIi_copy2,1,0.03194087368992492,regressor_model_1.pkl
CBMKr,0,0.0,regressor_model_1.pkl
1PPDCRc,0,0.0004913914015856871,regressor_model_1.pkl
GAPDi_nadp,0,0.0,regressor_model_1.pkl
FE3PYOVDL,0,0.0,regressor_model_1.pkl
PGM,0,0.0,regressor_model_1.pkl
PMANM,0,0.0,regressor_model_1.pkl
ILETA,0,0.0,regressor_model_1.pkl
LEUTA,0,0.0,regressor_model_1.pkl
R15BPK,0,0.0,regressor_model_1.pkl
LYSRC,0,0.0,regressor_model_1.pkl
OXOADLR,1,0.0,regressor_model_1.pkl
TRPS3,0,0.0,regressor_model_1.pkl
H2CO3D,0,0.0,regressor_model_1.pkl
SERAT_copy2,0,0.0,regressor_model_1.pkl
HSK,0,0.0,regressor_model_1.pkl
PPNDH,1,0.0,regressor_model_1.pkl
PSCVT_copy2,0,0.0,regressor_model_1.pkl
G5SD_copy2,0,0.0,regressor_model_1.pkl
ADK1,0,0.0,regressor_model_1.pkl
NTD4,0,0.0008093809058949535,regressor_model_1.pkl
PHETHPTOX3,1,0.014240434192718131,regressor_model_1.pkl
ALATA_L,0,0.0,regressor_model_1.pkl
MEPCT_1,0,0.0,regressor_model_1.pkl
PDH,0,0.0,regressor_model_1.pkl
MALS,0,0.003224925038705838,regressor_model_1.pkl
ANHMK,0,0.0,regressor_model_1.pkl
RECOAH7,0,0.0,regressor_model_1.pkl
GLUDxi,0,0.0004870436244182763,regressor_model_1.pkl
TRPS1_copy2,0,0.0,regressor_model_1.pkl
ALLTN,0,0.0,regressor_model_1.pkl
NDPK5,1,0.0,regressor_model_1.pkl
HISTD,0,0.0,regressor_model_1.pkl
ME2,0,0.0,regressor_model_1.pkl
GLXCL,0,0.0,regressor_model_1.pkl
PRPPS,0,0.0,regressor_model_1.pkl
URIH,0,0.0,regressor_model_1.pkl
PPCK,0,0.0007201913300571849,regressor_model_1.pkl
ALAR,0,0.0,regressor_model_1.pkl
HPYRI,1,0.0,regressor_model_1.pkl
PRAIi_copy1,0,0.0,regressor_model_1.pkl
CSPMDDH,0,0.0,regressor_model_1.pkl
MAN1PT2,1,0.0,regressor_model_1.pkl
HCO3E,0,0.0,regressor_model_1.pkl
DHAD1_copy1,0,0.0,regressor_model_1.pkl
APPAT,0,0.0,regressor_model_1.pkl
ADPT,0,0.0,regressor_model_1.pkl
PRASCSi_copy2,0,0.0,regressor_model_1.pkl
CBPS,0,0.0,regressor_model_1.pkl
FRDO7r,0,0.0,regressor_model_1.pkl
TRSARr,0,0.0,regressor_model_1.pkl
G5SD_copy1,0,0.0,regressor_model_1.pkl
GLNS_copy2,0,0.0,regressor_model_1.pkl
FRDO6r,0,0.0,regressor_model_1.pkl
MDH,0,0.0,regressor_model_1.pkl
PPM,0,0.0,regressor_model_1.pkl
PTRCTA2,1,0.004420949141023698,regressor_model_1.pkl
DMALRED,0,0.0,regressor_model_1.pkl
G3PD2,0,0.0,regressor_model_1.pkl
DLYSPYRAT,1,0.0016086574622119442,regressor_model_1.pkl
DHSKDH,0,0.0,regressor_model_1.pkl
VALDHr,1,0.0016208385291570273,regressor_model_1.pkl
MEPCT,0,0.0,regressor_model_1.pkl
LSERDHr,0,0.0,regressor_model_1.pkl
G6PDH2r,0,0.0,regressor_model_1.pkl
DHQTi_copy1,0,0.0,regressor_model_1.pkl
DHQTi_copy2,0,0.0,regressor_model_1.pkl
HPYRRx,0,0.0,regressor_model_1.pkl
GLUDy,0,0.0,regressor_model_1.pkl
LTDCL,0,-0.004449693379648178,regressor_model_1.pkl
H2CO3D2,0,0.0,regressor_model_1.pkl
GAPD,0,0.0,regressor_model_1.pkl
SSALy,1,-0.0025007451039271602,regressor_model_1.pkl
GLYCTO1,0,0.0,regressor_model_1.pkl
ACS,0,0.0,regressor_model_1.pkl
PDHa,1,0.004560950398489808,regressor_model_1.pkl
HEPCT,0,0.0,regressor_model_1.pkl
SERAT_copy1,0,0.0,regressor_model_1.pkl
VALTA,0,0.0,regressor_model_1.pkl
SUCOAS,0,0.0,regressor_model_1.pkl
FRDO4r,0,0.0,regressor_model_1.pkl
GLNS_copy1,1,0.0024916496575824124,regressor_model_1.pkl
ILEDHr_1,0,0.0,regressor_model_1.pkl
ENO,0,0.0,regressor_model_1.pkl
RBK,0,0.0,regressor_model_1.pkl
ALATRS,0,0.0,regressor_model_1.pkl
PTPATi,0,0.0,regressor_model_1.pkl
FDH,0,0.0,regressor_model_1.pkl
NDPK3,0,0.0,regressor_model_1.pkl
DHAD1_copy2,0,0.0,regressor_model_1.pkl
PHETA1,0,0.0,regressor_model_1.pkl
FALDM,0,0.0,regressor_model_1.pkl
PPND,0,0.0,regressor_model_1.pkl
PPK,1,0.0,regressor_model_1.pkl
PPA,0,0.0,regressor_model_1.pkl
PRASCSi_copy1,0,0.0,regressor_model_1.pkl
AROH,0,0.0,regressor_model_1.pkl
GLUSy,0,0.0,regressor_model_1.pkl
GLYALDDr,0,0.0,regressor_model_1.pkl
LLEUDr,1,-0.0013666650235487237,regressor_model_1.pkl
AGMDA,0,0.0,regressor_model_1.pkl
GLYCK,0,0.0,regressor_model_1.pkl
FE3DCITR,0,0.0,regressor_model_1.pkl
TRPS1_copy1,0,0.0,regressor_model_1.pkl
AKGDH,1,0.008397713722184596,regressor_model_1.pkl
IDPh_1,0,0.0,regressor_model_1.pkl
DLYSOXGAT,0,0.0,regressor_model_1.pkl
NDP8,0,0.0,regressor_model_1.pkl
TALA,1,0.0,regressor_model_1.pkl
URO_c,0,0.0,regressor_model_1.pkl
PGI,0,0.0,regressor_model_1.pkl
ICL,1,0.01940156267973615,regressor_model_1.pkl
PSCVT_copy1,0,0.0,regressor_model_1.pkl
PGK,0,0.0,regressor_model_1.pkl
HDH,0,0.0,regressor_model_1.pkl
ALDD1,0,0.0,regressor_model_1.pkl
FE3DCITCH,1,0.0,regressor_model_1.pkl
AGPOP,0,0.0,regressor_model_1.pkl
PRAIi_copy2,1,-0.002581578469860451,regressor_model_1.pkl
CBMKr,0,0.0,regressor_model_1.pkl
1PPDCRc,0,0.0,regressor_model_1.pkl
GAPDi_nadp,0,0.0,regressor_model_1.pkl
FE3PYOVDL,0,0.0,regressor_model_1.pkl
PGM,0,0.0,regressor_model_1.pkl
PMANM,0,0.0,regressor_model_1.pkl
ILETA,0,0.0,regressor_model_1.pkl
LEUTA,0,0.0,regressor_model_1.pkl
R15BPK,0,0.0,regressor_model_1.pkl
LYSRC,0,0.0,regressor_model_1.pkl
OXOADLR,1,0.0,regressor_model_1.pkl
TRPS3,0,0.0,regressor_model_1.pkl
H2CO3D,0,0.0,regressor_model_1.pkl
SERAT_copy2,0,0.0,regressor_model_1.pkl
HSK,0,0.0,regressor_model_1.pkl
PPNDH,0,0.0,regressor_model_1.pkl
PSCVT_copy2,0,0.0,regressor_model_1.pkl
G5SD_copy2,0,0.0,regressor_model_1.pkl
ADK1,0,0.0,regressor_model_1.pkl
NTD4,0,0.0,regressor_model_1.pkl
PHETHPTOX3,1,-0.0010295455821601983,regressor_model_1.pkl
ALATA_L,0,0.0,regressor_model_1.pkl
MEPCT_1,0,0.0,regressor_model_1.pkl
PDH,0,0.0,regressor_model_1.pkl
MALS,0,0.0,regressor_model_1.pkl
ANHMK,0,0.0,regressor_model_1.pkl
RECOAH7,0,0.0,regressor_model_1.pkl
GLUDxi,0,0.0,regressor_model_1.pkl
TRPS1_copy2,0,0.0,regressor_model_1.pkl
ALLTN,0,0.0004645411470186467,regressor_model_1.pkl
NDPK5,1,0.0,regressor_model_1.pkl
HISTD,0,0.0,regressor_model_1.pkl
ME2,0,0.0,regressor_model_1.pkl
GLXCL,0,0.0,regressor_model_1.pkl
PRPPS,0,0.0,regressor_model_1.pkl
URIH,0,0.0,regressor_model_1.pkl
PPCK,0,0.0,regressor_model_1.pkl
ALAR,0,0.0,regressor_model_1.pkl
HPYRI,0,0.0,regressor_model_1.pkl
PRAIi_copy1,0,0.0,regressor_model_1.pkl
CSPMDDH,0,0.0,regressor_model_1.pkl
MAN1PT2,0,0.0016916951436782256,regressor_model_1.pkl
HCO3E,0,0.0,regressor_model_1.pkl
DHAD1_copy1,0,0.0,regressor_model_1.pkl
APPAT,0,0.0,regressor_model_1.pkl
ADPT,0,0.0,regressor_model_1.pkl
PRASCSi_copy2,0,0.0,regressor_model_1.pkl
CBPS,0,0.0,regressor_model_1.pkl
FRDO7r,0,0.0,regressor_model_1.pkl
TRSARr,0,0.0,regressor_model_1.pkl
G5SD_copy1,0,0.0,regressor_model_1.pkl
GLNS_copy2,0,0.0,regressor_model_1.pkl
FRDO6r,0,0.0,regressor_model_1.pkl
MDH,0,0.0,regressor_model_1.pkl
PPM,0,0.0,regressor_model_1.pkl
PTRCTA2,0,0.003734658986452588,regressor_model_1.pkl
DMALRED,0,0.0,regressor_model_1.pkl
G3PD2,0,0.0,regressor_model_1.pkl
DLYSPYRAT,0,0.0,regressor_model_1.pkl
DHSKDH,0,0.0,regressor_model_1.pkl
VALDHr,1,0.0,regressor_model_1.pkl
MEPCT,0,0.0,regressor_model_1.pkl
LSERDHr,0,0.0,regressor_model_1.pkl
G6PDH2r,0,0.0,regressor_model_1.pkl
DHQTi_copy1,0,0.0,regressor_model_1.pkl
DHQTi_copy2,0,0.0,regressor_model_1.pkl
HPYRRx,0,0.0,regressor_model_1.pkl
GLUDy,0,0.0,regressor_model_1.pkl
LTDCL,1,0.00580864494276306,regressor_model_1.pkl
H2CO3D2,0,0.0,regressor_model_1.pkl
GAPD,0,0.0,regressor_model_1.pkl
SSALy,1,0.01266306839474074,regressor_model_1.pkl
GLYCTO1,0,0.0,regressor_model_1.pkl
ACS,0,0.0,regressor_model_1.pkl
PDHa,0,0.003241646385818602,regressor_model_1.pkl
HEPCT,0,0.0,regressor_model_1.pkl
SERAT_copy1,0,0.0,regressor_model_1.pkl
VALTA,0,0.0,regressor_model_1.pkl
SUCOAS,0,0.0,regressor_model_1.pkl
FRDO4r,0,0.0,regressor_model_1.pkl
GLNS_copy1,1,0.0,regressor_model_1.pkl
ILEDHr_1,0,0.0003647415322064267,regressor_model_1.pkl
ENO,0,0.0,regressor_model_1.pkl
RBK,0,0.0,regressor_model_1.pkl
ALATRS,0,0.0,regressor_model_1.pkl
PTPATi,0,0.0,regressor_model_1.pkl
FDH,0,0.0,regressor_model_1.pkl
NDPK3,0,0.0,regressor_model_1.pkl
DHAD1_copy2,0,0.0,regressor_model_1.pkl
PHETA1,0,0.0,regressor_model_1.pkl
FALDM,0,0.0,regressor_model_1.pkl
PPND,0,0.0,regressor_model_1.pkl
PPK,0,0.0,regressor_model_1.pkl
PPA,0,0.0,regressor_model_1.pkl
PRASCSi_copy1,0,0.0,regressor_model_1.pkl
AROH,0,0.0,regressor_model_1.pkl
GLUSy,0,0.0,regressor_model_1.pkl
GLYALDDr,0,0.0,regressor_model_1.pkl
LLEUDr,1,0.0,regressor_model_1.pkl
AGMDA,0,0.0,regressor_model_1.pkl
GLYCK,1,0.0,regressor_model_1.pkl
FE3DCITR,0,0.0,regressor_model_1.pkl
TRPS1_copy1,0,0.0,regressor_model_1.pkl
AKGDH,1,0.0,regressor_model_1.pkl
IDPh_1,0,-0.01310548387550043,regressor_model_1.pkl
DLYSOXGAT,0,0.0,regressor_model_1.pkl
NDP8,0,0.0,regressor_model_1.pkl
TALA,1,0.0,regressor_model_1.pkl
URO_c,0,0.0,regressor_model_1.pkl
PGI,0,0.0,regressor_model_1.pkl
ICL,1,0.03005854341879694,regressor_model_1.pkl
PSCVT_copy1,0,0.0,regressor_model_1.pkl
PGK,0,0.0,regressor_model_1.pkl
HDH,1,0.0,regressor_model_1.pkl
ALDD1,0,0.0,regressor_model_1.pkl
FE3DCITCH,1,0.0,regressor_model_1.pkl
AGPOP,0,0.0,regressor_model_1.pkl
PRAIi_copy2,1,0.016097401705090497,regressor_model_1.pkl
CBMKr,0,0.0,regressor_model_1.pkl
1PPDCRc,0,0.0004656218221300813,regressor_model_1.pkl
GAPDi_nadp,0,0.001155196387889035,regressor_model_1.pkl
FE3PYOVDL,0,0.0,regressor_model_1.pkl
PGM,0,0.0,regressor_model_1.pkl
PMANM,0,0.0,regressor_model_1.pkl
ILETA,0,0.0,regressor_model_1.pkl
LEUTA,0,0.0,regressor_model_1.pkl
R15BPK,0,0.0,regressor_model_1.pkl
LYSRC,0,0.0,regressor_model_1.pkl
OXOADLR,0,0.0,regressor_model_1.pkl
TRPS3,0,0.0,regressor_model_1.pkl
H2CO3D,0,0.0,regressor_model_1.pkl
SERAT_copy2,0,0.0,regressor_model_1.pkl
HSK,0,0.0,regressor_model_1.pkl
PPNDH,0,0.0,regressor_model_1.pkl
PSCVT_copy2,0,0.0,regressor_model_1.pkl
G5SD_copy2,0,0.0,regressor_model_1.pkl
ADK1,0,0.0,regressor_model_1.pkl
NTD4,0,0.0,regressor_model_1.pkl
PHETHPTOX3,0,0.0,regressor_model_1.pkl
ALATA_L,0,0.0,regressor_model_1.pkl
MEPCT_1,0,0.0,regressor_model_1.pkl
PDH,0,0.0,regressor_model_1.pkl
MALS,1,0.0,regressor_model_1.pkl
ANHMK,1,0.0,regressor_model_1.pkl
RECOAH7,0,0.0,regressor_model_1.pkl
GLUDxi,0,0.0,regressor_model_1.pkl
TRPS1_copy2,0,0.0,regressor_model_1.pkl
ALLTN,0,0.0,regressor_model_1.pkl
NDPK5,1,0.0,regressor_model_1.pkl
HISTD,0,0.0,regressor_model_1.pkl
ME2,0,0.0,regressor_model_1.pkl
GLXCL,0,0.0,regressor_model_1.pkl
PRPPS,0,0.0,regressor_model_1.pkl
URIH,0,0.0,regressor_model_1.pkl
PPCK,0,0.0,regressor_model_1.pkl
ALAR,1,0.0,regressor_model_1.pkl
HPYRI,0,0.0,regressor_model_1.pkl
PRAIi_copy1,0,0.0,regressor_model_1.pkl
CSPMDDH,0,0.0,regressor_model_1.pkl
MAN1PT2,1,0.0,regressor_model_1.pkl
HCO3E,0,0.0,regressor_model_1.pkl
DHAD1_copy1,0,0.0,regressor_model_1.pkl
APPAT,0,0.0,regressor_model_1.pkl
ADPT,0,0.0,regressor_model_1.pkl
PRASCSi_copy2,0,0.0,regressor_model_1.pkl
CBPS,0,0.0,regressor_model_1.pkl
FRDO7r,0,0.0,regressor_model_1.pkl
TRSARr,0,0.0,regressor_model_1.pkl
G5SD_copy1,0,0.000585311401808387,regressor_model_1.pkl
GLNS_copy2,0,0.00034292427546505494,regressor_model_1.pkl
FRDO6r,0,0.0,regressor_model_1.pkl
MDH,0,0.0,regressor_model_1.pkl
PPM,0,0.0,regressor_model_1.pkl
PTRCTA2,1,0.004526972181069869,regressor_model_1.pkl
DMALRED,0,0.0,regressor_model_1.pkl
G3PD2,0,0.0,regressor_model_1.pkl
DLYSPYRAT,0,0.003486152719909621,regressor_model_1.pkl
DHSKDH,0,0.0,regressor_model_1.pkl
VALDHr,1,0.0022584774466650553,regressor_model_1.pkl
MEPCT,0,0.0,regressor_model_1.pkl
LSERDHr,0,0.0,regressor_model_1.pkl
G6PDH2r,0,0.0,regressor_model_1.pkl
DHQTi_copy1,0,0.0,regressor_model_1.pkl
DHQTi_copy2,0,0.0,regressor_model_1.pkl
HPYRRx,0,0.0,regressor_model_1.pkl
GLUDy,0,0.0,regressor_model_1.pkl
LTDCL,1,0.014306698294600118,regressor_model_1.pkl
H2CO3D2,0,0.0,regressor_model_1.pkl
GAPD,0,0.0,regressor_model_1.pkl
SSALy,1,0.02911875957400009,regressor_model_1.pkl
GLYCTO1,0,0.0,regressor_model_1.pkl
ACS,0,0.0,regressor_model_1.pkl
PDHa,0,0.0,regressor_model_1.pkl
HEPCT,0,0.0,regressor_model_1.pkl
SERAT_copy1,0,0.0,regressor_model_1.pkl
VALTA,0,0.0,regressor_model_1.pkl
SUCOAS,0,0.0,regressor_model_1.pkl
FRDO4r,0,0.0,regressor_model_1.pkl
GLNS_copy1,1,0.002710238367055859,regressor_model_1.pkl
ILEDHr_1,0,0.0,regressor_model_1.pkl
ENO,0,0.0,regressor_model_1.pkl
RBK,0,0.0,regressor_model_1.pkl
ALATRS,0,0.0,regressor_model_1.pkl
PTPATi,0,0.0,regressor_model_1.pkl
FDH,0,0.0,regressor_model_1.pkl
NDPK3,0,0.0,regressor_model_1.pkl
DHAD1_copy2,0,0.0,regressor_model_1.pkl
PHETA1,0,0.001515555849815624,regressor_model_1.pkl
FALDM,0,0.0,regressor_model_1.pkl
PPND,0,0.0,regressor_model_1.pkl
PPK,0,0.0,regressor_model_1.pkl
PPA,0,0.0,regressor_model_1.pkl
PRASCSi_copy1,0,0.0,regressor_model_1.pkl
AROH,0,0.0,regressor_model_1.pkl
GLUSy,0,0.0,regressor_model_1.pkl
GLYALDDr,0,0.0,regressor_model_1.pkl
LLEUDr,1,0.0,regressor_model_1.pkl
AGMDA,0,0.0,regressor_model_1.pkl
GLYCK,0,0.0,regressor_model_1.pkl
FE3DCITR,0,0.0,regressor_model_1.pkl
TRPS1_copy1,0,0.0,regressor_model_1.pkl
AKGDH,1,0.009237823113516978,regressor_model_1.pkl
IDPh_1,0,0.0,regressor_model_1.pkl
DLYSOXGAT,0,0.0,regressor_model_1.pkl
NDP8,0,0.0006570648977111799,regressor_model_1.pkl
TALA,1,0.0,regressor_model_1.pkl
URO_c,0,0.0,regressor_model_1.pkl
PGI,0,0.0,regressor_model_1.pkl
ICL,1,0.05392628692165683,regressor_model_1.pkl
PSCVT_copy1,0,0.0,regressor_model_1.pkl
PGK,0,0.0,regressor_model_1.pkl
HDH,1,0.0014681304696789574,regressor_model_1.pkl
ALDD1,0,0.0,regressor_model_1.pkl
FE3DCITCH,1,0.0,regressor_model_1.pkl
AGPOP,0,0.0,regressor_model_1.pkl
PRAIi_copy2,1,0.0,regressor_model_1.pkl
CBMKr,0,0.0,regressor_model_1.pkl
1PPDCRc,0,0.0,regressor_model_1.pkl
GAPDi_nadp,0,0.0,regressor_model_1.pkl
FE3PYOVDL,0,0.0,regressor_model_1.pkl
PGM,0,0.0,regressor_model_1.pkl
PMANM,0,0.0,regressor_model_1.pkl
ILETA,0,0.0,regressor_model_1.pkl
LEUTA,0,0.0,regressor_model_1.pkl
R15BPK,0,0.0,regressor_model_1.pkl
LYSRC,0,0.0,regressor_model_1.pkl
OXOADLR,1,0.00041514375872716376,regressor_model_1.pkl
TRPS3,0,0.001192208665763005,regressor_model_1.pkl
H2CO3D,0,0.0,regressor_model_1.pkl
SERAT_copy2,0,0.0,regressor_model_1.pkl
HSK,0,0.0,regressor_model_1.pkl
PPNDH,1,0.0,regressor_model_1.pkl
PSCVT_copy2,0,0.0,regressor_model_1.pkl
G5SD_copy2,0,0.0,regressor_model_1.pkl
ADK1,0,0.0,regressor_model_1.pkl
NTD4,0,0.0,regressor_model_1.pkl
PHETHPTOX3,0,0.01445830248490175,regressor_model_1.pkl
ALATA_L,0,0.0,regressor_model_1.pkl
MEPCT_1,0,0.0,regressor_model_1.pkl
PDH,0,0.0,regressor_model_1.pkl
MALS,1,0.001195249883017034,regressor_model_1.pkl
ANHMK,0,0.0,regressor_model_1.pkl
RECOAH7,0,0.0,regressor_model_1.pkl
GLUDxi,0,0.0,regressor_model_1.pkl
TRPS1_copy2,0,0.0,regressor_model_1.pkl
ALLTN,0,0.0,regressor_model_1.pkl
NDPK5,0,0.0,regressor_model_1.pkl
HISTD,0,0.0,regressor_model_1.pkl
ME2,0,0.0,regressor_model_1.pkl
GLXCL,0,0.0,regressor_model_1.pkl
PRPPS,0,0.0,regressor_model_1.pkl
URIH,0,0.0,regressor_model_1.pkl
PPCK,0,0.0,regressor_model_1.pkl
ALAR,1,0.0,regressor_model_1.pkl
HPYRI,0,0.0,regressor_model_1.pkl
PRAIi_copy1,0,0.0,regressor_model_1.pkl
CSPMDDH,0,0.0,regressor_model_1.pkl
MAN1PT2,1,0.0023745139533334347,regressor_model_1.pkl
HCO3E,0,0.0,regressor_model_1.pkl
DHAD1_copy1,0,0.0,regressor_model_1.pkl
APPAT,0,0.0,regressor_model_1.pkl
ADPT,0,0.0,regressor_model_1.pkl
PRASCSi_copy2,0,0.0,regressor_model_1.pkl
CBPS,0,0.0,regressor_model_1.pkl
FRDO7r,0,0.0,regressor_model_1.pkl
TRSARr,0,0.0,regressor_model_1.pkl
G5SD_copy1,0,0.0,regressor_model_1.pkl
GLNS_copy2,0,0.0,regressor_model_1.pkl
FRDO6r,0,0.0,regressor_model_1.pkl
MDH,0,0.0,regressor_model_1.pkl
PPM,0,0.0,regressor_model_1.pkl
PTRCTA2,0,0.005597363656387563,regressor_model_1.pkl
DMALRED,0,0.0,regressor_model_1.pkl
G3PD2,0,0.0,regressor_model_1.pkl
DLYSPYRAT,0,0.004411803437264779,regressor_model_1.pkl
DHSKDH,0,0.0,regressor_model_1.pkl
VALDHr,1,0.0011305326284061384,regressor_model_1.pkl
MEPCT,0,0.0,regressor_model_1.pkl
LSERDHr,0,0.0,regressor_model_1.pkl
G6PDH2r,0,0.0,regressor_model_1.pkl
DHQTi_copy1,0,0.0,regressor_model_1.pkl
DHQTi_copy2,0,0.0,regressor_model_1.pkl
HPYRRx,0,0.0008040675522862979,regressor_model_1.pkl
GLUDy,0,0.0,regressor_model_1.pkl
LTDCL,0,0.0009530870745081067,regressor_model_1.pkl
H2CO3D2,0,0.0008247049372510336,regressor_model_1.pkl
GAPD,0,0.0,regressor_model_1.pkl
SSALy,1,0.0,regressor_model_1.pkl
GLYCTO1,0,0.0,regressor_model_1.pkl
ACS,0,0.0,regressor_model_1.pkl
PDHa,1,0.008074730463371383,regressor_model_1.pkl
HEPCT,0,0.0,regressor_model_1.pkl
SERAT_copy1,0,0.0,regressor_model_1.pkl
VALTA,0,0.0,regressor_model_1.pkl
SUCOAS,0,0.0,regressor_model_1.pkl
FRDO4r,0,0.0,regressor_model_1.pkl
GLNS_copy1,1,0.0,regressor_model_1.pkl
ILEDHr_1,0,0.0,regressor_model_1.pkl
ENO,0,0.0,regressor_model_1.pkl
RBK,0,0.0,regressor_model_1.pkl
ALATRS,0,0.0,regressor_model_1.pkl
PTPATi,0,0.0,regressor_model_1.pkl
FDH,0,0.0,regressor_model_1.pkl
NDPK3,0,0.0,regressor_model_1.pkl
DHAD1_copy2,0,0.0,regressor_model_1.pkl
PHETA1,0,0.0,regressor_model_1.pkl
FALDM,0,0.0,regressor_model_1.pkl
PPND,0,0.0,regressor_model_1.pkl
PPK,0,0.0,regressor_model_1.pkl
PPA,0,0.0,regressor_model_1.pkl
PRASCSi_copy1,0,0.0,regressor_model_1.pkl
AROH,0,0.0,regressor_model_1.pkl
GLUSy,0,0.0,regressor_model_1.pkl
GLYALDDr,0,0.0,regressor_model_1.pkl
LLEUDr,0,0.0,regressor_model_1.pkl
AGMDA,0,0.0,regressor_model_1.pkl
GLYCK,0,0.0,regressor_model_1.pkl
FE3DCITR,0,0.0,regressor_model_1.pkl
TRPS1_copy1,0,0.0006932850646415869,regressor_model_1.pkl
AKGDH,1,0.020258838408913012,regressor_model_1.pkl
IDPh_1,0,0.0,regressor_model_1.pkl
DLYSOXGAT,0,0.0,regressor_model_1.pkl
NDP8,0,0.0,regressor_model_1.pkl
TALA,1,0.0,regressor_model_1.pkl
URO_c,0,0.0,regressor_model_1.pkl
PGI,0,0.0,regressor_model_1.pkl
ICL,1,0.06550146268224309,regressor_model_1.pkl
PSCVT_copy1,0,0.0,regressor_model_1.pkl
PGK,0,0.0,regressor_model_1.pkl
HDH,1,0.005894983779882481,regressor_model_1.pkl
ALDD1,0,0.0,regressor_model_1.pkl
FE3DCITCH,1,0.0,regressor_model_1.pkl
AGPOP,0,0.0,regressor_model_1.pkl
PRAIi_copy2,1,0.03845313510580965,regressor_model_1.pkl
CBMKr,0,0.0,regressor_model_1.pkl
1PPDCRc,0,0.0,regressor_model_1.pkl
GAPDi_nadp,0,0.0,regressor_model_1.pkl
FE3PYOVDL,0,0.0,regressor_model_1.pkl
PGM,0,0.0,regressor_model_1.pkl
PMANM,0,0.0,regressor_model_1.pkl
ILETA,0,0.0,regressor_model_1.pkl
LEUTA,1,0.0,regressor_model_1.pkl
R15BPK,0,0.0,regressor_model_1.pkl
LYSRC,0,0.0,regressor_model_1.pkl
OXOADLR,0,0.0,regressor_model_1.pkl
TRPS3,0,0.0,regressor_model_1.pkl
H2CO3D,0,0.0,regressor_model_1.pkl
SERAT_copy2,0,0.0,regressor_model_1.pkl
HSK,0,0.0,regressor_model_1.pkl
PPNDH,1,0.0,regressor_model_1.pkl
PSCVT_copy2,0,0.0,regressor_model_1.pkl
G5SD_copy2,0,0.0,regressor_model_1.pkl
ADK1,0,0.0,regressor_model_1.pkl
NTD4,1,0.0,regressor_model_1.pkl
PHETHPTOX3,1,0.014280662196477556,regressor_model_1.pkl
ALATA_L,0,0.0,regressor_model_1.pkl
MEPCT_1,0,0.0,regressor_model_1.pkl
PDH,0,0.0,regressor_model_1.pkl
MALS,1,0.0,regressor_model_1.pkl
ANHMK,0,0.0,regressor_model_1.pkl
RECOAH7,0,0.0,regressor_model_1.pkl
GLUDxi,0,0.0,regressor_model_1.pkl
TRPS1_copy2,0,0.0,regressor_model_1.pkl
ALLTN,0,0.0,regressor_model_1.pkl
NDPK5,0,0.0027253345299644593,regressor_model_1.pkl
HISTD,0,0.0,regressor_model_1.pkl
ME2,0,0.0,regressor_model_1.pkl
GLXCL,0,0.0,regressor_model_1.pkl
PRPPS,0,0.0,regressor_model_1.pkl
URIH,0,0.0,regressor_model_1.pkl
PPCK,0,0.0,regressor_model_1.pkl
ALAR,0,0.0,regressor_model_1.pkl
HPYRI,0,0.0,regressor_model_1.pkl
PRAIi_copy1,0,0.0,regressor_model_1.pkl
CSPMDDH,0,0.0,regressor_model_1.pkl
MAN1PT2,1,0.0026858322046871552,regressor_model_1.pkl
HCO3E,0,0.0,regressor_model_1.pkl
DHAD1_copy1,0,0.0,regressor_model_1.pkl
APPAT,0,0.0,regressor_model_1.pkl
ADPT,0,0.0,regressor_model_1.pkl
PRASCSi_copy2,0,0.0,regressor_model_1.pkl
CBPS,0,0.0,regressor_model_1.pkl
FRDO7r,1,0.0,regressor_model_1.pkl
TRSARr,0,0.0,regressor_model_1.pkl
G5SD_copy1,0,0.0,regressor_model_1.pkl
GLNS_copy2,0,0.0,regressor_model_1.pkl
FRDO6r,0,0.0,regressor_model_1.pkl
MDH,0,0.0,regressor_model_1.pkl
PPM,0,0.0,regressor_model_1.pkl
PTRCTA2,1,0.0,regressor_model_1.pkl
DMALRED,0,0.0,regressor_model_1.pkl
G3PD2,0,0.0,regressor_model_1.pkl
DLYSPYRAT,1,0.0,regressor_model_1.pkl
DHSKDH,0,0.0,regressor_model_1.pkl
VALDHr,1,0.0,regressor_model_1.pkl
MEPCT,0,0.0,regressor_model_1.pkl
LSERDHr,0,0.0,regressor_model_1.pkl
G6PDH2r,0,0.0,regressor_model_1.pkl
DHQTi_copy1,0,0.0,regressor_model_1.pkl
DHQTi_copy2,0,0.0,regressor_model_1.pkl
HPYRRx,0,0.0,regressor_model_1.pkl
GLUDy,0,0.0,regressor_model_1.pkl
LTDCL,1,0.0,regressor_model_1.pkl
H2CO3D2,0,0.0,regressor_model_1.pkl
GAPD,0,0.0,regressor_model_1.pkl
SSALy,1,0.003395954612477842,regressor_model_1.pkl
GLYCTO1,0,0.0,regressor_model_1.pkl
ACS,0,0.0,regressor_model_1.pkl
PDHa,1,0.0,regressor_model_1.pkl
HEPCT,0,0.0,regressor_model_1.pkl
SERAT_copy1,0,0.0,regressor_model_1.pkl
VALTA,0,0.0,regressor_model_1.pkl
SUCOAS,0,0.0,regressor_model_1.pkl
FRDO4r,0,0.0,regressor_model_1.pkl
GLNS_copy1,1,0.0,regressor_model_1.pkl
ILEDHr_1,0,0.0,regressor_model_1.pkl
ENO,0,0.0,regressor_model_1.pkl
RBK,0,0.0,regressor_model_1.pkl
ALATRS,0,0.0,regressor_model_1.pkl
PTPATi,0,0.0,regressor_model_1.pkl
FDH,0,0.0,regressor_model_1.pkl
NDPK3,0,0.0,regressor_model_1.pkl
DHAD1_copy2,0,0.0,regressor_model_1.pkl
PHETA1,0,0.0,regressor_model_1.pkl
FALDM,0,0.0,regressor_model_1.pkl
PPND,0,0.0,regressor_model_1.pkl
PPK,0,0.0,regressor_model_1.pkl
PPA,0,0.0,regressor_model_1.pkl
PRASCSi_copy1,0,0.0,regressor_model_1.pkl
AROH,0,0.0,regressor_model_1.pkl
GLUSy,0,0.0,regressor_model_1.pkl
GLYALDDr,0,0.0,regressor_model_1.pkl
LLEUDr,0,0.0,regressor_model_1.pkl
AGMDA,0,0.0,regressor_model_1.pkl
GLYCK,0,0.0,regressor_model_1.pkl
FE3DCITR,1,0.0,regressor_model_1.pkl
TRPS1_copy1,0,0.0,regressor_model_1.pkl
AKGDH,1,0.016524110980855444,regressor_model_1.pkl
IDPh_1,0,0.0,regressor_model_1.pkl
DLYSOXGAT,0,0.0,regressor_model_1.pkl
NDP8,0,0.0,regressor_model_1.pkl
TALA,1,0.0,regressor_model_1.pkl
URO_c,0,0.0,regressor_model_1.pkl
PGI,0,0.0,regressor_model_1.pkl
ICL,1,0.04108775918116464,regressor_model_1.pkl
PSCVT_copy1,0,0.0,regressor_model_1.pkl
PGK,0,0.0,regressor_model_1.pkl
HDH,0,0.0,regressor_model_1.pkl
ALDD1,0,0.0,regressor_model_1.pkl
FE3DCITCH,1,0.0,regressor_model_1.pkl
AGPOP,0,0.0,regressor_model_1.pkl
PRAIi_copy2,0,0.028022465328878553,regressor_model_1.pkl
CBMKr,0,0.0,regressor_model_1.pkl
1PPDCRc,0,0.0,regressor_model_1.pkl
GAPDi_nadp,0,0.0,regressor_model_1.pkl
FE3PYOVDL,0,0.0,regressor_model_1.pkl
PGM,0,0.0,regressor_model_1.pkl
PMANM,0,0.0,regressor_model_1.pkl
ILETA,0,0.0,regressor_model_1.pkl
LEUTA,0,0.0,regressor_model_1.pkl
R15BPK,0,0.0,regressor_model_1.pkl
LYSRC,0,0.0,regressor_model_1.pkl
OXOADLR,1,0.0,regressor_model_1.pkl
TRPS3,0,0.0,regressor_model_1.pkl
H2CO3D,0,0.0,regressor_model_1.pkl
SERAT_copy2,1,0.0,regressor_model_1.pkl
HSK,0,0.0,regressor_model_1.pkl
PPNDH,1,0.0,regressor_model_1.pkl
PSCVT_copy2,0,0.0,regressor_model_1.pkl
G5SD_copy2,0,0.0,regressor_model_1.pkl
ADK1,0,0.0,regressor_model_1.pkl
NTD4,0,0.0,regressor_model_1.pkl
PHETHPTOX3,1,0.0,regressor_model_1.pkl
ALATA_L,0,0.0,regressor_model_1.pkl
MEPCT_1,0,0.0,regressor_model_1.pkl
PDH,0,0.0,regressor_model_1.pkl
MALS,1,0.0014596073824459516,regressor_model_1.pkl
ANHMK,0,0.0,regressor_model_1.pkl
RECOAH7,0,0.0,regressor_model_1.pkl
GLUDxi,0,0.0,regressor_model_1.pkl
TRPS1_copy2,0,0.0,regressor_model_1.pkl
ALLTN,0,0.0,regressor_model_1.pkl
NDPK5,1,0.0,regressor_model_1.pkl
HISTD,0,0.0,regressor_model_1.pkl
ME2,0,0.0,regressor_model_1.pkl
GLXCL,0,0.0,regressor_model_1.pkl
PRPPS,0,0.0,regressor_model_1.pkl
URIH,0,0.0,regressor_model_1.pkl
PPCK,0,0.0,regressor_model_1.pkl
ALAR,0,0.0,regressor_model_1.pkl
HPYRI,0,0.0,regressor_model_1.pkl
PRAIi_copy1,0,0.0,regressor_model_1.pkl
CSPMDDH,0,0.0,regressor_model_1.pkl
MAN1PT2,1,0.0,regressor_model_1.pkl
HCO3E,0,0.0,regressor_model_1.pkl
DHAD1_copy1,0,0.0,regressor_model_1.pkl
APPAT,0,0.0,regressor_model_1.pkl
ADPT,0,0.0,regressor_model_1.pkl
PRASCSi_copy2,0,0.0,regressor_model_1.pkl
CBPS,0,0.0,regressor_model_1.pkl
FRDO7r,1,0.0,regressor_model_1.pkl
TRSARr,0,0.0,regressor_model_1.pkl
G5SD_copy1,0,0.0,regressor_model_1.pkl
GLNS_copy2,0,0.0,regressor_model_1.pkl
FRDO6r,0,0.0,regressor_model_1.pkl
MDH,0,0.0,regressor_model_1.pkl
PPM,0,0.0,regressor_model_1.pkl
PTRCTA2,1,0.004637763222174422,regressor_model_1.pkl
DMALRED,0,0.0014411076542944405,regressor_model_1.pkl
G3PD2,0,0.0,regressor_model_1.pkl
DLYSPYRAT,0,0.0,regressor_model_1.pkl
DHSKDH,0,0.0,regressor_model_1.pkl
VALDHr,0,0.0027879421918123397,regressor_model_1.pkl
MEPCT,0,0.0,regressor_model_1.pkl
LSERDHr,0,0.0,regressor_model_1.pkl
G6PDH2r,0,0.0,regressor_model_1.pkl
DHQTi_copy1,0,0.0,regressor_model_1.pkl
DHQTi_copy2,0,0.0,regressor_model_1.pkl
HPYRRx,0,0.0,regressor_model_1.pkl
GLUDy,0,0.0,regressor_model_1.pkl
LTDCL,1,0.01380420856668604,regressor_model_1.pkl
H2CO3D2,0,0.0,regressor_model_1.pkl
GAPD,0,0.0,regressor_model_1.pkl
SSALy,0,0.0235323936640706,regressor_model_1.pkl
GLYCTO1,0,0.0,regressor_model_1.pkl
ACS,0,0.0,regressor_model_1.pkl
PDHa,1,0.004196927106745032,regressor_model_1.pkl
HEPCT,0,0.0,regressor_model_1.pkl
SERAT_copy1,0,0.0,regressor_model_1.pkl
VALTA,0,0.0,regressor_model_1.pkl
SUCOAS,0,0.0,regressor_model_1.pkl
FRDO4r,0,0.0,regressor_model_1.pkl
GLNS_copy1,1,0.0,regressor_model_1.pkl
ILEDHr_1,0,0.0,regressor_model_1.pkl
ENO,0,0.0,regressor_model_1.pkl
RBK,0,0.0,regressor_model_1.pkl
ALATRS,0,0.0,regressor_model_1.pkl
PTPATi,0,0.0,regressor_model_1.pkl
FDH,0,0.0,regressor_model_1.pkl
NDPK3,0,0.0,regressor_model_1.pkl
DHAD1_copy2,0,0.0,regressor_model_1.pkl
PHETA1,0,0.0,regressor_model_1.pkl
FALDM,0,0.0,regressor_model_1.pkl
PPND,0,0.0,regressor_model_1.pkl
PPK,0,0.0,regressor_model_1.pkl
PPA,0,0.0,regressor_model_1.pkl
PRASCSi_copy1,0,0.0,regressor_model_1.pkl
AROH,0,0.0,regressor_model_1.pkl
GLUSy,0,0.0,regressor_model_1.pkl
GLYALDDr,0,0.0,regressor_model_1.pkl
LLEUDr,1,0.0,regressor_model_1.pkl
AGMDA,0,0.0,regressor_model_1.pkl
GLYCK,0,0.0,regressor_model_1.pkl
FE3DCITR,0,0.0,regressor_model_1.pkl
TRPS1_copy1,0,0.0,regressor_model_1.pkl
AKGDH,1,0.013285642332387796,regressor_model_1.pkl
IDPh_1,0,0.0,regressor_model_1.pkl
DLYSOXGAT,0,0.0,regressor_model_1.pkl
NDP8,0,0.0,regressor_model_1.pkl
TALA,1,0.0,regressor_model_1.pkl
URO_c,0,0.0,regressor_model_1.pkl
PGI,0,0.0,regressor_model_1.pkl
ICL,1,0.07919753913840898,regressor_model_1.pkl
PSCVT_copy1,0,0.0,regressor_model_1.pkl
PGK,0,0.0,regressor_model_1.pkl
HDH,1,0.0061690022513596465,regressor_model_1.pkl
ALDD1,0,0.0,regressor_model_1.pkl
FE3DCITCH,1,0.0,regressor_model_1.pkl
AGPOP,0,0.0,regressor_model_1.pkl
PRAIi_copy2,1,0.030143811131990095,regressor_model_1.pkl
CBMKr,0,0.0,regressor_model_1.pkl
1PPDCRc,0,0.0,regressor_model_1.pkl
GAPDi_nadp,0,0.0,regressor_model_1.pkl
FE3PYOVDL,0,0.0,regressor_model_1.pkl
PGM,0,0.0,regressor_model_1.pkl
PMANM,0,0.0,regressor_model_1.pkl
ILETA,0,0.0,regressor_model_1.pkl
LEUTA,0,0.0008659193355530064,regressor_model_1.pkl
R15BPK,0,0.0,regressor_model_1.pkl
LYSRC,0,0.0,regressor_model_1.pkl
OXOADLR,1,0.0028436388595640726,regressor_model_1.pkl
TRPS3,0,0.0,regressor_model_1.pkl
H2CO3D,0,0.0,regressor_model_1.pkl
SERAT_copy2,0,0.0,regressor_model_1.pkl
HSK,0,0.0,regressor_model_1.pkl
PPNDH,0,0.0,regressor_model_1.pkl
PSCVT_copy2,0,0.0,regressor_model_1.pkl
G5SD_copy2,0,0.0,regressor_model_1.pkl
ADK1,0,0.0,regressor_model_1.pkl
NTD4,0,0.0,regressor_model_1.pkl
PHETHPTOX3,1,0.014965747889375321,regressor_model_1.pkl
ALATA_L,0,0.0,regressor_model_1.pkl
MEPCT_1,0,0.0,regressor_model_1.pkl
PDH,0,0.0,regressor_model_1.pkl
MALS,1,0.0,regressor_model_1.pkl
ANHMK,0,0.0,regressor_model_1.pkl
RECOAH7,0,0.0,regressor_model_1.pkl
GLUDxi,0,0.0,regressor_model_1.pkl
TRPS1_copy2,0,0.0,regressor_model_1.pkl
ALLTN,0,0.0,regressor_model_1.pkl
NDPK5,1,0.0,regressor_model_1.pkl
HISTD,0,0.0,regressor_model_1.pkl
ME2,0,0.0,regressor_model_1.pkl
GLXCL,0,0.0,regressor_model_1.pkl
PRPPS,0,0.0,regressor_model_1.pkl
URIH,0,0.0,regressor_model_1.pkl
PPCK,0,0.0,regressor_model_1.pkl
ALAR,0,0.0,regressor_model_1.pkl
HPYRI,0,0.0014845027930499779,regressor_model_1.pkl
PRAIi_copy1,0,0.0,regressor_model_1.pkl
CSPMDDH,0,0.0,regressor_model_1.pkl
MAN1PT2,1,0.0032062992460471784,regressor_model_1.pkl
HCO3E,0,0.0,regressor_model_1.pkl
DHAD1_copy1,0,0.0,regressor_model_1.pkl
APPAT,0,0.0,regressor_model_1.pkl
ADPT,0,0.0,regressor_model_1.pkl
PRASCSi_copy2,0,0.0,regressor_model_1.pkl
CBPS,0,0.0,regressor_model_1.pkl
FRDO7r,0,0.0,regressor_model_1.pkl
TRSARr,0,0.0,regressor_model_1.pkl
G5SD_copy1,0,0.0,regressor_model_1.pkl
GLNS_copy2,0,0.0,regressor_model_1.pkl
FRDO6r,0,0.0,regressor_model_1.pkl
MDH,0,0.0,regressor_model_1.pkl
PPM,0,0.0,regressor_model_1.pkl
PTRCTA2,1,0.004198283953433342,regressor_model_1.pkl
DMALRED,0,0.0,regressor_model_1.pkl
G3PD2,0,0.0,regressor_model_1.pkl
DLYSPYRAT,1,0.0,regressor_model_1.pkl
DHSKDH,0,0.0,regressor_model_1.pkl
VALDHr,1,0.00277907342893598,regressor_model_1.pkl
MEPCT,0,0.0,regressor_model_1.pkl
LSERDHr,0,0.0,regressor_model_1.pkl
G6PDH2r,0,0.0,regressor_model_1.pkl
DHQTi_copy1,0,0.0,regressor_model_1.pkl
DHQTi_copy2,0,0.0,regressor_model_1.pkl
HPYRRx,0,0.0,regressor_model_1.pkl
GLUDy,0,0.0,regressor_model_1.pkl
LTDCL,0,0.016581891564494463,regressor_model_1.pkl
H2CO3D2,1,0.0,regressor_model_1.pkl
GAPD,0,0.0,regressor_model_1.pkl
SSALy,0,0.022122787736061484,regressor_model_1.pkl
GLYCTO1,0,0.0,regressor_model_1.pkl
ACS,0,0.0,regressor_model_1.pkl
PDHa,1,0.0,regressor_model_1.pkl
HEPCT,0,0.0,regressor_model_1.pkl
SERAT_copy1,0,0.0,regressor_model_1.pkl
VALTA,0,0.0,regressor_model_1.pkl
SUCOAS,0,0.0,regressor_model_1.pkl
FRDO4r,0,0.0,regressor_model_1.pkl
GLNS_copy1,1,0.0018303648819455315,regressor_model_1.pkl
ILEDHr_1,1,0.0,regressor_model_1.pkl
ENO,0,0.0,regressor_model_1.pkl
RBK,0,0.0,regressor_model_1.pkl
ALATRS,0,0.0,regressor_model_1.pkl
PTPATi,0,0.0,regressor_model_1.pkl
FDH,0,0.0,regressor_model_1.pkl
NDPK3,0,0.0,regressor_model_1.pkl
DHAD1_copy2,0,0.0,regressor_model_1.pkl
PHETA1,0,0.0,regressor_model_1.pkl
FALDM,0,0.0,regressor_model_1.pkl
PPND,0,0.0,regressor_model_1.pkl
PPK,0,0.0,regressor_model_1.pkl
PPA,0,0.0,regressor_model_1.pkl
PRASCSi_copy1,0,0.0,regressor_model_1.pkl
AROH,0,0.0,regressor_model_1.pkl
GLUSy,0,0.0,regressor_model_1.pkl
GLYALDDr,0,0.0,regressor_model_1.pkl
LLEUDr,1,0.0,regressor_model_1.pkl
AGMDA,0,0.0,regressor_model_1.pkl
GLYCK,0,0.0,regressor_model_1.pkl
FE3DCITR,0,0.0,regressor_model_1.pkl
TRPS1_copy1,0,0.0,regressor_model_1.pkl
AKGDH,1,0.015556421569355739,regressor_model_1.pkl
IDPh_1,0,0.0,regressor_model_1.pkl
DLYSOXGAT,0,0.0,regressor_model_1.pkl
NDP8,0,0.0010613754512821807,regressor_model_1.pkl
TALA,1,0.0,regressor_model_1.pkl
URO_c,0,0.0,regressor_model_1.pkl
PGI,0,0.0,regressor_model_1.pkl
ICL,1,0.06583399704144097,regressor_model_1.pkl
PSCVT_copy1,0,0.0,regressor_model_1.pkl
PGK,0,0.0,regressor_model_1.pkl
HDH,0,0.005864461223095771,regressor_model_1.pkl
ALDD1,0,0.0,regressor_model_1.pkl
FE3DCITCH,1,0.0,regressor_model_1.pkl
AGPOP,0,0.0,regressor_model_1.pkl
PRAIi_copy2,1,0.030197001762304623,regressor_model_1.pkl
CBMKr,0,0.0,regressor_model_1.pkl
1PPDCRc,1,0.0,regressor_model_1.pkl
GAPDi_nadp,0,0.0,regressor_model_1.pkl
FE3PYOVDL,0,0.0,regressor_model_1.pkl
PGM,0,0.0,regressor_model_1.pkl
PMANM,0,0.0,regressor_model_1.pkl
ILETA,0,0.0,regressor_model_1.pkl
LEUTA,0,0.0,regressor_model_1.pkl
R15BPK,0,0.0,regressor_model_1.pkl
LYSRC,0,0.0,regressor_model_1.pkl
OXOADLR,0,0.0,regressor_model_1.pkl
TRPS3,0,0.0,regressor_model_1.pkl
H2CO3D,1,0.0,regressor_model_1.pkl
SERAT_copy2,0,0.0,regressor_model_1.pkl
HSK,0,0.0,regressor_model_1.pkl
PPNDH,0,0.0,regressor_model_1.pkl
PSCVT_copy2,0,0.0,regressor_model_1.pkl
G5SD_copy2,0,0.0,regressor_model_1.pkl
ADK1,0,0.0,regressor_model_1.pkl
NTD4,0,0.0,regressor_model_1.pkl
PHETHPTOX3,1,0.0,regressor_model_1.pkl
ALATA_L,0,0.0,regressor_model_1.pkl
MEPCT_1,0,0.0,regressor_model_1.pkl
PDH,0,0.0,regressor_model_1.pkl
MALS,1,0.002803004116961068,regressor_model_1.pkl
ANHMK,0,0.0,regressor_model_1.pkl
RECOAH7,0,0.0,regressor_model_1.pkl
GLUDxi,0,0.0,regressor_model_1.pkl
TRPS1_copy2,0,0.0,regressor_model_1.pkl
ALLTN,0,0.0,regressor_model_1.pkl
NDPK5,1,0.001097936640031782,regressor_model_1.pkl
HISTD,0,0.0,regressor_model_1.pkl
ME2,0,0.0,regressor_model_1.pkl
GLXCL,0,0.0,regressor_model_1.pkl
PRPPS,0,0.0,regressor_model_1.pkl
URIH,0,0.0,regressor_model_1.pkl
PPCK,0,0.0,regressor_model_1.pkl
ALAR,0,0.0,regressor_model_1.pkl
HPYRI,0,0.0,regressor_model_1.pkl
PRAIi_copy1,0,0.0,regressor_model_1.pkl
CSPMDDH,0,0.0,regressor_model_1.pkl
MAN1PT2,1,0.002301939602051384,regressor_model_1.pkl
HCO3E,0,0.0,regressor_model_1.pkl
DHAD1_copy1,0,0.0,regressor_model_1.pkl
APPAT,0,0.0,regressor_model_1.pkl
ADPT,0,0.0,regressor_model_1.pkl
PRASCSi_copy2,0,0.0,regressor_model_1.pkl
CBPS,0,0.0,regressor_model_1.pkl
FRDO7r,1,0.0,regressor_model_1.pkl
TRSARr,0,0.0,regressor_model_1.pkl
G5SD_copy1,0,0.0,regressor_model_1.pkl
GLNS_copy2,0,0.0,regressor_model_1.pkl
FRDO6r,0,0.0,regressor_model_1.pkl
MDH,0,0.0,regressor_model_1.pkl
PPM,0,0.0,regressor_model_1.pkl
PTRCTA2,1,0.0038250015327237065,regressor_model_1.pkl
DMALRED,0,0.0,regressor_model_1.pkl
G3PD2,0,0.0,regressor_model_1.pkl
DLYSPYRAT,1,0.0,regressor_model_1.pkl
DHSKDH,0,0.0,regressor_model_1.pkl
VALDHr,1,0.0,regressor_model_1.pkl
MEPCT,0,0.0,regressor_model_1.pkl
LSERDHr,0,0.0,regressor_model_1.pkl
G6PDH2r,0,0.0,regressor_model_1.pkl
DHQTi_copy1,0,0.0,regressor_model_1.pkl
DHQTi_copy2,0,0.0,regressor_model_1.pkl
HPYRRx,0,0.0,regressor_model_1.pkl
GLUDy,0,0.0,regressor_model_1.pkl
LTDCL,0,-0.008574945891473387,regressor_model_1.pkl
H2CO3D2,0,0.0,regressor_model_1.pkl
GAPD,0,0.0,regressor_model_1.pkl
SSALy,0,0.0,regressor_model_1.pkl
GLYCTO1,0,0.0,regressor_model_1.pkl
ACS,0,0.0,regressor_model_1.pkl
PDHa,1,0.0037149400998064018,regressor_model_1.pkl
HEPCT,0,0.0,regressor_model_1.pkl
SERAT_copy1,0,0.0,regressor_model_1.pkl
VALTA,0,0.0,regressor_model_1.pkl
SUCOAS,0,0.0,regressor_model_1.pkl
FRDO4r,0,0.0,regressor_model_1.pkl
GLNS_copy1,0,0.002934581811887809,regressor_model_1.pkl
ILEDHr_1,0,0.0,regressor_model_1.pkl
ENO,0,0.0,regressor_model_1.pkl
RBK,0,0.0,regressor_model_1.pkl
ALATRS,0,0.0,regressor_model_1.pkl
PTPATi,0,0.0,regressor_model_1.pkl
FDH,0,0.0,regressor_model_1.pkl
NDPK3,0,0.0,regressor_model_1.pkl
DHAD1_copy2,0,0.0,regressor_model_1.pkl
PHETA1,0,0.0,regressor_model_1.pkl
FALDM,0,0.0,regressor_model_1.pkl
PPND,0,0.0,regressor_model_1.pkl
PPK,0,0.0,regressor_model_1.pkl
PPA,0,0.0,regressor_model_1.pkl
PRASCSi_copy1,0,0.0008573616118126592,regressor_model_1.pkl
AROH,0,0.0,regressor_model_1.pkl
GLUSy,0,0.0,regressor_model_1.pkl
GLYALDDr,1,0.0,regressor_model_1.pkl
LLEUDr,1,0.0,regressor_model_1.pkl
AGMDA,0,0.0,regressor_model_1.pkl
GLYCK,0,0.0,regressor_model_1.pkl
FE3DCITR,0,0.0,regressor_model_1.pkl
TRPS1_copy1,0,0.0,regressor_model_1.pkl
AKGDH,1,0.011253417269117038,regressor_model_1.pkl
IDPh_1,0,0.0,regressor_model_1.pkl
DLYSOXGAT,0,0.0,regressor_model_1.pkl
NDP8,0,0.0,regressor_model_1.pkl
TALA,1,0.0,regressor_model_1.pkl
URO_c,0,0.0,regressor_model_1.pkl
PGI,0,0.0,regressor_model_1.pkl
ICL,1,0.06377305683175429,regressor_model_1.pkl
PSCVT_copy1,0,0.0,regressor_model_1.pkl
PGK,0,0.0,regressor_model_1.pkl
HDH,1,0.004916297387748864,regressor_model_1.pkl
ALDD1,0,0.0,regressor_model_1.pkl
FE3DCITCH,1,0.0,regressor_model_1.pkl
AGPOP,0,0.0,regressor_model_1.pkl
PRAIi_copy2,1,0.037843172401833464,regressor_model_1.pkl
CBMKr,0,0.0,regressor_model_1.pkl
1PPDCRc,0,0.0,regressor_model_1.pkl
GAPDi_nadp,0,0.0,regressor_model_1.pkl
FE3PYOVDL,0,0.0,regressor_model_1.pkl
PGM,0,0.0,regressor_model_1.pkl
PMANM,0,0.0,regressor_model_1.pkl
ILETA,0,0.0,regressor_model_1.pkl
LEUTA,0,0.0,regressor_model_1.pkl
R15BPK,0,0.0,regressor_model_1.pkl
LYSRC,0,0.0,regressor_model_1.pkl
OXOADLR,0,0.0,regressor_model_1.pkl
TRPS3,0,0.0,regressor_model_1.pkl
H2CO3D,0,0.0,regressor_model_1.pkl
SERAT_copy2,0,0.0,regressor_model_1.pkl
HSK,0,0.0,regressor_model_1.pkl
PPNDH,1,0.0,regressor_model_1.pkl
PSCVT_copy2,0,0.0,regressor_model_1.pkl
G5SD_copy2,0,0.0,regressor_model_1.pkl
ADK1,0,0.0,regressor_model_1.pkl
NTD4,0,0.0,regressor_model_1.pkl
PHETHPTOX3,0,0.013975555137610953,regressor_model_1.pkl
ALATA_L,0,0.0,regressor_model_1.pkl
MEPCT_1,0,0.0,regressor_model_1.pkl
PDH,0,0.0,regressor_model_1.pkl
MALS,0,0.0,regressor_model_1.pkl
ANHMK,1,0.0,regressor_model_1.pkl
RECOAH7,0,0.0,regressor_model_1.pkl
GLUDxi,1,0.0,regressor_model_1.pkl
TRPS1_copy2,0,0.0,regressor_model_1.pkl
ALLTN,0,0.0,regressor_model_1.pkl
NDPK5,1,0.0,regressor_model_1.pkl
HISTD,0,0.0,regressor_model_1.pkl
ME2,0,0.0,regressor_model_1.pkl
GLXCL,0,0.0,regressor_model_1.pkl
PRPPS,0,0.0,regressor_model_1.pkl
URIH,0,0.000892490260867228,regressor_model_1.pkl
PPCK,0,0.0,regressor_model_1.pkl
ALAR,0,0.0,regressor_model_1.pkl
HPYRI,0,0.0,regressor_model_1.pkl
PRAIi_copy1,0,0.0,regressor_model_1.pkl
CSPMDDH,0,0.0,regressor_model_1.pkl
MAN1PT2,0,0.00292444440778572,regressor_model_1.pkl
HCO3E,0,0.0,regressor_model_1.pkl
DHAD1_copy1,0,0.0,regressor_model_1.pkl
APPAT,0,0.0,regressor_model_1.pkl
ADPT,0,0.0,regressor_model_1.pkl
PRASCSi_copy2,0,0.0,regressor_model_1.pkl
CBPS,0,0.0,regressor_model_1.pkl
FRDO7r,0,0.0,regressor_model_1.pkl
TRSARr,0,0.0,regressor_model_1.pkl
G5SD_copy1,0,0.0,regressor_model_1.pkl
GLNS_copy2,0,0.0,regressor_model_1.pkl
FRDO6r,0,0.0,regressor_model_1.pkl
MDH,0,0.0,regressor_model_1.pkl
PPM,0,0.0,regressor_model_1.pkl
PTRCTA2,1,0.0029297564665559913,regressor_model_1.pkl
DMALRED,0,0.0,regressor_model_1.pkl
G3PD2,0,0.0,regressor_model_1.pkl
DLYSPYRAT,1,0.002959794926912127,regressor_model_1.pkl
DHSKDH,0,0.0,regressor_model_1.pkl
VALDHr,1,0.0015280906561343111,regressor_model_1.pkl
MEPCT,0,0.0,regressor_model_1.pkl
LSERDHr,0,0.0,regressor_model_1.pkl
G6PDH2r,0,0.0,regressor_model_1.pkl
DHQTi_copy1,0,0.0,regressor_model_1.pkl
DHQTi_copy2,0,0.0,regressor_model_1.pkl
HPYRRx,0,0.0,regressor_model_1.pkl
GLUDy,0,0.0,regressor_model_1.pkl
LTDCL,1,-0.012161730809140157,regressor_model_1.pkl
H2CO3D2,1,-0.004553845625490515,regressor_model_1.pkl
GAPD,0,0.0,regressor_model_1.pkl
SSALy,0,0.0,regressor_model_1.pkl
GLYCTO1,0,0.0,regressor_model_1.pkl
ACS,0,0.0,regressor_model_1.pkl
PDHa,1,0.0037233479671146667,regressor_model_1.pkl
HEPCT,0,0.0,regressor_model_1.pkl
SERAT_copy1,0,0.0,regressor_model_1.pkl
VALTA,0,0.0,regressor_model_1.pkl
SUCOAS,0,0.0,regressor_model_1.pkl
FRDO4r,0,0.0,regressor_model_1.pkl
GLNS_copy1,0,0.0,regressor_model_1.pkl
ILEDHr_1,0,0.0,regressor_model_1.pkl
ENO,0,0.0,regressor_model_1.pkl
RBK,0,0.0,regressor_model_1.pkl
ALATRS,0,0.0,regressor_model_1.pkl
PTPATi,0,0.0,regressor_model_1.pkl
FDH,0,0.0,regressor_model_1.pkl
NDPK3,0,0.0,regressor_model_1.pkl
DHAD1_copy2,0,0.0,regressor_model_1.pkl
PHETA1,0,0.0,regressor_model_1.pkl
FALDM,0,0.0,regressor_model_1.pkl
PPND,0,0.0,regressor_model_1.pkl
PPK,0,0.0,regressor_model_1.pkl
PPA,0,0.0,regressor_model_1.pkl
PRASCSi_copy1,0,0.0,regressor_model_1.pkl
AROH,0,0.0,regressor_model_1.pkl
GLUSy,1,-0.005207048210292201,regressor_model_1.pkl
GLYALDDr,0,0.0,regressor_model_1.pkl
LLEUDr,0,0.0,regressor_model_1.pkl
AGMDA,0,0.0,regressor_model_1.pkl
GLYCK,0,0.0,regressor_model_1.pkl
FE3DCITR,0,0.0,regressor_model_1.pkl
TRPS1_copy1,0,0.0,regressor_model_1.pkl
AKGDH,1,0.013624427537394441,regressor_model_1.pkl
IDPh_1,0,0.0,regressor_model_1.pkl
DLYSOXGAT,0,0.0,regressor_model_1.pkl
NDP8,0,0.0,regressor_model_1.pkl
TALA,1,0.0,regressor_model_1.pkl
URO_c,0,0.0,regressor_model_1.pkl
PGI,0,0.0,regressor_model_1.pkl
ICL,1,0.05080273152489669,regressor_model_1.pkl
PSCVT_copy1,0,0.0,regressor_model_1.pkl
PGK,0,0.0,regressor_model_1.pkl
HDH,1,0.005446529835400588,regressor_model_1.pkl
ALDD1,0,0.0,regressor_model_1.pkl
FE3DCITCH,1,0.0006629102842932807,regressor_model_1.pkl
AGPOP,0,0.0,regressor_model_1.pkl
PRAIi_copy2,1,0.030127277434365482,regressor_model_1.pkl
CBMKr,0,0.0,regressor_model_1.pkl
1PPDCRc,0,0.0,regressor_model_1.pkl
GAPDi_nadp,0,0.0,regressor_model_1.pkl
FE3PYOVDL,0,0.0,regressor_model_1.pkl
PGM,0,0.0,regressor_model_1.pkl
PMANM,0,0.0,regressor_model_1.pkl
ILETA,0,0.0,regressor_model_1.pkl
LEUTA,0,0.0,regressor_model_1.pkl
R15BPK,0,0.0,regressor_model_1.pkl
LYSRC,0,0.0,regressor_model_1.pkl
OXOADLR,0,0.0,regressor_model_1.pkl
TRPS3,0,0.0,regressor_model_1.pkl
H2CO3D,0,0.0,regressor_model_1.pkl
SERAT_copy2,0,0.0,regressor_model_1.pkl
HSK,0,0.0,regressor_model_1.pkl
PPNDH,1,0.0,regressor_model_1.pkl
PSCVT_copy2,0,0.0,regressor_model_1.pkl
G5SD_copy2,0,0.0,regressor_model_1.pkl
ADK1,0,0.0,regressor_model_1.pkl
NTD4,0,0.0,regressor_model_1.pkl
PHETHPTOX3,1,0.012602301774095685,regressor_model_1.pkl
ALATA_L,0,0.0,regressor_model_1.pkl
MEPCT_1,0,0.0,regressor_model_1.pkl
PDH,0,0.0,regressor_model_1.pkl
MALS,0,0.0,regressor_model_1.pkl
ANHMK,0,0.0,regressor_model_1.pkl
RECOAH7,0,0.0,regressor_model_1.pkl
GLUDxi,0,0.0,regressor_model_1.pkl
TRPS1_copy2,0,0.0,regressor_model_1.pkl
ALLTN,0,0.0,regressor_model_1.pkl
NDPK5,1,0.0,regressor_model_1.pkl
HISTD,0,0.0,regressor_model_1.pkl
ME2,0,0.0,regressor_model_1.pkl
GLXCL,0,0.0,regressor_model_1.pkl
PRPPS,0,0.0,regressor_model_1.pkl
URIH,0,0.0,regressor_model_1.pkl
PPCK,0,0.0,regressor_model_1.pkl
ALAR,0,0.0,regressor_model_1.pkl
HPYRI,0,0.0,regressor_model_1.pkl
PRAIi_copy1,0,0.0,regressor_model_1.pkl
CSPMDDH,0,0.0,regressor_model_1.pkl
MAN1PT2,1,0.0014744742984642983,regressor_model_1.pkl
HCO3E,0,0.0,regressor_model_1.pkl
DHAD1_copy1,0,0.0,regressor_model_1.pkl
APPAT,0,0.0,regressor_model_1.pkl
ADPT,0,0.0,regressor_model_1.pkl
PRASCSi_copy2,0,0.0,regressor_model_1.pkl
CBPS,0,0.0,regressor_model_1.pkl
FRDO7r,0,0.0,regressor_model_1.pkl
TRSARr,0,0.0,regressor_model_1.pkl
G5SD_copy1,0,0.0,regressor_model_1.pkl
GLNS_copy2,0,0.0,regressor_model_1.pkl
FRDO6r,0,0.0,regressor_model_1.pkl
MDH,0,0.0,regressor_model_1.pkl
PPM,0,0.0,regressor_model_1.pkl
PTRCTA2,1,0.0023268396883619536,regressor_model_1.pkl
DMALRED,0,0.0,regressor_model_1.pkl
G3PD2,0,0.0,regressor_model_1.pkl
DLYSPYRAT,1,0.003833146432490196,regressor_model_1.pkl
DHSKDH,0,0.0,regressor_model_1.pkl
VALDHr,1,0.000927913018339265,regressor_model_1.pkl
MEPCT,0,0.0,regressor_model_1.pkl
LSERDHr,0,0.0,regressor_model_1.pkl
G6PDH2r,0,0.0,regressor_model_1.pkl
DHQTi_copy1,0,0.0,regressor_model_1.pkl
DHQTi_copy2,0,0.0,regressor_model_1.pkl
HPYRRx,0,0.0,regressor_model_1.pkl
GLUDy,0,0.0,regressor_model_1.pkl
LTDCL,1,0.0052803492926339225,regressor_model_1.pkl
H2CO3D2,0,0.0,regressor_model_1.pkl
GAPD,0,0.0,regressor_model_1.pkl
SSALy,0,0.02303349813380986,regressor_model_1.pkl
GLYCTO1,0,0.0,regressor_model_1.pkl
ACS,0,0.0,regressor_model_1.pkl
PDHa,0,0.004343428816444328,regressor_model_1.pkl
HEPCT,0,0.0,regressor_model_1.pkl
SERAT_copy1,0,0.0,regressor_model_1.pkl
VALTA,0,0.0,regressor_model_1.pkl
SUCOAS,0,0.0,regressor_model_1.pkl
FRDO4r,0,0.0,regressor_model_1.pkl
GLNS_copy1,1,0.001664168266146792,regressor_model_1.pkl
ILEDHr_1,0,0.0,regressor_model_1.pkl
ENO,0,0.0,regressor_model_1.pkl
RBK,0,0.0,regressor_model_1.pkl
ALATRS,0,0.0,regressor_model_1.pkl
PTPATi,0,0.0,regressor_model_1.pkl
FDH,0,0.0,regressor_model_1.pkl
NDPK3,0,0.0,regressor_model_1.pkl
DHAD1_copy2,0,0.0,regressor_model_1.pkl
PHETA1,0,0.0,regressor_model_1.pkl
FALDM,0,0.0,regressor_model_1.pkl
PPND,0,0.0008523879560207592,regressor_model_1.pkl
PPK,0,0.0,regressor_model_1.pkl
PPA,0,0.0,regressor_model_1.pkl
PRASCSi_copy1,0,0.0,regressor_model_1.pkl
AROH,0,0.0,regressor_model_1.pkl
GLUSy,0,0.0,regressor_model_1.pkl
GLYALDDr,0,0.0,regressor_model_1.pkl
LLEUDr,0,0.0,regressor_model_1.pkl
AGMDA,0,0.0,regressor_model_1.pkl
GLYCK,0,0.0,regressor_model_1.pkl
FE3DCITR,0,0.0,regressor_model_1.pkl
TRPS1_copy1,0,0.0,regressor_model_1.pkl
AKGDH,1,0.015113142238744227,regressor_model_1.pkl
IDPh_1,0,0.0,regressor_model_1.pkl
DLYSOXGAT,0,0.0,regressor_model_1.pkl
NDP8,0,0.0,regressor_model_1.pkl
TALA,1,0.0,regressor_model_1.pkl
URO_c,0,0.0,regressor_model_1.pkl
PGI,0,0.0,regressor_model_1.pkl
ICL,1,0.06335345688945139,regressor_model_1.pkl
PSCVT_copy1,0,0.0,regressor_model_1.pkl
PGK,0,0.0,regressor_model_1.pkl
HDH,1,0.005564250493558982,regressor_model_1.pkl
ALDD1,0,0.0,regressor_model_1.pkl
FE3DCITCH,1,0.0,regressor_model_1.pkl
AGPOP,0,0.0,regressor_model_1.pkl
PRAIi_copy2,0,0.028079775563163236,regressor_model_1.pkl
CBMKr,0,0.0,regressor_model_1.pkl
1PPDCRc,0,0.0,regressor_model_1.pkl
GAPDi_nadp,0,0.0,regressor_model_1.pkl
FE3PYOVDL,0,0.0,regressor_model_1.pkl
PGM,0,0.0,regressor_model_1.pkl
PMANM,0,0.0,regressor_model_1.pkl
ILETA,0,0.0,regressor_model_1.pkl
LEUTA,0,0.0,regressor_model_1.pkl
R15BPK,0,0.0,regressor_model_1.pkl
LYSRC,0,0.0,regressor_model_1.pkl
OXOADLR,0,0.0,regressor_model_1.pkl
TRPS3,0,0.0,regressor_model_1.pkl
H2CO3D,0,0.0,regressor_model_1.pkl
SERAT_copy2,0,0.0,regressor_model_1.pkl
HSK,0,0.0,regressor_model_1.pkl
PPNDH,1,0.0,regressor_model_1.pkl
PSCVT_copy2,0,0.0,regressor_model_1.pkl
G5SD_copy2,0,0.0,regressor_model_1.pkl
ADK1,0,0.0,regressor_model_1.pkl
NTD4,0,0.0,regressor_model_1.pkl
PHETHPTOX3,0,0.0,regressor_model_1.pkl
ALATA_L,0,0.0,regressor_model_1.pkl
MEPCT_1,0,0.0,regressor_model_1.pkl
PDH,0,0.0,regressor_model_1.pkl
MALS,0,0.0,regressor_model_1.pkl
ANHMK,0,0.0,regressor_model_1.pkl
RECOAH7,0,0.0,regressor_model_1.pkl
GLUDxi,0,0.0,regressor_model_1.pkl
TRPS1_copy2,0,0.0,regressor_model_1.pkl
ALLTN,0,0.0,regressor_model_1.pkl
NDPK5,1,0.0,regressor_model_1.pkl
HISTD,0,0.0,regressor_model_1.pkl
ME2,0,0.0,regressor_model_1.pkl
GLXCL,0,0.0,regressor_model_1.pkl
PRPPS,0,0.0,regressor_model_1.pkl
URIH,0,0.0,regressor_model_1.pkl
PPCK,0,0.0,regressor_model_1.pkl
ALAR,0,0.0,regressor_model_1.pkl
HPYRI,0,0.0,regressor_model_1.pkl
PRAIi_copy1,1,0.0,regressor_model_1.pkl
CSPMDDH,0,0.0,regressor_model_1.pkl
MAN1PT2,1,0.0009359006080993382,regressor_model_1.pkl
HCO3E,0,0.0,regressor_model_1.pkl
DHAD1_copy1,0,0.0,regressor_model_1.pkl
APPAT,0,0.0,regressor_model_1.pkl
ADPT,0,0.0,regressor_model_1.pkl
PRASCSi_copy2,0,0.0,regressor_model_1.pkl
CBPS,0,0.0,regressor_model_1.pkl
FRDO7r,0,0.0,regressor_model_1.pkl
TRSARr,0,0.0,regressor_model_1.pkl
G5SD_copy1,0,0.0,regressor_model_1.pkl
GLNS_copy2,0,0.0,regressor_model_1.pkl
FRDO6r,0,0.0,regressor_model_1.pkl
MDH,0,0.0,regressor_model_1.pkl
PPM,0,0.0,regressor_model_1.pkl
PTRCTA2,1,0.0046455859587150716,regressor_model_1.pkl
DMALRED,0,0.0,regressor_model_1.pkl
G3PD2,0,0.0,regressor_model_1.pkl
DLYSPYRAT,0,0.0,regressor_model_1.pkl
DHSKDH,0,0.0,regressor_model_1.pkl
VALDHr,1,0.001591378184890823,regressor_model_1.pkl
MEPCT,0,0.0,regressor_model_1.pkl
LSERDHr,0,0.0,regressor_model_1.pkl
G6PDH2r,0,0.0,regressor_model_1.pkl
DHQTi_copy1,0,0.0,regressor_model_1.pkl
DHQTi_copy2,0,0.0,regressor_model_1.pkl
HPYRRx,0,0.0,regressor_model_1.pkl
GLUDy,0,0.0,regressor_model_1.pkl
LTDCL,0,0.018479015943183626,regressor_model_1.pkl
H2CO3D2,0,0.0,regressor_model_1.pkl
GAPD,0,0.0,regressor_model_1.pkl
SSALy,0,0.024582724023221484,regressor_model_1.pkl
GLYCTO1,0,0.0,regressor_model_1.pkl
ACS,0,0.0,regressor_model_1.pkl
PDHa,1,0.0,regressor_model_1.pkl
HEPCT,0,0.0,regressor_model_1.pkl
SERAT_copy1,0,0.0,regressor_model_1.pkl
VALTA,0,0.0,regressor_model_1.pkl
SUCOAS,0,0.0,regressor_model_1.pkl
FRDO4r,0,0.0,regressor_model_1.pkl
GLNS_copy1,1,0.002799496012179439,regressor_model_1.pkl
ILEDHr_1,0,0.0,regressor_model_1.pkl
ENO,0,0.0,regressor_model_1.pkl
RBK,0,0.0,regressor_model_1.pkl
ALATRS,0,0.0,regressor_model_1.pkl
PTPATi,0,0.0,regressor_model_1.pkl
FDH,0,0.0,regressor_model_1.pkl
NDPK3,0,0.0,regressor_model_1.pkl
DHAD1_copy2,0,0.0,regressor_model_1.pkl
PHETA1,0,0.0,regressor_model_1.pkl
FALDM,0,0.0,regressor_model_1.pkl
PPND,0,0.0,regressor_model_1.pkl
PPK,0,0.0,regressor_model_1.pkl
PPA,0,0.0,regressor_model_1.pkl
PRASCSi_copy1,0,0.0,regressor_model_1.pkl
AROH,0,0.0,regressor_model_1.pkl
GLUSy,0,0.0,regressor_model_1.pkl
GLYALDDr,0,0.0,regressor_model_1.pkl
LLEUDr,0,0.0,regressor_model_1.pkl
AGMDA,0,0.0,regressor_model_1.pkl
GLYCK,1,0.0,regressor_model_1.pkl
FE3DCITR,0,0.0,regressor_model_1.pkl
TRPS1_copy1,0,0.0,regressor_model_1.pkl
AKGDH,1,0.006213096976420203,regressor_model_1.pkl
IDPh_1,0,0.0,regressor_model_1.pkl
DLYSOXGAT,0,0.0,regressor_model_1.pkl
NDP8,0,0.0,regressor_model_1.pkl
TALA,1,0.0,regressor_model_1.pkl
URO_c,0,0.0,regressor_model_1.pkl
PGI,0,0.0,regressor_model_1.pkl
ICL,1,0.04245057062642567,regressor_model_1.pkl
PSCVT_copy1,0,0.0,regressor_model_1.pkl
PGK,0,0.0,regressor_model_1.pkl
HDH,0,0.000904075481839693,regressor_model_1.pkl
ALDD1,0,0.0,regressor_model_1.pkl
FE3DCITCH,1,0.002575986202180121,regressor_model_1.pkl
AGPOP,0,0.0,regressor_model_1.pkl
PRAIi_copy2,1,0.0,regressor_model_1.pkl
CBMKr,0,0.0,regressor_model_1.pkl
1PPDCRc,0,0.0,regressor_model_1.pkl
GAPDi_nadp,0,0.0,regressor_model_1.pkl
FE3PYOVDL,0,0.0,regressor_model_1.pkl
PGM,0,0.0,regressor_model_1.pkl
PMANM,0,0.0,regressor_model_1.pkl
ILETA,0,0.0,regressor_model_1.pkl
LEUTA,0,0.0,regressor_model_1.pkl
R15BPK,0,0.0,regressor_model_1.pkl
LYSRC,0,0.0,regressor_model_1.pkl
OXOADLR,1,0.0,regressor_model_1.pkl
TRPS3,0,0.0,regressor_model_1.pkl
H2CO3D,0,0.0,regressor_model_1.pkl
SERAT_copy2,0,0.0,regressor_model_1.pkl
HSK,0,0.0,regressor_model_1.pkl
PPNDH,0,0.0,regressor_model_1.pkl
PSCVT_copy2,0,0.0,regressor_model_1.pkl
G5SD_copy2,0,0.0,regressor_model_1.pkl
ADK1,0,0.0,regressor_model_1.pkl
NTD4,0,0.0,regressor_model_1.pkl
PHETHPTOX3,1,0.012866704690001928,regressor_model_1.pkl
ALATA_L,0,0.0,regressor_model_1.pkl
MEPCT_1,0,0.0,regressor_model_1.pkl
PDH,0,0.0,regressor_model_1.pkl
MALS,0,0.0,regressor_model_1.pkl
ANHMK,0,0.0,regressor_model_1.pkl
RECOAH7,0,0.0,regressor_model_1.pkl
GLUDxi,0,0.0,regressor_model_1.pkl
TRPS1_copy2,0,0.0,regressor_model_1.pkl
ALLTN,0,0.0,regressor_model_1.pkl
NDPK5,0,0.0,regressor_model_1.pkl
HISTD,0,0.0,regressor_model_1.pkl
ME2,0,0.0,regressor_model_1.pkl
GLXCL,0,0.0,regressor_model_1.pkl
PRPPS,0,0.0,regressor_model_1.pkl
URIH,0,0.0,regressor_model_1.pkl
PPCK,0,0.0,regressor_model_1.pkl
ALAR,0,0.0,regressor_model_1.pkl
HPYRI,0,0.0,regressor_model_1.pkl
PRAIi_copy1,0,0.0,regressor_model_1.pkl
CSPMDDH,0,0.0,regressor_model_1.pkl
MAN1PT2,0,0.0015400715138100124,regressor_model_1.pkl
HCO3E,0,0.0,regressor_model_1.pkl
DHAD1_copy1,0,0.0,regressor_model_1.pkl
APPAT,0,0.0,regressor_model_1.pkl
ADPT,0,0.0,regressor_model_1.pkl
PRASCSi_copy2,0,0.0,regressor_model_1.pkl
CBPS,0,0.0,regressor_model_1.pkl
FRDO7r,0,0.0,regressor_model_1.pkl
TRSARr,0,0.0,regressor_model_1.pkl
G5SD_copy1,0,0.0,regressor_model_1.pkl
GLNS_copy2,0,0.0,regressor_model_1.pkl
FRDO6r,0,0.0,regressor_model_1.pkl
MDH,0,0.0,regressor_model_1.pkl
PPM,0,0.0,regressor_model_1.pkl
PTRCTA2,1,0.005486641303449264,regressor_model_1.pkl
DMALRED,0,0.0,regressor_model_1.pkl
G3PD2,0,0.0,regressor_model_1.pkl
DLYSPYRAT,1,0.0014864357928103989,regressor_model_1.pkl
DHSKDH,0,0.0,regressor_model_1.pkl
VALDHr,1,0.0,regressor_model_1.pkl
MEPCT,0,0.0,regressor_model_1.pkl
LSERDHr,0,0.0,regressor_model_1.pkl
G6PDH2r,0,0.0,regressor_model_1.pkl
DHQTi_copy1,0,0.0,regressor_model_1.pkl
DHQTi_copy2,0,0.0,regressor_model_1.pkl
HPYRRx,0,0.0,regressor_model_1.pkl
GLUDy,0,0.0,regressor_model_1.pkl
LTDCL,1,0.0,regressor_model_1.pkl
H2CO3D2,0,0.0,regressor_model_1.pkl
GAPD,0,0.0,regressor_model_1.pkl
SSALy,1,0.0,regressor_model_1.pkl
GLYCTO1,0,0.0,regressor_model_1.pkl
ACS,0,0.0,regressor_model_1.pkl
PDHa,1,0.0,regressor_model_1.pkl
HEPCT,0,0.0,regressor_model_1.pkl
SERAT_copy1,0,0.0,regressor_model_1.pkl
VALTA,0,0.0,regressor_model_1.pkl
SUCOAS,0,0.0,regressor_model_1.pkl
FRDO4r,0,0.0,regressor_model_1.pkl
GLNS_copy1,1,0.0,regressor_model_1.pkl
ILEDHr_1,0,0.0,regressor_model_1.pkl
ENO,0,0.0,regressor_model_1.pkl
RBK,0,0.0,regressor_model_1.pkl
ALATRS,0,0.0,regressor_model_1.pkl
PTPATi,0,0.0,regressor_model_1.pkl
FDH,0,0.0,regressor_model_1.pkl
NDPK3,0,0.0,regressor_model_1.pkl
DHAD1_copy2,0,0.0,regressor_model_1.pkl
PHETA1,0,0.0,regressor_model_1.pkl
FALDM,0,0.0,regressor_model_1.pkl
PPND,0,0.0,regressor_model_1.pkl
PPK,0,0.0,regressor_model_1.pkl
PPA,0,0.0,regressor_model_1.pkl
PRASCSi_copy1,0,0.0,regressor_model_1.pkl
AROH,0,0.0,regressor_model_1.pkl
GLUSy,1,0.0,regressor_model_1.pkl
GLYALDDr,0,0.0,regressor_model_1.pkl
LLEUDr,0,0.0,regressor_model_1.pkl
AGMDA,0,0.0,regressor_model_1.pkl
GLYCK,0,0.0,regressor_model_1.pkl
FE3DCITR,0,0.0,regressor_model_1.pkl
TRPS1_copy1,0,0.0,regressor_model_1.pkl
AKGDH,1,0.018776149931069682,regressor_model_1.pkl
IDPh_1,0,0.0,regressor_model_1.pkl
DLYSOXGAT,0,0.0,regressor_model_1.pkl
NDP8,0,0.0,regressor_model_1.pkl
TALA,1,0.0,regressor_model_1.pkl
URO_c,0,0.0,regressor_model_1.pkl
PGI,0,0.0,regressor_model_1.pkl
ICL,1,0.05898908174340648,regressor_model_1.pkl
PSCVT_copy1,0,0.0,regressor_model_1.pkl
PGK,0,0.0,regressor_model_1.pkl
HDH,1,0.00574937505840135,regressor_model_1.pkl
ALDD1,0,0.0,regressor_model_1.pkl
FE3DCITCH,1,0.0,regressor_model_1.pkl
AGPOP,0,0.0,regressor_model_1.pkl
PRAIi_copy2,1,0.037280900892413676,regressor_model_1.pkl
CBMKr,0,0.0,regressor_model_1.pkl
1PPDCRc,0,0.0,regressor_model_1.pkl
GAPDi_nadp,0,0.0,regressor_model_1.pkl
FE3PYOVDL,0,0.0,regressor_model_1.pkl
PGM,0,0.0,regressor_model_1.pkl
PMANM,0,0.0,regressor_model_1.pkl
ILETA,0,0.0,regressor_model_1.pkl
LEUTA,0,0.0,regressor_model_1.pkl
R15BPK,0,0.0,regressor_model_1.pkl
LYSRC,0,0.0,regressor_model_1.pkl
OXOADLR,1,0.0,regressor_model_1.pkl
TRPS3,0,0.0,regressor_model_1.pkl
H2CO3D,0,0.0,regressor_model_1.pkl
SERAT_copy2,0,0.0,regressor_model_1.pkl
HSK,0,0.0,regressor_model_1.pkl
PPNDH,0,0.0,regressor_model_1.pkl
PSCVT_copy2,1,0.0,regressor_model_1.pkl
G5SD_copy2,0,0.0,regressor_model_1.pkl
ADK1,0,0.0,regressor_model_1.pkl
NTD4,0,0.0,regressor_model_1.pkl
PHETHPTOX3,0,0.014420063146643023,regressor_model_1.pkl
ALATA_L,0,0.0,regressor_model_1.pkl
MEPCT_1,0,0.0,regressor_model_1.pkl
PDH,0,0.0,regressor_model_1.pkl
MALS,0,0.0,regressor_model_1.pkl
ANHMK,0,0.0,regressor_model_1.pkl
RECOAH7,0,0.0,regressor_model_1.pkl
GLUDxi,0,0.0,regressor_model_1.pkl
TRPS1_copy2,0,0.0,regressor_model_1.pkl
ALLTN,0,0.0,regressor_model_1.pkl
NDPK5,0,0.0,regressor_model_1.pkl
HISTD,0,0.0,regressor_model_1.pkl
ME2,0,0.0,regressor_model_1.pkl
GLXCL,0,0.0,regressor_model_1.pkl
PRPPS,0,0.0,regressor_model_1.pkl
URIH,0,0.0008936007189674633,regressor_model_1.pkl
PPCK,0,0.0,regressor_model_1.pkl
ALAR,0,0.0,regressor_model_1.pkl
HPYRI,0,0.0,regressor_model_1.pkl
PRAIi_copy1,0,0.0,regressor_model_1.pkl
CSPMDDH,0,0.0,regressor_model_1.pkl
MAN1PT2,1,0.0,regressor_model_1.pkl
HCO3E,0,0.0,regressor_model_1.pkl
DHAD1_copy1,0,0.0,regressor_model_1.pkl
APPAT,0,0.0,regressor_model_1.pkl
ADPT,0,0.0,regressor_model_1.pkl
PRASCSi_copy2,0,0.0,regressor_model_1.pkl
CBPS,0,0.0,regressor_model_1.pkl
FRDO7r,0,0.0,regressor_model_1.pkl
TRSARr,0,0.0,regressor_model_1.pkl
G5SD_copy1,0,0.0,regressor_model_1.pkl
GLNS_copy2,0,0.0,regressor_model_1.pkl
FRDO6r,0,0.0,regressor_model_1.pkl
MDH,0,0.0,regressor_model_1.pkl
PPM,0,0.0,regressor_model_1.pkl
PTRCTA2,1,0.00347108154959556,regressor_model_1.pkl
DMALRED,0,0.0,regressor_model_1.pkl
G3PD2,0,0.0,regressor_model_1.pkl
DLYSPYRAT,0,0.0031815291857550184,regressor_model_1.pkl
DHSKDH,0,0.0,regressor_model_1.pkl
VALDHr,1,0.0018255142662305414,regressor_model_1.pkl
MEPCT,0,0.0,regressor_model_1.pkl
LSERDHr,0,0.0,regressor_model_1.pkl
G6PDH2r,0,0.0,regressor_model_1.pkl
DHQTi_copy1,0,0.0,regressor_model_1.pkl
DHQTi_copy2,0,0.0,regressor_model_1.pkl
HPYRRx,0,0.0,regressor_model_1.pkl
GLUDy,0,0.0,regressor_model_1.pkl
LTDCL,1,0.007534259202046073,regressor_model_1.pkl
H2CO3D2,0,0.0,regressor_model_1.pkl
GAPD,0,0.0,regressor_model_1.pkl
SSALy,1,0.021577620892610026,regressor_model_1.pkl
GLYCTO1,0,0.0,regressor_model_1.pkl
ACS,0,0.0,regressor_model_1.pkl
PDHa,0,0.003377212415993246,regressor_model_1.pkl
HEPCT,0,0.0,regressor_model_1.pkl
SERAT_copy1,0,0.0,regressor_model_1.pkl
VALTA,0,0.0,regressor_model_1.pkl
SUCOAS,0,0.0,regressor_model_1.pkl
FRDO4r,0,0.0,regressor_model_1.pkl
GLNS_copy1,1,0.0014901333313850937,regressor_model_1.pkl
ILEDHr_1,0,0.0,regressor_model_1.pkl
ENO,0,0.0,regressor_model_1.pkl
RBK,0,0.0,regressor_model_1.pkl
ALATRS,0,0.0,regressor_model_1.pkl
PTPATi,0,0.0,regressor_model_1.pkl
FDH,0,0.0,regressor_model_1.pkl
NDPK3,0,0.0,regressor_model_1.pkl
DHAD1_copy2,0,0.0,regressor_model_1.pkl
PHETA1,0,0.0,regressor_model_1.pkl
FALDM,0,0.0,regressor_model_1.pkl
PPND,0,0.0,regressor_model_1.pkl
PPK,0,0.0,regressor_model_1.pkl
PPA,0,0.0,regressor_model_1.pkl
PRASCSi_copy1,0,0.0,regressor_model_1.pkl
AROH,0,0.0,regressor_model_1.pkl
GLUSy,0,0.0,regressor_model_1.pkl
GLYALDDr,0,0.0,regressor_model_1.pkl
LLEUDr,0,0.0,regressor_model_1.pkl
AGMDA,0,0.0,regressor_model_1.pkl
GLYCK,0,0.0,regressor_model_1.pkl
FE3DCITR,0,0.0,regressor_model_1.pkl
TRPS1_copy1,0,0.0,regressor_model_1.pkl
AKGDH,1,0.01468762875077768,regressor_model_1.pkl
IDPh_1,0,0.0,regressor_model_1.pkl
DLYSOXGAT,0,0.0,regressor_model_1.pkl
NDP8,0,0.0,regressor_model_1.pkl
TALA,1,0.0,regressor_model_1.pkl
URO_c,0,0.0,regressor_model_1.pkl
PGI,0,0.0,regressor_model_1.pkl
ICL,1,0.06919345347071092,regressor_model_1.pkl
PSCVT_copy1,0,0.0,regressor_model_1.pkl
PGK,0,0.0,regressor_model_1.pkl
HDH,0,0.0,regressor_model_1.pkl
ALDD1,0,0.0,regressor_model_1.pkl
FE3DCITCH,1,0.0,regressor_model_1.pkl
AGPOP,0,0.0,regressor_model_1.pkl
PRAIi_copy2,1,0.026224039355334117,regressor_model_1.pkl
CBMKr,0,0.0,regressor_model_1.pkl
1PPDCRc,0,0.0,regressor_model_1.pkl
GAPDi_nadp,0,0.00047115463198141175,regressor_model_1.pkl
FE3PYOVDL,0,0.0,regressor_model_1.pkl
PGM,0,0.0,regressor_model_1.pkl
PMANM,0,0.0,regressor_model_1.pkl
ILETA,0,0.0,regressor_model_1.pkl
LEUTA,1,0.0004972217571209417,regressor_model_1.pkl
R15BPK,0,0.0,regressor_model_1.pkl
LYSRC,0,0.0,regressor_model_1.pkl
OXOADLR,1,0.0,regressor_model_1.pkl
TRPS3,0,0.0,regressor_model_1.pkl
H2CO3D,0,0.0,regressor_model_1.pkl
SERAT_copy2,1,0.0,regressor_model_1.pkl
HSK,0,0.0,regressor_model_1.pkl
PPNDH,1,0.0,regressor_model_1.pkl
PSCVT_copy2,0,0.0,regressor_model_1.pkl
G5SD_copy2,0,0.0,regressor_model_1.pkl
ADK1,0,0.0,regressor_model_1.pkl
NTD4,0,0.0,regressor_model_1.pkl
PHETHPTOX3,0,0.013097725788189619,regressor_model_1.pkl
ALATA_L,0,0.0,regressor_model_1.pkl
MEPCT_1,0,0.0,regressor_model_1.pkl
PDH,0,0.0,regressor_model_1.pkl
MALS,0,0.0,regressor_model_1.pkl
ANHMK,0,0.0,regressor_model_1.pkl
RECOAH7,0,0.0,regressor_model_1.pkl
GLUDxi,0,0.0,regressor_model_1.pkl
TRPS1_copy2,0,0.0,regressor_model_1.pkl
ALLTN,0,0.0,regressor_model_1.pkl
NDPK5,1,0.0,regressor_model_1.pkl
HISTD,0,0.0,regressor_model_1.pkl
ME2,0,0.0,regressor_model_1.pkl
GLXCL,0,0.0,regressor_model_1.pkl
PRPPS,0,0.0,regressor_model_1.pkl
URIH,0,0.0,regressor_model_1.pkl
PPCK,0,0.0,regressor_model_1.pkl
ALAR,0,0.0,regressor_model_1.pkl
HPYRI,1,0.0,regressor_model_1.pkl
PRAIi_copy1,0,0.0,regressor_model_1.pkl
CSPMDDH,0,0.0,regressor_model_1.pkl
MAN1PT2,0,0.0011506785362147688,regressor_model_1.pkl
HCO3E,0,0.0,regressor_model_1.pkl
DHAD1_copy1,0,0.0,regressor_model_1.pkl
APPAT,0,0.0,regressor_model_1.pkl
ADPT,0,0.0,regressor_model_1.pkl
PRASCSi_copy2,0,0.0,regressor_model_1.pkl
CBPS,0,0.0,regressor_model_1.pkl
FRDO7r,1,0.0,regressor_model_1.pkl
TRSARr,0,0.0008416994491032125,regressor_model_1.pkl
G5SD_copy1,0,0.0,regressor_model_1.pkl
GLNS_copy2,0,0.0005274636625408058,regressor_model_1.pkl
FRDO6r,0,0.0,regressor_model_1.pkl
MDH,0,0.0,regressor_model_1.pkl
PPM,0,0.0,regressor_model_1.pkl
PTRCTA2,1,0.004580378174722663,regressor_model_1.pkl
DMALRED,0,0.0,regressor_model_1.pkl
G3PD2,0,0.0,regressor_model_1.pkl
DLYSPYRAT,0,0.0,regressor_model_1.pkl
DHSKDH,0,0.0,regressor_model_1.pkl
VALDHr,1,0.002415179069683791,regressor_model_1.pkl
MEPCT,0,0.0,regressor_model_1.pkl
LSERDHr,0,0.0,regressor_model_1.pkl
G6PDH2r,0,0.0,regressor_model_1.pkl
DHQTi_copy1,0,0.0,regressor_model_1.pkl
DHQTi_copy2,0,0.0,regressor_model_1.pkl
HPYRRx,0,0.0,regressor_model_1.pkl
GLUDy,0,0.0,regressor_model_1.pkl
LTDCL,0,0.01496787260403326,regressor_model_1.pkl
H2CO3D2,0,0.0,regressor_model_1.pkl
GAPD,0,0.0,regressor_model_1.pkl
SSALy,1,0.024780872153509947,regressor_model_1.pkl
GLYCTO1,0,0.0,regressor_model_1.pkl
ACS,0,0.0,regressor_model_1.pkl
PDHa,1,0.004957916036607399,regressor_model_1.pkl
HEPCT,0,0.0,regressor_model_1.pkl
SERAT_copy1,0,0.0,regressor_model_1.pkl
VALTA,0,0.0,regressor_model_1.pkl
SUCOAS,0,0.0,regressor_model_1.pkl
FRDO4r,0,0.0,regressor_model_1.pkl
GLNS_copy1,1,0.002729208520648718,regressor_model_1.pkl
ILEDHr_1,0,0.0,regressor_model_1.pkl
ENO,0,0.0,regressor_model_1.pkl
RBK,0,0.0008509404669659843,regressor_model_1.pkl
ALATRS,0,0.0,regressor_model_1.pkl
PTPATi,0,0.0,regressor_model_1.pkl
FDH,0,0.0,regressor_model_1.pkl
NDPK3,0,0.0,regressor_model_1.pkl
DHAD1_copy2,0,0.0,regressor_model_1.pkl
PHETA1,0,0.0,regressor_model_1.pkl
FALDM,0,0.0,regressor_model_1.pkl
PPND,0,0.0,regressor_model_1.pkl
PPK,0,0.0,regressor_model_1.pkl
PPA,0,0.0,regressor_model_1.pkl
PRASCSi_copy1,0,0.0,regressor_model_1.pkl
AROH,0,0.0,regressor_model_1.pkl
GLUSy,0,0.0,regressor_model_1.pkl
GLYALDDr,0,0.0,regressor_model_1.pkl
LLEUDr,1,0.0,regressor_model_1.pkl
AGMDA,1,0.0,regressor_model_1.pkl
GLYCK,0,0.0008664247345787637,regressor_model_1.pkl
FE3DCITR,0,0.0,regressor_model_1.pkl
TRPS1_copy1,0,0.0,regressor_model_1.pkl
AKGDH,1,0.012687349707677325,regressor_model_1.pkl
IDPh_1,0,0.0,regressor_model_1.pkl
DLYSOXGAT,0,0.0,regressor_model_1.pkl
NDP8,0,0.0,regressor_model_1.pkl
TALA,1,0.0,regressor_model_1.pkl
URO_c,0,0.0,regressor_model_1.pkl
PGI,0,0.0,regressor_model_1.pkl
ICL,1,0.061859363372922437,regressor_model_1.pkl
PSCVT_copy1,0,0.0,regressor_model_1.pkl
PGK,0,0.0,regressor_model_1.pkl
HDH,0,0.005869444493006092,regressor_model_1.pkl
ALDD1,0,0.0,regressor_model_1.pkl
FE3DCITCH,1,0.0,regressor_model_1.pkl
AGPOP,0,0.0009361636615468652,regressor_model_1.pkl
PRAIi_copy2,0,0.03180877393271207,regressor_model_1.pkl
CBMKr,0,0.0,regressor_model_1.pkl
1PPDCRc,0,0.0,regressor_model_1.pkl
GAPDi_nadp,0,0.0,regressor_model_1.pkl
FE3PYOVDL,0,0.0,regressor_model_1.pkl
PGM,0,0.0,regressor_model_1.pkl
PMANM,0,0.0,regressor_model_1.pkl
ILETA,0,0.0,regressor_model_1.pkl
LEUTA,0,0.0,regressor_model_1.pkl
R15BPK,0,0.0,regressor_model_1.pkl
LYSRC,0,0.0,regressor_model_1.pkl
OXOADLR,1,0.0,regressor_model_1.pkl
TRPS3,0,0.0,regressor_model_1.pkl
H2CO3D,0,0.0,regressor_model_1.pkl
SERAT_copy2,1,0.0,regressor_model_1.pkl
HSK,1,0.0,regressor_model_1.pkl
PPNDH,0,0.0,regressor_model_1.pkl
PSCVT_copy2,0,0.0,regressor_model_1.pkl
G5SD_copy2,0,0.0,regressor_model_1.pkl
ADK1,0,0.0,regressor_model_1.pkl
NTD4,0,0.0,regressor_model_1.pkl
PHETHPTOX3,1,0.0,regressor_model_1.pkl
ALATA_L,0,0.0,regressor_model_1.pkl
MEPCT_1,0,0.0014659000758337197,regressor_model_1.pkl
PDH,0,0.0,regressor_model_1.pkl
MALS,0,0.0009731086506394411,regressor_model_1.pkl
ANHMK,0,0.0,regressor_model_1.pkl
RECOAH7,0,0.0,regressor_model_1.pkl
GLUDxi,0,0.0,regressor_model_1.pkl
TRPS1_copy2,0,0.0,regressor_model_1.pkl
ALLTN,0,0.0,regressor_model_1.pkl
NDPK5,0,0.0,regressor_model_1.pkl
HISTD,0,0.0013848135085859556,regressor_model_1.pkl
ME2,0,0.0,regressor_model_1.pkl
GLXCL,0,0.0,regressor_model_1.pkl
PRPPS,0,0.0,regressor_model_1.pkl
URIH,0,0.0,regressor_model_1.pkl
PPCK,0,0.0,regressor_model_1.pkl
ALAR,0,0.0,regressor_model_1.pkl
HPYRI,0,0.0009448700623213486,regressor_model_1.pkl
PRAIi_copy1,0,0.0,regressor_model_1.pkl
CSPMDDH,0,0.0,regressor_model_1.pkl
MAN1PT2,1,0.0030243934271167207,regressor_model_1.pkl
HCO3E,0,0.000988459854968704,regressor_model_1.pkl
DHAD1_copy1,0,0.0,regressor_model_1.pkl
APPAT,0,0.0,regressor_model_1.pkl
ADPT,0,0.0,regressor_model_1.pkl
PRASCSi_copy2,0,0.0,regressor_model_1.pkl
CBPS,0,0.0,regressor_model_1.pkl
FRDO7r,1,0.0,regressor_model_1.pkl
TRSARr,0,0.0,regressor_model_1.pkl
G5SD_copy1,0,0.0,regressor_model_1.pkl
GLNS_copy2,0,0.0,regressor_model_1.pkl
FRDO6r,0,0.0,regressor_model_1.pkl
MDH,0,0.0,regressor_model_1.pkl
PPM,0,0.0,regressor_model_1.pkl
PTRCTA2,1,0.0,regressor_model_1.pkl
DMALRED,0,0.0,regressor_model_1.pkl
G3PD2,0,0.0,regressor_model_1.pkl
DLYSPYRAT,0,0.0,regressor_model_1.pkl
DHSKDH,0,0.0,regressor_model_1.pkl
VALDHr,1,0.004353271619003142,regressor_model_1.pkl
MEPCT,0,0.0,regressor_model_1.pkl
LSERDHr,0,0.0009668824633524617,regressor_model_1.pkl
G6PDH2r,0,0.0,regressor_model_1.pkl
DHQTi_copy1,0,0.0,regressor_model_1.pkl
DHQTi_copy2,0,0.00048724380662391284,regressor_model_1.pkl
HPYRRx,0,0.0,regressor_model_1.pkl
GLUDy,0,0.0,regressor_model_1.pkl
LTDCL,1,0.015415503194191276,regressor_model_1.pkl
H2CO3D2,0,0.0,regressor_model_1.pkl
GAPD,0,0.0,regressor_model_1.pkl
SSALy,1,0.0266717303284415,regressor_model_1.pkl
GLYCTO1,0,0.0,regressor_model_1.pkl
ACS,0,0.0,regressor_model_1.pkl
PDHa,0,0.0051957714034080605,regressor_model_1.pkl
HEPCT,0,0.0,regressor_model_1.pkl
SERAT_copy1,0,0.0,regressor_model_1.pkl
VALTA,0,0.0,regressor_model_1.pkl
SUCOAS,0,0.0,regressor_model_1.pkl
FRDO4r,0,0.0,regressor_model_1.pkl
GLNS_copy1,1,0.0,regressor_model_1.pkl
ILEDHr_1,0,0.0,regressor_model_1.pkl
ENO,0,0.0,regressor_model_1.pkl
RBK,0,0.0,regressor_model_1.pkl
ALATRS,0,0.0,regressor_model_1.pkl
PTPATi,0,0.0,regressor_model_1.pkl
FDH,0,0.0,regressor_model_1.pkl
NDPK3,0,0.0,regressor_model_1.pkl
DHAD1_copy2,0,0.0,regressor_model_1.pkl
PHETA1,0,0.0015253619438095449,regressor_model_1.pkl
FALDM,0,0.0,regressor_model_1.pkl
PPND,0,0.0,regressor_model_1.pkl
PPK,0,0.0,regressor_model_1.pkl
PPA,0,0.0,regressor_model_1.pkl
PRASCSi_copy1,0,0.0,regressor_model_1.pkl
AROH,0,0.0,regressor_model_1.pkl
GLUSy,0,0.0009062082798270592,regressor_model_1.pkl
GLYALDDr,0,0.0,regressor_model_1.pkl
LLEUDr,0,0.0,regressor_model_1.pkl
AGMDA,0,0.0,regressor_model_1.pkl
GLYCK,1,0.0,regressor_model_1.pkl
FE3DCITR,0,0.0,regressor_model_1.pkl
TRPS1_copy1,0,0.0,regressor_model_1.pkl
AKGDH,1,0.011362625850355544,regressor_model_1.pkl
IDPh_1,0,0.0,regressor_model_1.pkl
DLYSOXGAT,0,0.0,regressor_model_1.pkl
NDP8,0,0.0,regressor_model_1.pkl
TALA,1,0.0,regressor_model_1.pkl
URO_c,0,0.0,regressor_model_1.pkl
PGI,0,0.0,regressor_model_1.pkl
ICL,1,0.06645924109972842,regressor_model_1.pkl
PSCVT_copy1,0,0.0,regressor_model_1.pkl
PGK,0,0.0,regressor_model_1.pkl
HDH,1,0.004577159301612936,regressor_model_1.pkl
ALDD1,0,0.0,regressor_model_1.pkl
FE3DCITCH,1,0.0,regressor_model_1.pkl
AGPOP,0,0.0,regressor_model_1.pkl
PRAIi_copy2,0,0.033346138861482494,regressor_model_1.pkl
CBMKr,0,0.0,regressor_model_1.pkl
1PPDCRc,0,0.0,regressor_model_1.pkl
GAPDi_nadp,0,0.0,regressor_model_1.pkl
FE3PYOVDL,0,0.0,regressor_model_1.pkl
PGM,0,0.0,regressor_model_1.pkl
PMANM,0,0.0,regressor_model_1.pkl
ILETA,1,0.0,regressor_model_1.pkl
LEUTA,0,0.0,regressor_model_1.pkl
R15BPK,0,0.0,regressor_model_1.pkl
LYSRC,0,0.0,regressor_model_1.pkl
OXOADLR,0,0.0,regressor_model_1.pkl
TRPS3,0,0.0,regressor_model_1.pkl
H2CO3D,0,0.0,regressor_model_1.pkl
SERAT_copy2,0,0.0,regressor_model_1.pkl
HSK,0,0.0,regressor_model_1.pkl
PPNDH,0,0.0,regressor_model_1.pkl
PSCVT_copy2,0,0.0,regressor_model_1.pkl
G5SD_copy2,0,0.0,regressor_model_1.pkl
ADK1,0,0.0,regressor_model_1.pkl
NTD4,0,0.0008861253168537045,regressor_model_1.pkl
PHETHPTOX3,1,0.01397038279029996,regressor_model_1.pkl
ALATA_L,0,0.0,regressor_model_1.pkl
MEPCT_1,0,0.0,regressor_model_1.pkl
PDH,0,0.0,regressor_model_1.pkl
MALS,0,0.0008905707845618011,regressor_model_1.pkl
ANHMK,0,0.0,regressor_model_1.pkl
RECOAH7,0,0.0,regressor_model_1.pkl
GLUDxi,0,0.0,regressor_model_1.pkl
TRPS1_copy2,0,0.0,regressor_model_1.pkl
ALLTN,0,0.0,regressor_model_1.pkl
NDPK5,1,0.0,regressor_model_1.pkl
HISTD,0,0.0,regressor_model_1.pkl
ME2,0,0.0,regressor_model_1.pkl
GLXCL,0,0.0,regressor_model_1.pkl
PRPPS,0,0.0,regressor_model_1.pkl
URIH,0,0.0,regressor_model_1.pkl
PPCK,0,0.0,regressor_model_1.pkl
ALAR,0,0.0,regressor_model_1.pkl
HPYRI,0,0.0,regressor_model_1.pkl
PRAIi_copy1,0,0.0,regressor_model_1.pkl
CSPMDDH,0,0.0,regressor_model_1.pkl
MAN1PT2,1,0.0034751423456205826,regressor_model_1.pkl
HCO3E,0,0.0,regressor_model_1.pkl
DHAD1_copy1,0,0.0,regressor_model_1.pkl
APPAT,0,0.0,regressor_model_1.pkl
ADPT,0,0.0,regressor_model_1.pkl
PRASCSi_copy2,0,0.0,regressor_model_1.pkl
CBPS,0,0.0,regressor_model_1.pkl
FRDO7r,0,0.0,regressor_model_1.pkl
TRSARr,0,0.0,regressor_model_1.pkl
G5SD_copy1,0,0.0,regressor_model_1.pkl
GLNS_copy2,0,0.0,regressor_model_1.pkl
FRDO6r,0,0.0008753774472312348,regressor_model_1.pkl
MDH,0,0.0,regressor_model_1.pkl
PPM,1,0.0,regressor_model_1.pkl
PTRCTA2,1,0.0,regressor_model_1.pkl
DMALRED,0,0.0,regressor_model_1.pkl
G3PD2,0,0.0,regressor_model_1.pkl
DLYSPYRAT,0,0.0,regressor_model_1.pkl
DHSKDH,0,0.0,regressor_model_1.pkl
VALDHr,1,0.001442702679672431,regressor_model_1.pkl
MEPCT,0,0.0,regressor_model_1.pkl
LSERDHr,0,0.0,regressor_model_1.pkl
G6PDH2r,0,0.0,regressor_model_1.pkl
DHQTi_copy1,0,0.0,regressor_model_1.pkl
DHQTi_copy2,0,0.0,regressor_model_1.pkl
HPYRRx,0,0.0,regressor_model_1.pkl
GLUDy,0,0.0,regressor_model_1.pkl
LTDCL,1,0.019688035933234743,regressor_model_1.pkl
H2CO3D2,0,0.0,regressor_model_1.pkl
GAPD,0,0.0,regressor_model_1.pkl
SSALy,1,0.023572964569155825,regressor_model_1.pkl
GLYCTO1,0,0.0,regressor_model_1.pkl
ACS,0,0.0,regressor_model_1.pkl
PDHa,1,0.00411675928962953,regressor_model_1.pkl
HEPCT,0,0.0,regressor_model_1.pkl
SERAT_copy1,0,0.0,regressor_model_1.pkl
VALTA,0,0.0,regressor_model_1.pkl
SUCOAS,0,0.0,regressor_model_1.pkl
FRDO4r,0,0.0,regressor_model_1.pkl
GLNS_copy1,1,0.0019526412060519715,regressor_model_1.pkl
ILEDHr_1,0,0.0,regressor_model_1.pkl
ENO,0,0.0,regressor_model_1.pkl
RBK,0,0.0,regressor_model_1.pkl
ALATRS,0,0.0,regressor_model_1.pkl
PTPATi,0,0.0,regressor_model_1.pkl
FDH,0,0.0,regressor_model_1.pkl
NDPK3,0,0.0,regressor_model_1.pkl
DHAD1_copy2,0,0.0,regressor_model_1.pkl
PHETA1,0,0.0,regressor_model_1.pkl
FALDM,0,0.0,regressor_model_1.pkl
PPND,0,0.0,regressor_model_1.pkl
PPK,0,0.0,regressor_model_1.pkl
PPA,0,0.0,regressor_model_1.pkl
PRASCSi_copy1,1,0.0,regressor_model_1.pkl
AROH,0,0.0,regressor_model_1.pkl
GLUSy,0,0.0,regressor_model_1.pkl
GLYALDDr,0,0.0,regressor_model_1.pkl
LLEUDr,1,0.00018476636248720914,regressor_model_1.pkl
AGMDA,0,0.0,regressor_model_1.pkl
GLYCK,0,0.0,regressor_model_1.pkl
FE3DCITR,0,0.0,regressor_model_1.pkl
TRPS1_copy1,0,0.0,regressor_model_1.pkl
AKGDH,1,0.007494776915841489,regressor_model_1.pkl
IDPh_1,0,0.0,regressor_model_1.pkl
DLYSOXGAT,0,0.0,regressor_model_1.pkl
NDP8,0,0.0,regressor_model_1.pkl
TALA,1,0.0,regressor_model_1.pkl
URO_c,0,0.0,regressor_model_1.pkl
PGI,0,0.0,regressor_model_1.pkl
ICL,1,0.04689502533931393,regressor_model_1.pkl
PSCVT_copy1,0,0.0,regressor_model_1.pkl
PGK,0,0.0,regressor_model_1.pkl
HDH,1,0.0,regressor_model_1.pkl
ALDD1,0,0.0,regressor_model_1.pkl
FE3DCITCH,1,0.0,regressor_model_1.pkl
AGPOP,0,0.0,regressor_model_1.pkl
PRAIi_copy2,1,0.0,regressor_model_1.pkl
CBMKr,0,0.0,regressor_model_1.pkl
1PPDCRc,0,0.0,regressor_model_1.pkl
GAPDi_nadp,0,0.0,regressor_model_1.pkl
FE3PYOVDL,0,0.0,regressor_model_1.pkl
PGM,0,0.0,regressor_model_1.pkl
PMANM,0,0.0,regressor_model_1.pkl
ILETA,0,0.0,regressor_model_1.pkl
LEUTA,0,0.0,regressor_model_1.pkl
R15BPK,0,0.0003355054541104067,regressor_model_1.pkl
LYSRC,0,0.0,regressor_model_1.pkl
OXOADLR,1,0.0024466778565737776,regressor_model_1.pkl
TRPS3,0,0.0,regressor_model_1.pkl
H2CO3D,0,0.0,regressor_model_1.pkl
SERAT_copy2,0,0.0,regressor_model_1.pkl
HSK,0,0.0,regressor_model_1.pkl
PPNDH,0,0.0,regressor_model_1.pkl
PSCVT_copy2,0,0.0,regressor_model_1.pkl
G5SD_copy2,0,0.0,regressor_model_1.pkl
ADK1,0,0.0,regressor_model_1.pkl
NTD4,0,0.0,regressor_model_1.pkl
PHETHPTOX3,1,0.012574340671605774,regressor_model_1.pkl
ALATA_L,0,0.0,regressor_model_1.pkl
MEPCT_1,0,0.0,regressor_model_1.pkl
PDH,0,0.0,regressor_model_1.pkl
MALS,0,0.0,regressor_model_1.pkl
ANHMK,0,0.0,regressor_model_1.pkl
RECOAH7,0,0.0,regressor_model_1.pkl
GLUDxi,0,0.0,regressor_model_1.pkl
TRPS1_copy2,0,0.0,regressor_model_1.pkl
ALLTN,0,0.0,regressor_model_1.pkl
NDPK5,0,0.0,regressor_model_1.pkl
HISTD,0,0.0,regressor_model_1.pkl
ME2,0,0.0,regressor_model_1.pkl
GLXCL,0,0.0,regressor_model_1.pkl
PRPPS,0,0.0,regressor_model_1.pkl
URIH,0,0.0,regressor_model_1.pkl
PPCK,0,0.0,regressor_model_1.pkl
ALAR,0,0.0,regressor_model_1.pkl
HPYRI,0,0.0009982302935520337,regressor_model_1.pkl
PRAIi_copy1,0,0.0,regressor_model_1.pkl
CSPMDDH,0,0.0,regressor_model_1.pkl
MAN1PT2,1,0.0017621955724268917,regressor_model_1.pkl
HCO3E,0,0.0,regressor_model_1.pkl
DHAD1_copy1,0,0.0,regressor_model_1.pkl
APPAT,0,0.0,regressor_model_1.pkl
ADPT,0,0.0,regressor_model_1.pkl
PRASCSi_copy2,0,0.0,regressor_model_1.pkl
CBPS,0,0.0,regressor_model_1.pkl
FRDO7r,0,0.0,regressor_model_1.pkl
TRSARr,0,0.0,regressor_model_1.pkl
G5SD_copy1,0,0.0,regressor_model_1.pkl
GLNS_copy2,0,0.0,regressor_model_1.pkl
FRDO6r,0,0.0,regressor_model_1.pkl
MDH,0,0.0,regressor_model_1.pkl
PPM,0,0.0,regressor_model_1.pkl
PTRCTA2,0,-0.0007716090462603698,regressor_model_1.pkl
DMALRED,1,0.0,regressor_model_1.pkl
G3PD2,0,0.0,regressor_model_1.pkl
DLYSPYRAT,1,-0.0002082714842954526,regressor_model_1.pkl
DHSKDH,0,0.0,regressor_model_1.pkl
VALDHr,1,0.0,regressor_model_1.pkl
MEPCT,0,0.0,regressor_model_1.pkl
LSERDHr,0,0.0,regressor_model_1.pkl
G6PDH2r,0,0.0,regressor_model_1.pkl
DHQTi_copy1,0,0.0,regressor_model_1.pkl
DHQTi_copy2,1,0.0,regressor_model_1.pkl
HPYRRx,0,0.0,regressor_model_1.pkl
GLUDy,0,0.0,regressor_model_1.pkl
LTDCL,1,-0.0011107969133971854,regressor_model_1.pkl
H2CO3D2,0,0.0,regressor_model_1.pkl
GAPD,0,0.0,regressor_model_1.pkl
SSALy,1,0.005520467935372281,regressor_model_1.pkl
GLYCTO1,0,0.0,regressor_model_1.pkl
ACS,1,0.0,regressor_model_1.pkl
PDHa,1,-0.0003798733456638251,regressor_model_1.pkl
HEPCT,0,0.0,regressor_model_1.pkl
SERAT_copy1,0,0.0,regressor_model_1.pkl
VALTA,0,0.0,regressor_model_1.pkl
SUCOAS,0,0.0,regressor_model_1.pkl
FRDO4r,0,0.0,regressor_model_1.pkl
GLNS_copy1,0,0.0,regressor_model_1.pkl
ILEDHr_1,1,0.0,regressor_model_1.pkl
ENO,0,0.0,regressor_model_1.pkl
RBK,0,0.0,regressor_model_1.pkl
ALATRS,0,0.0,regressor_model_1.pkl
PTPATi,0,0.0,regressor_model_1.pkl
FDH,0,-0.00013816549596497118,regressor_model_1.pkl
NDPK3,0,0.0,regressor_model_1.pkl
DHAD1_copy2,0,0.0,regressor_model_1.pkl
PHETA1,0,0.0,regressor_model_1.pkl
FALDM,0,-0.00018115859721092853,regressor_model_1.pkl
PPND,0,0.0,regressor_model_1.pkl
PPK,0,0.0,regressor_model_1.pkl
PPA,0,0.0,regressor_model_1.pkl
PRASCSi_copy1,0,0.0,regressor_model_1.pkl
AROH,0,0.0,regressor_model_1.pkl
GLUSy,1,0.0,regressor_model_1.pkl
GLYALDDr,0,0.0,regressor_model_1.pkl
LLEUDr,0,0.0,regressor_model_1.pkl
AGMDA,0,0.0,regressor_model_1.pkl
GLYCK,0,0.0,regressor_model_1.pkl
FE3DCITR,1,0.0,regressor_model_1.pkl
TRPS1_copy1,0,0.0,regressor_model_1.pkl
AKGDH,1,-0.0011264616850080178,regressor_model_1.pkl
IDPh_1,0,0.0,regressor_model_1.pkl
DLYSOXGAT,0,0.0,regressor_model_1.pkl
NDP8,0,0.0,regressor_model_1.pkl
TALA,1,0.0,regressor_model_1.pkl
URO_c,0,0.0,regressor_model_1.pkl
PGI,0,0.0,regressor_model_1.pkl
ICL,1,0.004915587202366142,regressor_model_1.pkl
PSCVT_copy1,0,0.0,regressor_model_1.pkl
PGK,0,0.0,regressor_model_1.pkl
HDH,0,0.0,regressor_model_1.pkl
ALDD1,0,0.0,regressor_model_1.pkl
FE3DCITCH,1,0.0,regressor_model_1.pkl
AGPOP,0,0.0,regressor_model_1.pkl
PRAIi_copy2,0,-0.0017927147265825044,regressor_model_1.pkl
CBMKr,0,0.0,regressor_model_1.pkl
1PPDCRc,0,0.0,regressor_model_1.pkl
GAPDi_nadp,0,0.0,regressor_model_1.pkl
FE3PYOVDL,0,0.0,regressor_model_1.pkl
PGM,0,0.0,regressor_model_1.pkl
PMANM,0,0.0,regressor_model_1.pkl
ILETA,0,0.0,regressor_model_1.pkl
LEUTA,0,0.0,regressor_model_1.pkl
R15BPK,0,0.0,regressor_model_1.pkl
LYSRC,1,0.0,regressor_model_1.pkl
OXOADLR,1,0.0,regressor_model_1.pkl
TRPS3,1,0.0,regressor_model_1.pkl
H2CO3D,0,0.0,regressor_model_1.pkl
SERAT_copy2,0,0.0,regressor_model_1.pkl
HSK,0,0.0,regressor_model_1.pkl
PPNDH,0,0.0,regressor_model_1.pkl
PSCVT_copy2,0,0.0,regressor_model_1.pkl
G5SD_copy2,0,0.0,regressor_model_1.pkl
ADK1,0,0.0,regressor_model_1.pkl
NTD4,0,0.0,regressor_model_1.pkl
PHETHPTOX3,0,-0.0008689596599306439,regressor_model_1.pkl
ALATA_L,0,0.0,regressor_model_1.pkl
MEPCT_1,0,0.0006352083707607927,regressor_model_1.pkl
PDH,0,0.0,regressor_model_1.pkl
MALS,0,0.0008623190795828103,regressor_model_1.pkl
ANHMK,0,0.0,regressor_model_1.pkl
RECOAH7,0,0.0,regressor_model_1.pkl
GLUDxi,0,0.0,regressor_model_1.pkl
TRPS1_copy2,0,0.0,regressor_model_1.pkl
ALLTN,0,-0.0002523080059045818,regressor_model_1.pkl
NDPK5,1,0.0,regressor_model_1.pkl
HISTD,0,-0.00010501677049164893,regressor_model_1.pkl
ME2,0,0.0,regressor_model_1.pkl
GLXCL,0,0.0,regressor_model_1.pkl
PRPPS,0,0.0,regressor_model_1.pkl
URIH,1,0.0006595154395641842,regressor_model_1.pkl
PPCK,0,0.00031000495159899406,regressor_model_1.pkl
ALAR,0,0.0,regressor_model_1.pkl
HPYRI,0,0.0,regressor_model_1.pkl
PRAIi_copy1,0,0.0,regressor_model_1.pkl
CSPMDDH,0,0.0,regressor_model_1.pkl
MAN1PT2,0,-0.00012889806080739472,regressor_model_1.pkl
HCO3E,0,0.0,regressor_model_1.pkl
DHAD1_copy1,0,0.0,regressor_model_1.pkl
APPAT,0,0.0,regressor_model_1.pkl
ADPT,0,0.0,regressor_model_1.pkl
PRASCSi_copy2,0,0.0,regressor_model_1.pkl
CBPS,1,0.0,regressor_model_1.pkl
FRDO7r,0,0.0,regressor_model_1.pkl
TRSARr,0,0.0,regressor_model_1.pkl
G5SD_copy1,1,0.0,regressor_model_1.pkl
GLNS_copy2,0,0.0,regressor_model_1.pkl
FRDO6r,0,-0.00022235207420598455,regressor_model_1.pkl
MDH,0,0.0,regressor_model_1.pkl
PPM,0,0.0,regressor_model_1.pkl
PTRCTA2,1,0.004929483347833261,regressor_model_1.pkl
DMALRED,0,0.0,regressor_model_1.pkl
G3PD2,0,0.0,regressor_model_1.pkl
DLYSPYRAT,1,0.004793145640673314,regressor_model_1.pkl
DHSKDH,0,0.0,regressor_model_1.pkl
VALDHr,1,0.0,regressor_model_1.pkl
MEPCT,0,0.0,regressor_model_1.pkl
LSERDHr,0,0.0,regressor_model_1.pkl
G6PDH2r,0,0.0,regressor_model_1.pkl
DHQTi_copy1,0,0.0,regressor_model_1.pkl
DHQTi_copy2,0,0.0,regressor_model_1.pkl
HPYRRx,0,0.0,regressor_model_1.pkl
GLUDy,0,0.0,regressor_model_1.pkl
LTDCL,0,0.0003783099153314897,regressor_model_1.pkl
H2CO3D2,0,0.0,regressor_model_1.pkl
GAPD,0,0.0,regressor_model_1.pkl
SSALy,0,0.0,regressor_model_1.pkl
GLYCTO1,0,0.0,regressor_model_1.pkl
ACS,0,0.0,regressor_model_1.pkl
PDHa,0,0.006786254941701023,regressor_model_1.pkl
HEPCT,0,0.0,regressor_model_1.pkl
SERAT_copy1,0,0.0,regressor_model_1.pkl
VALTA,0,0.0,regressor_model_1.pkl
SUCOAS,0,0.0,regressor_model_1.pkl
FRDO4r,0,0.0,regressor_model_1.pkl
GLNS_copy1,1,0.0005765822709935451,regressor_model_1.pkl
ILEDHr_1,0,0.0,regressor_model_1.pkl
ENO,0,0.0,regressor_model_1.pkl
RBK,0,0.0,regressor_model_1.pkl
ALATRS,0,0.0,regressor_model_1.pkl
PTPATi,0,0.0,regressor_model_1.pkl
FDH,0,0.0,regressor_model_1.pkl
NDPK3,0,0.0,regressor_model_1.pkl
DHAD1_copy2,0,0.0,regressor_model_1.pkl
PHETA1,0,0.0,regressor_model_1.pkl
FALDM,0,0.00032494687553111766,regressor_model_1.pkl
PPND,0,0.0,regressor_model_1.pkl
PPK,0,0.0,regressor_model_1.pkl
PPA,0,0.0,regressor_model_1.pkl
PRASCSi_copy1,0,0.0,regressor_model_1.pkl
AROH,0,0.0,regressor_model_1.pkl
GLUSy,0,0.0,regressor_model_1.pkl
GLYALDDr,0,0.0,regressor_model_1.pkl
LLEUDr,1,0.0,regressor_model_1.pkl
AGMDA,0,0.0,regressor_model_1.pkl
GLYCK,0,0.0,regressor_model_1.pkl
FE3DCITR,0,0.0,regressor_model_1.pkl
TRPS1_copy1,0,0.0,regressor_model_1.pkl
AKGDH,1,0.013604459261142099,regressor_model_1.pkl
IDPh_1,0,0.0,regressor_model_1.pkl
DLYSOXGAT,0,0.0,regressor_model_1.pkl
NDP8,0,0.0,regressor_model_1.pkl
TALA,1,0.0,regressor_model_1.pkl
URO_c,0,0.0,regressor_model_1.pkl
PGI,0,0.0,regressor_model_1.pkl
ICL,1,0.03024031563097437,regressor_model_1.pkl
PSCVT_copy1,0,0.0,regressor_model_1.pkl
PGK,0,0.0,regressor_model_1.pkl
HDH,1,0.000640772818690047,regressor_model_1.pkl
ALDD1,0,0.0,regressor_model_1.pkl
FE3DCITCH,1,0.0,regressor_model_1.pkl
AGPOP,0,0.0,regressor_model_1.pkl
PRAIi_copy2,1,0.0,regressor_model_1.pkl
CBMKr,0,0.0,regressor_model_1.pkl
1PPDCRc,1,0.0,regressor_model_1.pkl
GAPDi_nadp,1,0.0,regressor_model_1.pkl
FE3PYOVDL,0,0.0,regressor_model_1.pkl
PGM,0,0.0,regressor_model_1.pkl
PMANM,0,0.0,regressor_model_1.pkl
ILETA,0,0.0,regressor_model_1.pkl
LEUTA,0,0.0,regressor_model_1.pkl
R15BPK,0,0.0,regressor_model_1.pkl
LYSRC,0,0.0,regressor_model_1.pkl
OXOADLR,1,0.0,regressor_model_1.pkl
TRPS3,0,0.0,regressor_model_1.pkl
H2CO3D,0,0.0,regressor_model_1.pkl
SERAT_copy2,0,0.0,regressor_model_1.pkl
HSK,0,0.0,regressor_model_1.pkl
PPNDH,0,0.0,regressor_model_1.pkl
PSCVT_copy2,0,0.0,regressor_model_1.pkl
G5SD_copy2,0,0.0,regressor_model_1.pkl
ADK1,0,0.0,regressor_model_1.pkl
NTD4,0,0.0,regressor_model_1.pkl
PHETHPTOX3,1,0.012801327546142011,regressor_model_1.pkl
ALATA_L,0,0.0,regressor_model_1.pkl
MEPCT_1,0,0.0,regressor_model_1.pkl
PDH,0,0.0,regressor_model_1.pkl
MALS,0,0.0008105010596809505,regressor_model_1.pkl
ANHMK,0,0.0,regressor_model_1.pkl
RECOAH7,0,0.0,regressor_model_1.pkl
GLUDxi,0,0.0,regressor_model_1.pkl
TRPS1_copy2,0,0.0,regressor_model_1.pkl
ALLTN,0,0.0,regressor_model_1.pkl
NDPK5,0,0.0,regressor_model_1.pkl
HISTD,0,0.0,regressor_model_1.pkl
ME2,0,0.0,regressor_model_1.pkl
GLXCL,0,0.0,regressor_model_1.pkl
PRPPS,0,0.0,regressor_model_1.pkl
URIH,0,0.00017187098373992363,regressor_model_1.pkl
PPCK,0,0.0,regressor_model_1.pkl
ALAR,0,0.0,regressor_model_1.pkl
HPYRI,0,0.0,regressor_model_1.pkl
PRAIi_copy1,0,0.0,regressor_model_1.pkl
CSPMDDH,0,0.0,regressor_model_1.pkl
MAN1PT2,0,0.002685197469280115,regressor_model_1.pkl
HCO3E,0,0.0,regressor_model_1.pkl
DHAD1_copy1,0,0.0,regressor_model_1.pkl
APPAT,0,0.0,regressor_model_1.pkl
ADPT,0,0.0,regressor_model_1.pkl
PRASCSi_copy2,0,0.0,regressor_model_1.pkl
CBPS,0,0.0,regressor_model_1.pkl
FRDO7r,0,0.0,regressor_model_1.pkl
TRSARr,0,0.0,regressor_model_1.pkl
G5SD_copy1,0,0.0,regressor_model_1.pkl
GLNS_copy2,0,0.0,regressor_model_1.pkl
FRDO6r,0,0.0,regressor_model_1.pkl
MDH,0,0.0,regressor_model_1.pkl
PPM,0,0.0,regressor_model_1.pkl
PTRCTA2,1,0.005599272387143998,regressor_model_1.pkl
DMALRED,0,0.0,regressor_model_1.pkl
G3PD2,0,0.0,regressor_model_1.pkl
DLYSPYRAT,1,0.003545442033007582,regressor_model_1.pkl
DHSKDH,0,0.0,regressor_model_1.pkl
VALDHr,1,0.0,regressor_model_1.pkl
MEPCT,0,0.0,regressor_model_1.pkl
LSERDHr,1,0.0,regressor_model_1.pkl
G6PDH2r,0,0.0,regressor_model_1.pkl
DHQTi_copy1,1,0.0,regressor_model_1.pkl
DHQTi_copy2,0,0.0,regressor_model_1.pkl
HPYRRx,0,0.0,regressor_model_1.pkl
GLUDy,0,0.0,regressor_model_1.pkl
LTDCL,1,0.0010717351100310748,regressor_model_1.pkl
H2CO3D2,0,0.0,regressor_model_1.pkl
GAPD,0,0.0,regressor_model_1.pkl
SSALy,0,0.0,regressor_model_1.pkl
GLYCTO1,0,0.0,regressor_model_1.pkl
ACS,0,0.0,regressor_model_1.pkl
PDHa,0,0.00752889846085604,regressor_model_1.pkl
HEPCT,0,0.0,regressor_model_1.pkl
SERAT_copy1,1,0.0,regressor_model_1.pkl
VALTA,0,0.0,regressor_model_1.pkl
SUCOAS,0,0.0,regressor_model_1.pkl
FRDO4r,0,0.0,regressor_model_1.pkl
GLNS_copy1,0,0.0010311940920169614,regressor_model_1.pkl
ILEDHr_1,0,0.0,regressor_model_1.pkl
ENO,0,0.0,regressor_model_1.pkl
RBK,0,0.0,regressor_model_1.pkl
ALATRS,0,0.0,regressor_model_1.pkl
PTPATi,0,0.0,regressor_model_1.pkl
FDH,0,0.0,regressor_model_1.pkl
NDPK3,0,0.0,regressor_model_1.pkl
DHAD1_copy2,0,0.0,regressor_model_1.pkl
PHETA1,0,0.0,regressor_model_1.pkl
FALDM,0,0.0,regressor_model_1.pkl
PPND,0,0.0,regressor_model_1.pkl
PPK,0,0.0,regressor_model_1.pkl
PPA,0,0.0,regressor_model_1.pkl
PRASCSi_copy1,0,0.0,regressor_model_1.pkl
AROH,0,0.0,regressor_model_1.pkl
GLUSy,0,0.0,regressor_model_1.pkl
GLYALDDr,0,0.0,regressor_model_1.pkl
LLEUDr,1,0.0,regressor_model_1.pkl
AGMDA,0,0.0,regressor_model_1.pkl
GLYCK,0,0.0,regressor_model_1.pkl
FE3DCITR,0,0.0,regressor_model_1.pkl
TRPS1_copy1,0,0.0,regressor_model_1.pkl
AKGDH,1,0.01946642573732428,regressor_model_1.pkl
IDPh_1,0,0.0,regressor_model_1.pkl
DLYSOXGAT,0,0.0,regressor_model_1.pkl
NDP8,0,0.0,regressor_model_1.pkl
TALA,1,0.0,regressor_model_1.pkl
URO_c,0,0.0,regressor_model_1.pkl
PGI,0,0.0,regressor_model_1.pkl
ICL,1,0.056196752478403396,regressor_model_1.pkl
PSCVT_copy1,0,0.0,regressor_model_1.pkl
PGK,0,0.0,regressor_model_1.pkl
HDH,1,0.005390789679495501,regressor_model_1.pkl
ALDD1,0,0.0,regressor_model_1.pkl
FE3DCITCH,1,0.0,regressor_model_1.pkl
AGPOP,0,0.0,regressor_model_1.pkl
PRAIi_copy2,1,0.03683934954062978,regressor_model_1.pkl
CBMKr,0,0.0,regressor_model_1.pkl
1PPDCRc,0,0.0,regressor_model_1.pkl
GAPDi_nadp,0,0.0,regressor_model_1.pkl
FE3PYOVDL,0,0.0,regressor_model_1.pkl
PGM,0,0.0,regressor_model_1.pkl
PMANM,0,0.0,regressor_model_1.pkl
ILETA,0,0.0,regressor_model_1.pkl
LEUTA,0,0.0,regressor_model_1.pkl
R15BPK,0,0.0,regressor_model_1.pkl
LYSRC,0,0.0,regressor_model_1.pkl
OXOADLR,1,0.0011532218535328126,regressor_model_1.pkl
TRPS3,0,0.0,regressor_model_1.pkl
H2CO3D,0,0.0,regressor_model_1.pkl
SERAT_copy2,0,0.0,regressor_model_1.pkl
HSK,0,0.0,regressor_model_1.pkl
PPNDH,0,0.0,regressor_model_1.pkl
PSCVT_copy2,0,0.0,regressor_model_1.pkl
G5SD_copy2,0,0.0,regressor_model_1.pkl
ADK1,0,0.0,regressor_model_1.pkl
NTD4,0,0.0,regressor_model_1.pkl
PHETHPTOX3,0,0.013694762064008353,regressor_model_1.pkl
ALATA_L,0,0.0,regressor_model_1.pkl
MEPCT_1,0,0.0,regressor_model_1.pkl
PDH,0,0.0,regressor_model_1.pkl
MALS,0,0.0,regressor_model_1.pkl
ANHMK,0,0.0,regressor_model_1.pkl
RECOAH7,0,0.0,regressor_model_1.pkl
GLUDxi,0,0.0,regressor_model_1.pkl
TRPS1_copy2,1,0.0,regressor_model_1.pkl
ALLTN,0,0.0,regressor_model_1.pkl
NDPK5,1,0.0,regressor_model_1.pkl
HISTD,0,0.0,regressor_model_1.pkl
ME2,0,0.0,regressor_model_1.pkl
GLXCL,0,0.0,regressor_model_1.pkl
PRPPS,0,0.0,regressor_model_1.pkl
URIH,0,0.0,regressor_model_1.pkl
PPCK,0,0.0,regressor_model_1.pkl
ALAR,0,0.0,regressor_model_1.pkl
HPYRI,1,0.0,regressor_model_1.pkl
PRAIi_copy1,0,0.0,regressor_model_1.pkl
CSPMDDH,0,0.0,regressor_model_1.pkl
MAN1PT2,1,0.0,regressor_model_1.pkl
HCO3E,0,0.0,regressor_model_1.pkl
DHAD1_copy1,0,0.0,regressor_model_1.pkl
APPAT,0,0.0,regressor_model_1.pkl
ADPT,0,0.0,regressor_model_1.pkl
PRASCSi_copy2,0,0.0,regressor_model_1.pkl
CBPS,0,0.0,regressor_model_1.pkl
FRDO7r,0,0.0,regressor_model_1.pkl
TRSARr,0,0.0,regressor_model_1.pkl
G5SD_copy1,0,0.0,regressor_model_1.pkl
GLNS_copy2,0,0.0,regressor_model_1.pkl
FRDO6r,0,0.0,regressor_model_1.pkl
MDH,0,0.0,regressor_model_1.pkl
PPM,0,0.0,regressor_model_1.pkl
PTRCTA2,1,0.004160610388947187,regressor_model_1.pkl
DMALRED,0,0.0,regressor_model_1.pkl
G3PD2,0,0.0,regressor_model_1.pkl
DLYSPYRAT,1,0.0025158019663920764,regressor_model_1.pkl
DHSKDH,0,0.0,regressor_model_1.pkl
VALDHr,1,0.002323155882024757,regressor_model_1.pkl
MEPCT,0,0.0,regressor_model_1.pkl
LSERDHr,0,0.0,regressor_model_1.pkl
G6PDH2r,0,0.0,regressor_model_1.pkl
DHQTi_copy1,0,0.0,regressor_model_1.pkl
DHQTi_copy2,0,0.0,regressor_model_1.pkl
HPYRRx,0,0.0,regressor_model_1.pkl
GLUDy,0,0.0,regressor_model_1.pkl
LTDCL,0,-0.007686955064914383,regressor_model_1.pkl
H2CO3D2,0,0.0,regressor_model_1.pkl
GAPD,0,0.0,regressor_model_1.pkl
SSALy,1,0.0,regressor_model_1.pkl
GLYCTO1,0,0.0,regressor_model_1.pkl
ACS,0,0.0,regressor_model_1.pkl
PDHa,0,0.0059568074070599,regressor_model_1.pkl
HEPCT,0,0.0,regressor_model_1.pkl
SERAT_copy1,0,0.0,regressor_model_1.pkl
VALTA,0,0.0,regressor_model_1.pkl
SUCOAS,0,0.0,regressor_model_1.pkl
FRDO4r,0,0.0,regressor_model_1.pkl
GLNS_copy1,0,0.002641769000068998,regressor_model_1.pkl
ILEDHr_1,0,0.0,regressor_model_1.pkl
ENO,0,0.0,regressor_model_1.pkl
RBK,0,0.0,regressor_model_1.pkl
ALATRS,0,0.0,regressor_model_1.pkl
PTPATi,0,0.0,regressor_model_1.pkl
FDH,0,0.0,regressor_model_1.pkl
NDPK3,0,0.0,regressor_model_1.pkl
DHAD1_copy2,0,0.0,regressor_model_1.pkl
PHETA1,0,0.0,regressor_model_1.pkl
FALDM,0,0.0,regressor_model_1.pkl
PPND,0,0.0,regressor_model_1.pkl
PPK,0,0.0,regressor_model_1.pkl
PPA,0,0.0,regressor_model_1.pkl
PRASCSi_copy1,0,0.0,regressor_model_1.pkl
AROH,0,0.0,regressor_model_1.pkl
GLUSy,0,0.0,regressor_model_1.pkl
GLYALDDr,0,0.0,regressor_model_1.pkl
LLEUDr,0,0.0,regressor_model_1.pkl
AGMDA,0,0.0,regressor_model_1.pkl
GLYCK,0,0.0,regressor_model_1.pkl
FE3DCITR,0,0.0,regressor_model_1.pkl
TRPS1_copy1,0,0.0,regressor_model_1.pkl
AKGDH,1,0.013348176332819275,regressor_model_1.pkl
IDPh_1,0,0.0,regressor_model_1.pkl
DLYSOXGAT,0,0.0,regressor_model_1.pkl
NDP8,0,0.0,regressor_model_1.pkl
TALA,1,0.0010126699310468517,regressor_model_1.pkl
URO_c,0,0.0,regressor_model_1.pkl
PGI,0,0.0,regressor_model_1.pkl
ICL,1,0.06173194770742715,regressor_model_1.pkl
PSCVT_copy1,0,0.0,regressor_model_1.pkl
PGK,0,0.0,regressor_model_1.pkl
HDH,1,0.00461169197578585,regressor_model_1.pkl
ALDD1,0,0.0,regressor_model_1.pkl
FE3DCITCH,1,0.0,regressor_model_1.pkl
AGPOP,0,0.0,regressor_model_1.pkl
PRAIi_copy2,1,0.03602304424215151,regressor_model_1.pkl
CBMKr,0,0.0,regressor_model_1.pkl
1PPDCRc,0,0.0,regressor_model_1.pkl
GAPDi_nadp,0,0.0,regressor_model_1.pkl
FE3PYOVDL,0,0.0,regressor_model_1.pkl
PGM,0,0.0,regressor_model_1.pkl
PMANM,0,0.0,regressor_model_1.pkl
ILETA,0,0.0,regressor_model_1.pkl
LEUTA,0,0.0,regressor_model_1.pkl
R15BPK,0,0.0,regressor_model_1.pkl
LYSRC,0,0.0,regressor_model_1.pkl
OXOADLR,0,0.0,regressor_model_1.pkl
TRPS3,0,0.0,regressor_model_1.pkl
H2CO3D,1,0.0,regressor_model_1.pkl
SERAT_copy2,0,0.0,regressor_model_1.pkl
HSK,0,0.0,regressor_model_1.pkl
PPNDH,0,0.0005271458589865941,regressor_model_1.pkl
PSCVT_copy2,0,0.0,regressor_model_1.pkl
G5SD_copy2,0,0.0,regressor_model_1.pkl
ADK1,0,0.0,regressor_model_1.pkl
NTD4,0,0.0,regressor_model_1.pkl
PHETHPTOX3,0,0.013877406298397515,regressor_model_1.pkl
ALATA_L,0,0.0,regressor_model_1.pkl
MEPCT_1,0,0.0,regressor_model_1.pkl
PDH,0,0.0,regressor_model_1.pkl
MALS,0,0.004031473410476116,regressor_model_1.pkl
ANHMK,0,0.0,regressor_model_1.pkl
RECOAH7,0,0.0,regressor_model_1.pkl
GLUDxi,0,0.0,regressor_model_1.pkl
TRPS1_copy2,0,0.0,regressor_model_1.pkl
ALLTN,0,0.0,regressor_model_1.pkl
NDPK5,1,0.0,regressor_model_1.pkl
HISTD,0,0.0,regressor_model_1.pkl
ME2,0,0.0,regressor_model_1.pkl
GLXCL,0,0.0,regressor_model_1.pkl
PRPPS,0,0.0,regressor_model_1.pkl
URIH,0,0.0004594649174992407,regressor_model_1.pkl
PPCK,0,0.0,regressor_model_1.pkl
ALAR,0,0.0,regressor_model_1.pkl
HPYRI,1,0.0,regressor_model_1.pkl
PRAIi_copy1,0,0.0,regressor_model_1.pkl
CSPMDDH,0,0.0,regressor_model_1.pkl
MAN1PT2,0,0.0032414618947445295,regressor_model_1.pkl
HCO3E,0,0.0,regressor_model_1.pkl
DHAD1_copy1,0,0.0,regressor_model_1.pkl
APPAT,0,0.0,regressor_model_1.pkl
ADPT,0,0.0,regressor_model_1.pkl
PRASCSi_copy2,0,0.0,regressor_model_1.pkl
CBPS,0,0.0,regressor_model_1.pkl
FRDO7r,0,0.0,regressor_model_1.pkl
TRSARr,0,0.0,regressor_model_1.pkl
G5SD_copy1,0,0.0,regressor_model_1.pkl
GLNS_copy2,0,0.0,regressor_model_1.pkl
FRDO6r,0,0.0,regressor_model_1.pkl
MDH,0,0.0,regressor_model_1.pkl
PPM,0,0.0,regressor_model_1.pkl
PTRCTA2,1,0.0048018739009001495,regressor_model_1.pkl
DMALRED,0,0.0,regressor_model_1.pkl
G3PD2,0,0.0,regressor_model_1.pkl
DLYSPYRAT,1,0.009523188413276295,regressor_model_1.pkl
DHSKDH,0,0.0,regressor_model_1.pkl
VALDHr,1,0.0,regressor_model_1.pkl
MEPCT,0,0.0,regressor_model_1.pkl
LSERDHr,0,0.0,regressor_model_1.pkl
G6PDH2r,0,0.0,regressor_model_1.pkl
DHQTi_copy1,0,0.0,regressor_model_1.pkl
DHQTi_copy2,0,0.0,regressor_model_1.pkl
HPYRRx,0,0.0,regressor_model_1.pkl
GLUDy,0,0.0,regressor_model_1.pkl
LTDCL,1,0.0,regressor_model_1.pkl
H2CO3D2,1,0.0,regressor_model_1.pkl
GAPD,0,0.0,regressor_model_1.pkl
SSALy,1,0.008680320969327035,regressor_model_1.pkl
GLYCTO1,0,0.0,regressor_model_1.pkl
ACS,0,0.0,regressor_model_1.pkl
PDHa,1,0.006813922100680576,regressor_model_1.pkl
HEPCT,0,0.0,regressor_model_1.pkl
SERAT_copy1,0,0.0,regressor_model_1.pkl
VALTA,0,0.0,regressor_model_1.pkl
SUCOAS,0,0.0,regressor_model_1.pkl
FRDO4r,0,0.0,regressor_model_1.pkl
GLNS_copy1,1,0.0,regressor_model_1.pkl
ILEDHr_1,0,0.0,regressor_model_1.pkl
ENO,0,0.0,regressor_model_1.pkl
RBK,0,0.0,regressor_model_1.pkl
ALATRS,0,0.0,regressor_model_1.pkl
PTPATi,0,0.0,regressor_model_1.pkl
FDH,0,0.0,regressor_model_1.pkl
NDPK3,0,0.0,regressor_model_1.pkl
DHAD1_copy2,0,0.0,regressor_model_1.pkl
PHETA1,0,0.0,regressor_model_1.pkl
FALDM,0,0.0,regressor_model_1.pkl
PPND,0,0.0,regressor_model_1.pkl
PPK,0,0.0,regressor_model_1.pkl
PPA,0,0.0,regressor_model_1.pkl
PRASCSi_copy1,0,0.0,regressor_model_1.pkl
AROH,0,0.0,regressor_model_1.pkl
GLUSy,0,0.0,regressor_model_1.pkl
GLYALDDr,0,0.0,regressor_model_1.pkl
LLEUDr,0,0.0,regressor_model_1.pkl
AGMDA,0,0.0,regressor_model_1.pkl
GLYCK,0,0.0,regressor_model_1.pkl
FE3DCITR,0,0.0,regressor_model_1.pkl
TRPS1_copy1,0,0.0,regressor_model_1.pkl
AKGDH,1,0.0183462126441888,regressor_model_1.pkl
IDPh_1,0,0.0,regressor_model_1.pkl
DLYSOXGAT,0,0.0,regressor_model_1.pkl
NDP8,0,0.0,regressor_model_1.pkl
TALA,1,0.0,regressor_model_1.pkl
URO_c,0,0.0,regressor_model_1.pkl
PGI,0,0.0,regressor_model_1.pkl
ICL,1,0.05573852834753166,regressor_model_1.pkl
PSCVT_copy1,0,0.0,regressor_model_1.pkl
PGK,0,0.0,regressor_model_1.pkl
HDH,0,0.0,regressor_model_1.pkl
ALDD1,0,0.0,regressor_model_1.pkl
FE3DCITCH,1,0.0,regressor_model_1.pkl
AGPOP,0,0.0,regressor_model_1.pkl
PRAIi_copy2,1,0.028918346169035453,regressor_model_1.pkl
CBMKr,0,0.0,regressor_model_1.pkl
1PPDCRc,0,0.0,regressor_model_1.pkl
GAPDi_nadp,0,0.0,regressor_model_1.pkl
FE3PYOVDL,0,0.0,regressor_model_1.pkl
PGM,0,0.0,regressor_model_1.pkl
PMANM,0,0.0,regressor_model_1.pkl
ILETA,1,0.0,regressor_model_1.pkl
LEUTA,0,0.0,regressor_model_1.pkl
R15BPK,0,0.0,regressor_model_1.pkl
LYSRC,0,0.0,regressor_model_1.pkl
OXOADLR,1,0.0,regressor_model_1.pkl
TRPS3,0,0.0,regressor_model_1.pkl
H2CO3D,1,0.0,regressor_model_1.pkl
SERAT_copy2,1,0.0,regressor_model_1.pkl
HSK,0,0.0,regressor_model_1.pkl
PPNDH,0,0.0,regressor_model_1.pkl
PSCVT_copy2,0,0.0,regressor_model_1.pkl
G5SD_copy2,0,0.0,regressor_model_1.pkl
ADK1,0,0.0,regressor_model_1.pkl
NTD4,0,0.0,regressor_model_1.pkl
PHETHPTOX3,1,0.01323375973445481,regressor_model_1.pkl
ALATA_L,0,0.0,regressor_model_1.pkl
MEPCT_1,0,0.0,regressor_model_1.pkl
PDH,0,0.0,regressor_model_1.pkl
MALS,0,0.0,regressor_model_1.pkl
ANHMK,0,0.0,regressor_model_1.pkl
RECOAH7,0,0.0,regressor_model_1.pkl
GLUDxi,0,0.0,regressor_model_1.pkl
TRPS1_copy2,0,0.0,regressor_model_1.pkl
ALLTN,0,0.0,regressor_model_1.pkl
NDPK5,0,0.0008479121194697899,regressor_model_1.pkl
HISTD,0,0.0,regressor_model_1.pkl
ME2,0,0.0,regressor_model_1.pkl
GLXCL,0,0.0,regressor_model_1.pkl
PRPPS,0,0.0,regressor_model_1.pkl
URIH,0,0.0,regressor_model_1.pkl
PPCK,0,0.0,regressor_model_1.pkl
ALAR,0,0.0,regressor_model_1.pkl
HPYRI,0,0.0,regressor_model_1.pkl
PRAIi_copy1,0,0.0,regressor_model_1.pkl
CSPMDDH,0,0.0,regressor_model_1.pkl
MAN1PT2,1,0.0,regressor_model_1.pkl
HCO3E,0,0.0,regressor_model_1.pkl
DHAD1_copy1,0,0.0,regressor_model_1.pkl
APPAT,0,0.0,regressor_model_1.pkl
ADPT,0,0.0,regressor_model_1.pkl
PRASCSi_copy2,0,0.0,regressor_model_1.pkl
CBPS,0,0.0,regressor_model_1.pkl
FRDO7r,1,0.0,regressor_model_1.pkl
TRSARr,0,0.0,regressor_model_1.pkl
G5SD_copy1,0,0.0005828793690071388,regressor_model_1.pkl
GLNS_copy2,0,0.0,regressor_model_1.pkl
FRDO6r,0,0.0,regressor_model_1.pkl
MDH,0,0.0,regressor_model_1.pkl
PPM,0,0.0,regressor_model_1.pkl
PTRCTA2,1,0.0,regressor_model_1.pkl
DMALRED,0,0.0,regressor_model_1.pkl
G3PD2,0,0.0,regressor_model_1.pkl
DLYSPYRAT,1,0.0,regressor_model_1.pkl
DHSKDH,0,0.0,regressor_model_1.pkl
VALDHr,1,0.0008294426576266732,regressor_model_1.pkl
MEPCT,0,0.0,regressor_model_1.pkl
LSERDHr,0,0.0,regressor_model_1.pkl
G6PDH2r,0,0.0,regressor_model_1.pkl
DHQTi_copy1,0,0.0,regressor_model_1.pkl
DHQTi_copy2,0,0.0,regressor_model_1.pkl
HPYRRx,0,0.0,regressor_model_1.pkl
GLUDy,0,0.0,regressor_model_1.pkl
LTDCL,1,0.0,regressor_model_1.pkl
H2CO3D2,0,0.0,regressor_model_1.pkl
GAPD,0,0.0,regressor_model_1.pkl
SSALy,0,0.0043508342262611015,regressor_model_1.pkl
GLYCTO1,0,0.0,regressor_model_1.pkl
ACS,0,0.0,regressor_model_1.pkl
PDHa,1,0.006112590384728377,regressor_model_1.pkl
HEPCT,0,0.0,regressor_model_1.pkl
SERAT_copy1,0,0.0,regressor_model_1.pkl
VALTA,0,0.0,regressor_model_1.pkl
SUCOAS,0,0.0,regressor_model_1.pkl
FRDO4r,0,0.0,regressor_model_1.pkl
GLNS_copy1,1,0.0022130739676275795,regressor_model_1.pkl
ILEDHr_1,0,0.0,regressor_model_1.pkl
ENO,0,0.0,regressor_model_1.pkl
RBK,0,0.0,regressor_model_1.pkl
ALATRS,0,0.0,regressor_model_1.pkl
PTPATi,0,0.0,regressor_model_1.pkl
FDH,0,0.0,regressor_model_1.pkl
NDPK3,0,0.0,regressor_model_1.pkl
DHAD1_copy2,0,0.0,regressor_model_1.pkl
PHETA1,0,0.0,regressor_model_1.pkl
FALDM,0,0.0,regressor_model_1.pkl
PPND,0,0.0,regressor_model_1.pkl
PPK,0,0.0,regressor_model_1.pkl
PPA,0,0.0,regressor_model_1.pkl
PRASCSi_copy1,0,0.0,regressor_model_1.pkl
AROH,0,0.0,regressor_model_1.pkl
GLUSy,0,0.0,regressor_model_1.pkl
GLYALDDr,0,0.0,regressor_model_1.pkl
LLEUDr,0,0.0,regressor_model_1.pkl
AGMDA,0,0.0,regressor_model_1.pkl
GLYCK,0,0.0,regressor_model_1.pkl
FE3DCITR,0,0.0,regressor_model_1.pkl
TRPS1_copy1,0,0.0,regressor_model_1.pkl
AKGDH,1,0.01998471821443568,regressor_model_1.pkl
IDPh_1,0,0.0,regressor_model_1.pkl
DLYSOXGAT,0,0.0,regressor_model_1.pkl
NDP8,0,0.0,regressor_model_1.pkl
TALA,1,0.0,regressor_model_1.pkl
URO_c,0,0.0,regressor_model_1.pkl
PGI,0,0.0,regressor_model_1.pkl
ICL,1,0.07117417070525137,regressor_model_1.pkl
PSCVT_copy1,0,0.0,regressor_model_1.pkl
PGK,0,0.0,regressor_model_1.pkl
HDH,0,0.005694095392578372,regressor_model_1.pkl
ALDD1,0,0.0,regressor_model_1.pkl
FE3DCITCH,0,0.0,regressor_model_1.pkl
AGPOP,0,0.0,regressor_model_1.pkl
PRAIi_copy2,1,0.03488207255442802,regressor_model_1.pkl
CBMKr,0,0.0,regressor_model_1.pkl
1PPDCRc,0,0.0,regressor_model_1.pkl
GAPDi_nadp,0,0.0,regressor_model_1.pkl
FE3PYOVDL,0,0.0,regressor_model_1.pkl
PGM,0,0.0,regressor_model_1.pkl
PMANM,0,0.0,regressor_model_1.pkl
ILETA,0,0.0,regressor_model_1.pkl
LEUTA,0,0.0,regressor_model_1.pkl
R15BPK,0,0.0,regressor_model_1.pkl
LYSRC,0,0.0,regressor_model_1.pkl
OXOADLR,1,0.0,regressor_model_1.pkl
TRPS3,0,0.0,regressor_model_1.pkl
H2CO3D,0,0.0,regressor_model_1.pkl
SERAT_copy2,0,0.0,regressor_model_1.pkl
HSK,0,0.0,regressor_model_1.pkl
PPNDH,1,0.0,regressor_model_1.pkl
PSCVT_copy2,0,0.0,regressor_model_1.pkl
G5SD_copy2,0,0.0,regressor_model_1.pkl
ADK1,0,0.0,regressor_model_1.pkl
NTD4,0,0.0,regressor_model_1.pkl
PHETHPTOX3,0,0.01531678258352574,regressor_model_1.pkl
ALATA_L,0,0.0,regressor_model_1.pkl
MEPCT_1,0,0.0,regressor_model_1.pkl
PDH,0,0.0,regressor_model_1.pkl
MALS,1,0.005208982886458692,regressor_model_1.pkl
ANHMK,0,0.0,regressor_model_1.pkl
RECOAH7,0,0.0,regressor_model_1.pkl
GLUDxi,0,0.0,regressor_model_1.pkl
TRPS1_copy2,0,0.0,regressor_model_1.pkl
ALLTN,0,0.0,regressor_model_1.pkl
NDPK5,1,0.0,regressor_model_1.pkl
HISTD,0,0.0,regressor_model_1.pkl
ME2,0,0.0,regressor_model_1.pkl
GLXCL,0,0.0,regressor_model_1.pkl
PRPPS,0,0.0,regressor_model_1.pkl
URIH,0,0.0,regressor_model_1.pkl
PPCK,0,0.0,regressor_model_1.pkl
ALAR,0,0.0,regressor_model_1.pkl
HPYRI,0,0.0,regressor_model_1.pkl
PRAIi_copy1,0,0.0,regressor_model_1.pkl
CSPMDDH,0,0.0,regressor_model_1.pkl
MAN1PT2,1,0.0037562144013442433,regressor_model_1.pkl
HCO3E,0,0.0,regressor_model_1.pkl
DHAD1_copy1,0,0.0,regressor_model_1.pkl
APPAT,0,0.0,regressor_model_1.pkl
ADPT,0,0.0,regressor_model_1.pkl
PRASCSi_copy2,0,0.0,regressor_model_1.pkl
CBPS,0,0.0,regressor_model_1.pkl
FRDO7r,0,0.0,regressor_model_1.pkl
TRSARr,0,0.0,regressor_model_1.pkl
G5SD_copy1,0,0.0,regressor_model_1.pkl
GLNS_copy2,0,0.0,regressor_model_1.pkl
FRDO6r,0,0.0,regressor_model_1.pkl
MDH,0,0.0,regressor_model_1.pkl
PPM,0,0.0,regressor_model_1.pkl
PTRCTA2,1,0.0052722419080177396,regressor_model_1.pkl
DMALRED,0,0.0,regressor_model_1.pkl
G3PD2,0,0.0,regressor_model_1.pkl
DLYSPYRAT,1,0.004761933901943739,regressor_model_1.pkl
DHSKDH,0,0.0,regressor_model_1.pkl
VALDHr,1,0.0009356671958032552,regressor_model_1.pkl
MEPCT,0,0.0,regressor_model_1.pkl
LSERDHr,0,0.0,regressor_model_1.pkl
G6PDH2r,0,0.0,regressor_model_1.pkl
DHQTi_copy1,0,0.0,regressor_model_1.pkl
DHQTi_copy2,0,0.0,regressor_model_1.pkl
HPYRRx,0,0.0,regressor_model_1.pkl
GLUDy,0,0.0,regressor_model_1.pkl
LTDCL,0,0.001049617582433112,regressor_model_1.pkl
H2CO3D2,0,0.0,regressor_model_1.pkl
GAPD,0,0.0,regressor_model_1.pkl
SSALy,1,0.0,regressor_model_1.pkl
GLYCTO1,1,0.0,regressor_model_1.pkl
ACS,0,0.0,regressor_model_1.pkl
PDHa,1,0.007775142370763866,regressor_model_1.pkl
HEPCT,0,0.0,regressor_model_1.pkl
SERAT_copy1,0,0.0,regressor_model_1.pkl
VALTA,0,0.0,regressor_model_1.pkl
SUCOAS,0,0.0,regressor_model_1.pkl
FRDO4r,0,0.0,regressor_model_1.pkl
GLNS_copy1,1,0.0,regressor_model_1.pkl
ILEDHr_1,0,0.0,regressor_model_1.pkl
ENO,0,0.0,regressor_model_1.pkl
RBK,0,0.0,regressor_model_1.pkl
ALATRS,0,0.0,regressor_model_1.pkl
PTPATi,0,0.0,regressor_model_1.pkl
FDH,0,0.0,regressor_model_1.pkl
NDPK3,0,0.0,regressor_model_1.pkl
DHAD1_copy2,0,0.0,regressor_model_1.pkl
PHETA1,0,0.0,regressor_model_1.pkl
FALDM,0,0.0,regressor_model_1.pkl
PPND,0,0.0,regressor_model_1.pkl
PPK,0,0.0,regressor_model_1.pkl
PPA,0,0.0,regressor_model_1.pkl
PRASCSi_copy1,0,0.0,regressor_model_1.pkl
AROH,0,0.0,regressor_model_1.pkl
GLUSy,0,0.0,regressor_model_1.pkl
GLYALDDr,0,0.0,regressor_model_1.pkl
LLEUDr,0,0.0,regressor_model_1.pkl
AGMDA,0,0.0,regressor_model_1.pkl
GLYCK,0,0.0,regressor_model_1.pkl
FE3DCITR,0,0.0,regressor_model_1.pkl
TRPS1_copy1,0,0.0,regressor_model_1.pkl
AKGDH,1,0.01710819694946657,regressor_model_1.pkl
IDPh_1,0,0.0,regressor_model_1.pkl
DLYSOXGAT,0,0.0,regressor_model_1.pkl
NDP8,0,0.0,regressor_model_1.pkl
TALA,1,0.0,regressor_model_1.pkl
URO_c,0,0.0,regressor_model_1.pkl
PGI,0,0.0,regressor_model_1.pkl
ICL,1,0.05075612775797515,regressor_model_1.pkl
PSCVT_copy1,0,0.0,regressor_model_1.pkl
PGK,0,0.0,regressor_model_1.pkl
HDH,0,0.0,regressor_model_1.pkl
ALDD1,0,0.0,regressor_model_1.pkl
FE3DCITCH,0,0.0,regressor_model_1.pkl
AGPOP,0,0.0,regressor_model_1.pkl
PRAIi_copy2,1,0.034576964218611256,regressor_model_1.pkl
CBMKr,0,0.0,regressor_model_1.pkl
1PPDCRc,1,0.0,regressor_model_1.pkl
GAPDi_nadp,0,0.0,regressor_model_1.pkl
FE3PYOVDL,0,0.0,regressor_model_1.pkl
PGM,0,0.0,regressor_model_1.pkl
PMANM,0,0.0,regressor_model_1.pkl
ILETA,0,0.0,regressor_model_1.pkl
LEUTA,0,0.0,regressor_model_1.pkl
R15BPK,0,0.0,regressor_model_1.pkl
LYSRC,0,0.0,regressor_model_1.pkl
OXOADLR,1,0.0,regressor_model_1.pkl
TRPS3,0,0.0,regressor_model_1.pkl
H2CO3D,1,0.0,regressor_model_1.pkl
SERAT_copy2,0,0.0,regressor_model_1.pkl
HSK,0,0.0,regressor_model_1.pkl
PPNDH,1,0.0,regressor_model_1.pkl
PSCVT_copy2,0,0.0,regressor_model_1.pkl
G5SD_copy2,0,0.0,regressor_model_1.pkl
ADK1,0,0.0,regressor_model_1.pkl
NTD4,0,0.0,regressor_model_1.pkl
PHETHPTOX3,1,0.014349430145474247,regressor_model_1.pkl
ALATA_L,0,0.0,regressor_model_1.pkl
MEPCT_1,0,0.0,regressor_model_1.pkl
PDH,0,0.0,regressor_model_1.pkl
MALS,0,0.006335521059780407,regressor_model_1.pkl
ANHMK,0,0.0,regressor_model_1.pkl
RECOAH7,0,0.0,regressor_model_1.pkl
GLUDxi,0,0.0,regressor_model_1.pkl
TRPS1_copy2,0,0.0,regressor_model_1.pkl
ALLTN,0,0.0,regressor_model_1.pkl
NDPK5,0,0.0,regressor_model_1.pkl
HISTD,0,0.0,regressor_model_1.pkl
ME2,0,0.0,regressor_model_1.pkl
GLXCL,0,0.0,regressor_model_1.pkl
PRPPS,0,0.0,regressor_model_1.pkl
URIH,0,0.0,regressor_model_1.pkl
PPCK,0,0.0,regressor_model_1.pkl
ALAR,0,0.0,regressor_model_1.pkl
HPYRI,1,0.0,regressor_model_1.pkl
PRAIi_copy1,0,0.0,regressor_model_1.pkl
CSPMDDH,0,0.0,regressor_model_1.pkl
MAN1PT2,1,0.002694168903526306,regressor_model_1.pkl
HCO3E,0,0.0,regressor_model_1.pkl
DHAD1_copy1,0,0.0,regressor_model_1.pkl
APPAT,0,0.0,regressor_model_1.pkl
ADPT,0,0.0,regressor_model_1.pkl
PRASCSi_copy2,0,0.0,regressor_model_1.pkl
CBPS,0,0.0,regressor_model_1.pkl
FRDO7r,0,0.0,regressor_model_1.pkl
TRSARr,0,0.0,regressor_model_1.pkl
G5SD_copy1,0,0.0,regressor_model_1.pkl
GLNS_copy2,0,0.0,regressor_model_1.pkl
FRDO6r,0,0.0,regressor_model_1.pkl
MDH,0,0.0,regressor_model_1.pkl
PPM,0,0.0,regressor_model_1.pkl
PTRCTA2,1,0.004100654744581173,regressor_model_1.pkl
DMALRED,0,0.0,regressor_model_1.pkl
G3PD2,0,0.0,regressor_model_1.pkl
DLYSPYRAT,0,0.002237541236811621,regressor_model_1.pkl
DHSKDH,0,0.0,regressor_model_1.pkl
VALDHr,1,0.0019415563390896855,regressor_model_1.pkl
MEPCT,0,0.0,regressor_model_1.pkl
LSERDHr,0,0.0,regressor_model_1.pkl
G6PDH2r,0,0.0,regressor_model_1.pkl
DHQTi_copy1,0,0.0,regressor_model_1.pkl
DHQTi_copy2,0,0.0,regressor_model_1.pkl
HPYRRx,0,0.0,regressor_model_1.pkl
GLUDy,0,0.0,regressor_model_1.pkl
LTDCL,1,-0.001639522675133929,regressor_model_1.pkl
H2CO3D2,0,0.0,regressor_model_1.pkl
GAPD,1,0.0,regressor_model_1.pkl
SSALy,1,-0.0025798685969576204,regressor_model_1.pkl
GLYCTO1,0,0.0,regressor_model_1.pkl
ACS,0,0.0,regressor_model_1.pkl
PDHa,1,0.0,regressor_model_1.pkl
HEPCT,0,0.0,regressor_model_1.pkl
SERAT_copy1,0,0.0,regressor_model_1.pkl
VALTA,0,0.0,regressor_model_1.pkl
SUCOAS,0,0.0,regressor_model_1.pkl
FRDO4r,0,0.0,regressor_model_1.pkl
GLNS_copy1,1,0.002253289566996175,regressor_model_1.pkl
ILEDHr_1,0,0.0,regressor_model_1.pkl
ENO,0,0.0,regressor_model_1.pkl
RBK,0,0.0,regressor_model_1.pkl
ALATRS,0,0.0,regressor_model_1.pkl
PTPATi,0,0.0,regressor_model_1.pkl
FDH,0,0.0,regressor_model_1.pkl
NDPK3,0,0.0,regressor_model_1.pkl
DHAD1_copy2,0,0.0,regressor_model_1.pkl
PHETA1,0,0.0,regressor_model_1.pkl
FALDM,0,0.0,regressor_model_1.pkl
PPND,0,0.0,regressor_model_1.pkl
PPK,0,0.0,regressor_model_1.pkl
PPA,0,0.0,regressor_model_1.pkl
PRASCSi_copy1,0,0.0,regressor_model_1.pkl
AROH,0,0.0,regressor_model_1.pkl
GLUSy,0,0.0,regressor_model_1.pkl
GLYALDDr,0,0.0,regressor_model_1.pkl
LLEUDr,1,0.0,regressor_model_1.pkl
AGMDA,0,0.0,regressor_model_1.pkl
GLYCK,1,0.0,regressor_model_1.pkl
FE3DCITR,0,0.0,regressor_model_1.pkl
TRPS1_copy1,0,0.0,regressor_model_1.pkl
AKGDH,1,0.009888361993109725,regressor_model_1.pkl
IDPh_1,0,0.0,regressor_model_1.pkl
DLYSOXGAT,0,0.0,regressor_model_1.pkl
NDP8,0,0.0,regressor_model_1.pkl
TALA,1,0.0,regressor_model_1.pkl
URO_c,0,0.0,regressor_model_1.pkl
PGI,0,0.0,regressor_model_1.pkl
ICL,1,0.01750109458768901,regressor_model_1.pkl
PSCVT_copy1,0,0.0,regressor_model_1.pkl
PGK,0,0.0,regressor_model_1.pkl
HDH,1,0.000704849679276531,regressor_model_1.pkl
ALDD1,0,0.0,regressor_model_1.pkl
FE3DCITCH,0,0.0,regressor_model_1.pkl
AGPOP,0,0.0,regressor_model_1.pkl
PRAIi_copy2,1,-0.0026542204434320867,regressor_model_1.pkl
CBMKr,0,0.0,regressor_model_1.pkl
1PPDCRc,0,0.0,regressor_model_1.pkl
GAPDi_nadp,0,0.0,regressor_model_1.pkl
FE3PYOVDL,0,0.0,regressor_model_1.pkl
PGM,0,0.0,regressor_model_1.pkl
PMANM,0,0.0,regressor_model_1.pkl
ILETA,0,0.0,regressor_model_1.pkl
LEUTA,0,0.0,regressor_model_1.pkl
R15BPK,0,0.0,regressor_model_1.pkl
LYSRC,0,0.0,regressor_model_1.pkl
OXOADLR,1,0.0,regressor_model_1.pkl
TRPS3,0,0.0,regressor_model_1.pkl
H2CO3D,0,0.0,regressor_model_1.pkl
SERAT_copy2,0,0.0,regressor_model_1.pkl
HSK,0,0.0,regressor_model_1.pkl
PPNDH,0,0.0,regressor_model_1.pkl
PSCVT_copy2,0,0.0,regressor_model_1.pkl
G5SD_copy2,0,0.0,regressor_model_1.pkl
ADK1,0,0.0,regressor_model_1.pkl
NTD4,0,0.0,regressor_model_1.pkl
PHETHPTOX3,0,-0.0011858323221242406,regressor_model_1.pkl
ALATA_L,0,0.0,regressor_model_1.pkl
MEPCT_1,1,0.0,regressor_model_1.pkl
PDH,0,0.0,regressor_model_1.pkl
MALS,1,0.0,regressor_model_1.pkl
ANHMK,0,0.0,regressor_model_1.pkl
RECOAH7,0,0.0,regressor_model_1.pkl
GLUDxi,0,0.0,regressor_model_1.pkl
TRPS1_copy2,0,0.0,regressor_model_1.pkl
ALLTN,0,0.0,regressor_model_1.pkl
NDPK5,1,0.0,regressor_model_1.pkl
HISTD,0,0.0,regressor_model_1.pkl
ME2,0,0.0,regressor_model_1.pkl
GLXCL,0,0.0,regressor_model_1.pkl
PRPPS,0,0.0,regressor_model_1.pkl
URIH,0,0.0,regressor_model_1.pkl
PPCK,0,0.0,regressor_model_1.pkl
ALAR,0,0.0,regressor_model_1.pkl
HPYRI,1,0.0,regressor_model_1.pkl
PRAIi_copy1,0,0.0,regressor_model_1.pkl
CSPMDDH,0,0.0,regressor_model_1.pkl
MAN1PT2,1,0.001173091767327162,regressor_model_1.pkl
HCO3E,1,0.0,regressor_model_1.pkl
DHAD1_copy1,0,0.0,regressor_model_1.pkl
APPAT,0,0.0,regressor_model_1.pkl
ADPT,0,0.0,regressor_model_1.pkl
PRASCSi_copy2,0,0.0,regressor_model_1.pkl
CBPS,0,0.0,regressor_model_1.pkl
FRDO7r,0,0.0,regressor_model_1.pkl
TRSARr,0,0.0002916963037132639,regressor_model_1.pkl
G5SD_copy1,0,0.0,regressor_model_1.pkl
GLNS_copy2,0,0.0,regressor_model_1.pkl
FRDO6r,0,0.0,regressor_model_1.pkl
MDH,0,0.0,regressor_model_1.pkl
PPM,0,0.0,regressor_model_1.pkl
PTRCTA2,1,0.004496891941144685,regressor_model_1.pkl
DMALRED,0,0.000971879778200843,regressor_model_1.pkl
G3PD2,0,0.0,regressor_model_1.pkl
DLYSPYRAT,1,0.0,regressor_model_1.pkl
DHSKDH,0,0.0,regressor_model_1.pkl
VALDHr,0,0.0018376742720918795,regressor_model_1.pkl
MEPCT,0,0.0,regressor_model_1.pkl
LSERDHr,1,0.001020787611731105,regressor_model_1.pkl
G6PDH2r,0,0.0,regressor_model_1.pkl
DHQTi_copy1,0,0.0,regressor_model_1.pkl
DHQTi_copy2,0,0.0,regressor_model_1.pkl
HPYRRx,0,0.0,regressor_model_1.pkl
GLUDy,0,0.0,regressor_model_1.pkl
LTDCL,1,0.014790171376026904,regressor_model_1.pkl
H2CO3D2,0,0.0,regressor_model_1.pkl
GAPD,0,0.0,regressor_model_1.pkl
SSALy,0,0.02148226458284809,regressor_model_1.pkl
GLYCTO1,0,0.0,regressor_model_1.pkl
ACS,0,0.0,regressor_model_1.pkl
PDHa,0,0.0,regressor_model_1.pkl
HEPCT,0,0.0,regressor_model_1.pkl
SERAT_copy1,0,0.0,regressor_model_1.pkl
VALTA,0,0.0,regressor_model_1.pkl
SUCOAS,0,0.0,regressor_model_1.pkl
FRDO4r,0,0.0,regressor_model_1.pkl
GLNS_copy1,0,0.003027402009446805,regressor_model_1.pkl
ILEDHr_1,0,0.0,regressor_model_1.pkl
ENO,0,0.0,regressor_model_1.pkl
RBK,0,0.0,regressor_model_1.pkl
ALATRS,0,0.0,regressor_model_1.pkl
PTPATi,0,0.0,regressor_model_1.pkl
FDH,0,0.0,regressor_model_1.pkl
NDPK3,0,0.0,regressor_model_1.pkl
DHAD1_copy2,0,0.0,regressor_model_1.pkl
PHETA1,0,0.0,regressor_model_1.pkl
FALDM,0,0.0,regressor_model_1.pkl
PPND,0,0.0,regressor_model_1.pkl
PPK,0,0.0,regressor_model_1.pkl
PPA,0,0.0,regressor_model_1.pkl
PRASCSi_copy1,0,0.0,regressor_model_1.pkl
AROH,0,0.0,regressor_model_1.pkl
GLUSy,0,0.0,regressor_model_1.pkl
GLYALDDr,0,0.0,regressor_model_1.pkl
LLEUDr,0,0.0,regressor_model_1.pkl
AGMDA,0,0.0,regressor_model_1.pkl
GLYCK,0,0.0,regressor_model_1.pkl
FE3DCITR,1,0.0,regressor_model_1.pkl
TRPS1_copy1,0,0.0,regressor_model_1.pkl
AKGDH,1,0.013724126833899637,regressor_model_1.pkl
IDPh_1,0,0.0,regressor_model_1.pkl
DLYSOXGAT,0,0.0,regressor_model_1.pkl
NDP8,0,0.0,regressor_model_1.pkl
TALA,1,0.0,regressor_model_1.pkl
URO_c,0,0.0,regressor_model_1.pkl
PGI,0,0.0,regressor_model_1.pkl
ICL,1,0.057300236105453345,regressor_model_1.pkl
PSCVT_copy1,0,0.0,regressor_model_1.pkl
PGK,0,0.0,regressor_model_1.pkl
HDH,0,0.0,regressor_model_1.pkl
ALDD1,0,0.0,regressor_model_1.pkl
FE3DCITCH,0,0.0,regressor_model_1.pkl
AGPOP,0,0.0,regressor_model_1.pkl
PRAIi_copy2,1,0.026131409097565894,regressor_model_1.pkl
CBMKr,0,0.0,regressor_model_1.pkl
1PPDCRc,0,0.0,regressor_model_1.pkl
GAPDi_nadp,0,0.0,regressor_model_1.pkl
FE3PYOVDL,0,0.0,regressor_model_1.pkl
PGM,0,0.0,regressor_model_1.pkl
PMANM,0,0.0,regressor_model_1.pkl
ILETA,0,0.0,regressor_model_1.pkl
LEUTA,0,0.0,regressor_model_1.pkl
R15BPK,0,0.0,regressor_model_1.pkl
LYSRC,0,0.0,regressor_model_1.pkl
OXOADLR,1,0.0,regressor_model_1.pkl
TRPS3,0,0.0,regressor_model_1.pkl
H2CO3D,0,0.0,regressor_model_1.pkl
SERAT_copy2,0,0.0,regressor_model_1.pkl
HSK,0,0.0,regressor_model_1.pkl
PPNDH,1,0.0,regressor_model_1.pkl
PSCVT_copy2,0,0.0,regressor_model_1.pkl
G5SD_copy2,0,0.0,regressor_model_1.pkl
ADK1,0,0.0,regressor_model_1.pkl
NTD4,0,0.0,regressor_model_1.pkl
PHETHPTOX3,1,0.0,regressor_model_1.pkl
ALATA_L,0,0.0,regressor_model_1.pkl
MEPCT_1,0,0.0,regressor_model_1.pkl
PDH,0,0.0,regressor_model_1.pkl
MALS,1,0.0,regressor_model_1.pkl
ANHMK,0,0.0,regressor_model_1.pkl
RECOAH7,0,0.0,regressor_model_1.pkl
GLUDxi,0,0.0,regressor_model_1.pkl
TRPS1_copy2,0,0.0,regressor_model_1.pkl
ALLTN,0,0.0,regressor_model_1.pkl
NDPK5,1,0.0,regressor_model_1.pkl
HISTD,0,0.0,regressor_model_1.pkl
ME2,0,0.0,regressor_model_1.pkl
GLXCL,0,0.0,regressor_model_1.pkl
PRPPS,0,0.0,regressor_model_1.pkl
URIH,0,0.0,regressor_model_1.pkl
PPCK,0,0.0,regressor_model_1.pkl
ALAR,0,0.0,regressor_model_1.pkl
HPYRI,0,0.0,regressor_model_1.pkl
PRAIi_copy1,0,0.0,regressor_model_1.pkl
CSPMDDH,0,0.0,regressor_model_1.pkl
MAN1PT2,1,0.0,regressor_model_1.pkl
HCO3E,0,0.0,regressor_model_1.pkl
DHAD1_copy1,0,0.0,regressor_model_1.pkl
APPAT,0,0.0,regressor_model_1.pkl
ADPT,0,0.0,regressor_model_1.pkl
PRASCSi_copy2,0,0.0,regressor_model_1.pkl
CBPS,0,0.0,regressor_model_1.pkl
FRDO7r,0,0.0,regressor_model_1.pkl
TRSARr,0,0.0,regressor_model_1.pkl
G5SD_copy1,0,0.0,regressor_model_1.pkl
GLNS_copy2,0,0.0,regressor_model_1.pkl
FRDO6r,0,0.0,regressor_model_1.pkl
MDH,0,0.0,regressor_model_1.pkl
PPM,0,0.0,regressor_model_1.pkl
PTRCTA2,1,0.004083350697305788,regressor_model_1.pkl
DMALRED,0,0.0,regressor_model_1.pkl
G3PD2,0,0.0,regressor_model_1.pkl
DLYSPYRAT,1,0.0,regressor_model_1.pkl
DHSKDH,0,0.0,regressor_model_1.pkl
VALDHr,1,0.002731173733513241,regressor_model_1.pkl
MEPCT,0,0.0,regressor_model_1.pkl
LSERDHr,0,0.0,regressor_model_1.pkl
G6PDH2r,0,0.0,regressor_model_1.pkl
DHQTi_copy1,0,0.0,regressor_model_1.pkl
DHQTi_copy2,0,0.0,regressor_model_1.pkl
HPYRRx,0,0.0,regressor_model_1.pkl
GLUDy,0,0.0,regressor_model_1.pkl
LTDCL,1,0.014071046677737108,regressor_model_1.pkl
H2CO3D2,0,0.0,regressor_model_1.pkl
GAPD,0,0.0,regressor_model_1.pkl
SSALy,1,0.022250607460127924,regressor_model_1.pkl
GLYCTO1,0,0.0,regressor_model_1.pkl
ACS,0,0.0,regressor_model_1.pkl
PDHa,1,0.002834379134611542,regressor_model_1.pkl
HEPCT,0,0.0,regressor_model_1.pkl
SERAT_copy1,0,0.0,regressor_model_1.pkl
VALTA,0,0.0,regressor_model_1.pkl
SUCOAS,0,0.0,regressor_model_1.pkl
FRDO4r,0,0.0,regressor_model_1.pkl
GLNS_copy1,1,0.002954761645374726,regressor_model_1.pkl
ILEDHr_1,0,0.0,regressor_model_1.pkl
ENO,0,0.0,regressor_model_1.pkl
RBK,0,0.0,regressor_model_1.pkl
ALATRS,0,0.0,regressor_model_1.pkl
PTPATi,0,0.0,regressor_model_1.pkl
FDH,0,0.0,regressor_model_1.pkl
NDPK3,0,0.0,regressor_model_1.pkl
DHAD1_copy2,0,0.0,regressor_model_1.pkl
PHETA1,0,0.0,regressor_model_1.pkl
FALDM,0,0.0,regressor_model_1.pkl
PPND,0,0.0,regressor_model_1.pkl
PPK,0,0.0,regressor_model_1.pkl
PPA,0,0.0,regressor_model_1.pkl
PRASCSi_copy1,0,0.0,regressor_model_1.pkl
AROH,0,0.0,regressor_model_1.pkl
GLUSy,0,0.0,regressor_model_1.pkl
GLYALDDr,0,0.00047451330410737516,regressor_model_1.pkl
LLEUDr,1,0.0,regressor_model_1.pkl
AGMDA,0,0.0,regressor_model_1.pkl
GLYCK,0,0.0,regressor_model_1.pkl
FE3DCITR,0,0.0,regressor_model_1.pkl
TRPS1_copy1,0,0.0,regressor_model_1.pkl
AKGDH,1,0.013072285274199768,regressor_model_1.pkl
IDPh_1,0,0.0,regressor_model_1.pkl
DLYSOXGAT,0,0.0,regressor_model_1.pkl
NDP8,0,0.0,regressor_model_1.pkl
TALA,1,0.0,regressor_model_1.pkl
URO_c,0,0.0,regressor_model_1.pkl
PGI,0,0.0,regressor_model_1.pkl
ICL,1,0.07855905559969696,regressor_model_1.pkl
PSCVT_copy1,0,0.0,regressor_model_1.pkl
PGK,0,0.0,regressor_model_1.pkl
HDH,1,0.0054121162735799875,regressor_model_1.pkl
ALDD1,0,0.0,regressor_model_1.pkl
FE3DCITCH,0,0.0,regressor_model_1.pkl
AGPOP,0,0.0,regressor_model_1.pkl
PRAIi_copy2,1,0.03091274812855728,regressor_model_1.pkl
CBMKr,0,0.0,regressor_model_1.pkl
1PPDCRc,0,0.0,regressor_model_1.pkl
GAPDi_nadp,0,0.0004199300462458272,regressor_model_1.pkl
FE3PYOVDL,0,0.0,regressor_model_1.pkl
PGM,0,0.0,regressor_model_1.pkl
PMANM,0,0.0,regressor_model_1.pkl
ILETA,0,0.0,regressor_model_1.pkl
LEUTA,0,0.0,regressor_model_1.pkl
R15BPK,0,0.0,regressor_model_1.pkl
LYSRC,0,0.0,regressor_model_1.pkl
OXOADLR,1,0.0,regressor_model_1.pkl
TRPS3,0,0.0,regressor_model_1.pkl
H2CO3D,0,0.0,regressor_model_1.pkl
SERAT_copy2,0,0.0,regressor_model_1.pkl
HSK,0,0.0,regressor_model_1.pkl
PPNDH,1,0.0,regressor_model_1.pkl
PSCVT_copy2,0,0.0,regressor_model_1.pkl
G5SD_copy2,0,0.0,regressor_model_1.pkl
ADK1,0,0.0008557333389799346,regressor_model_1.pkl
NTD4,0,0.0,regressor_model_1.pkl
PHETHPTOX3,1,0.014353493797593393,regressor_model_1.pkl
ALATA_L,0,0.0,regressor_model_1.pkl
MEPCT_1,0,0.0,regressor_model_1.pkl
PDH,0,0.0,regressor_model_1.pkl
MALS,1,0.0,regressor_model_1.pkl
ANHMK,0,0.0,regressor_model_1.pkl
RECOAH7,0,0.0,regressor_model_1.pkl
GLUDxi,0,0.0,regressor_model_1.pkl
TRPS1_copy2,0,0.0,regressor_model_1.pkl
ALLTN,0,0.0,regressor_model_1.pkl
NDPK5,0,0.0004980164177212866,regressor_model_1.pkl
HISTD,0,0.0,regressor_model_1.pkl
ME2,0,0.0,regressor_model_1.pkl
GLXCL,0,0.0,regressor_model_1.pkl
PRPPS,0,0.0,regressor_model_1.pkl
URIH,0,0.0,regressor_model_1.pkl
PPCK,0,0.0,regressor_model_1.pkl
ALAR,0,0.0,regressor_model_1.pkl
HPYRI,0,0.0,regressor_model_1.pkl
PRAIi_copy1,0,0.0,regressor_model_1.pkl
CSPMDDH,0,0.0006769363311288049,regressor_model_1.pkl
MAN1PT2,0,0.0017277671838187142,regressor_model_1.pkl
HCO3E,0,0.0,regressor_model_1.pkl
DHAD1_copy1,0,0.0,regressor_model_1.pkl
APPAT,0,0.0006791831746479904,regressor_model_1.pkl
ADPT,0,0.0,regressor_model_1.pkl
PRASCSi_copy2,0,0.0,regressor_model_1.pkl
CBPS,0,0.0,regressor_model_1.pkl
FRDO7r,0,0.0,regressor_model_1.pkl
TRSARr,0,0.0,regressor_model_1.pkl
G5SD_copy1,0,0.0,regressor_model_1.pkl
GLNS_copy2,0,0.0,regressor_model_1.pkl
FRDO6r,0,0.0,regressor_model_1.pkl
MDH,0,0.0,regressor_model_1.pkl
PPM,0,0.0,regressor_model_1.pkl
PTRCTA2,0,0.0038267962473968998,regressor_model_1.pkl
DMALRED,0,0.0,regressor_model_1.pkl
G3PD2,0,0.0,regressor_model_1.pkl
DLYSPYRAT,0,0.0007880160747913558,regressor_model_1.pkl
DHSKDH,0,0.0,regressor_model_1.pkl
VALDHr,1,0.0012920420046440306,regressor_model_1.pkl
MEPCT,0,0.0,regressor_model_1.pkl
LSERDHr,1,0.0005190542940065204,regressor_model_1.pkl
G6PDH2r,0,0.0,regressor_model_1.pkl
DHQTi_copy1,0,0.0,regressor_model_1.pkl
DHQTi_copy2,0,0.0,regressor_model_1.pkl
HPYRRx,0,0.0,regressor_model_1.pkl
GLUDy,0,0.0,regressor_model_1.pkl
LTDCL,1,-0.006903509690370878,regressor_model_1.pkl
H2CO3D2,0,0.0,regressor_model_1.pkl
GAPD,0,0.0,regressor_model_1.pkl
SSALy,1,0.0,regressor_model_1.pkl
GLYCTO1,0,0.0,regressor_model_1.pkl
ACS,0,0.0,regressor_model_1.pkl
PDHa,1,0.0,regressor_model_1.pkl
HEPCT,0,0.0,regressor_model_1.pkl
SERAT_copy1,0,0.0,regressor_model_1.pkl
VALTA,0,0.0,regressor_model_1.pkl
SUCOAS,0,0.0,regressor_model_1.pkl
FRDO4r,0,0.0,regressor_model_1.pkl
GLNS_copy1,0,0.0,regressor_model_1.pkl
ILEDHr_1,0,0.0,regressor_model_1.pkl
ENO,0,0.0,regressor_model_1.pkl
RBK,0,0.0,regressor_model_1.pkl
ALATRS,0,0.0,regressor_model_1.pkl
PTPATi,0,0.0,regressor_model_1.pkl
FDH,0,0.0,regressor_model_1.pkl
NDPK3,0,0.0,regressor_model_1.pkl
DHAD1_copy2,0,0.0,regressor_model_1.pkl
PHETA1,0,0.0,regressor_model_1.pkl
FALDM,0,0.0,regressor_model_1.pkl
PPND,0,0.0,regressor_model_1.pkl
PPK,0,0.0,regressor_model_1.pkl
PPA,0,0.0,regressor_model_1.pkl
PRASCSi_copy1,0,0.0,regressor_model_1.pkl
AROH,0,0.0,regressor_model_1.pkl
GLUSy,0,0.0,regressor_model_1.pkl
GLYALDDr,0,0.0,regressor_model_1.pkl
LLEUDr,0,0.0,regressor_model_1.pkl
AGMDA,0,0.0,regressor_model_1.pkl
GLYCK,0,0.0,regressor_model_1.pkl
FE3DCITR,1,0.0,regressor_model_1.pkl
TRPS1_copy1,0,0.0,regressor_model_1.pkl
AKGDH,1,0.0146662807414617,regressor_model_1.pkl
IDPh_1,0,0.0,regressor_model_1.pkl
DLYSOXGAT,0,0.0,regressor_model_1.pkl
NDP8,0,0.0,regressor_model_1.pkl
TALA,1,0.0,regressor_model_1.pkl
URO_c,0,0.0,regressor_model_1.pkl
PGI,0,0.0,regressor_model_1.pkl
ICL,1,0.0383555365892908,regressor_model_1.pkl
PSCVT_copy1,0,0.0,regressor_model_1.pkl
PGK,0,0.0,regressor_model_1.pkl
HDH,1,0.0041552454795062595,regressor_model_1.pkl
ALDD1,0,0.0,regressor_model_1.pkl
FE3DCITCH,0,0.0,regressor_model_1.pkl
AGPOP,0,0.0,regressor_model_1.pkl
PRAIi_copy2,1,0.03223904167760862,regressor_model_1.pkl
CBMKr,0,0.0,regressor_model_1.pkl
1PPDCRc,0,0.0,regressor_model_1.pkl
GAPDi_nadp,0,0.0,regressor_model_1.pkl
FE3PYOVDL,0,0.0,regressor_model_1.pkl
PGM,0,0.0,regressor_model_1.pkl
PMANM,0,0.0,regressor_model_1.pkl
ILETA,0,0.0,regressor_model_1.pkl
LEUTA,0,0.0,regressor_model_1.pkl
R15BPK,0,0.0,regressor_model_1.pkl
LYSRC,0,0.0,regressor_model_1.pkl
OXOADLR,0,0.0,regressor_model_1.pkl
TRPS3,0,0.0,regressor_model_1.pkl
H2CO3D,0,0.0,regressor_model_1.pkl
SERAT_copy2,0,0.0,regressor_model_1.pkl
HSK,0,0.0,regressor_model_1.pkl
PPNDH,0,0.0,regressor_model_1.pkl
PSCVT_copy2,0,0.0,regressor_model_1.pkl
G5SD_copy2,0,0.0,regressor_model_1.pkl
ADK1,0,0.0,regressor_model_1.pkl
NTD4,1,0.0,regressor_model_1.pkl
PHETHPTOX3,1,0.0,regressor_model_1.pkl
ALATA_L,0,0.0,regressor_model_1.pkl
MEPCT_1,0,0.0,regressor_model_1.pkl
PDH,0,0.0,regressor_model_1.pkl
MALS,1,0.0,regressor_model_1.pkl
ANHMK,0,0.0,regressor_model_1.pkl
RECOAH7,0,0.0,regressor_model_1.pkl
GLUDxi,0,0.0,regressor_model_1.pkl
TRPS1_copy2,0,0.0,regressor_model_1.pkl
ALLTN,0,0.0,regressor_model_1.pkl
NDPK5,1,0.0,regressor_model_1.pkl
HISTD,0,0.0,regressor_model_1.pkl
ME2,0,0.0,regressor_model_1.pkl
GLXCL,1,0.0,regressor_model_1.pkl
PRPPS,0,0.0,regressor_model_1.pkl
URIH,0,0.0,regressor_model_1.pkl
PPCK,0,0.0,regressor_model_1.pkl
ALAR,0,0.0,regressor_model_1.pkl
HPYRI,1,0.0,regressor_model_1.pkl
PRAIi_copy1,0,0.0,regressor_model_1.pkl
CSPMDDH,0,0.0,regressor_model_1.pkl
MAN1PT2,1,0.0014851593373030603,regressor_model_1.pkl
HCO3E,0,0.0,regressor_model_1.pkl
DHAD1_copy1,0,0.0,regressor_model_1.pkl
APPAT,0,0.0,regressor_model_1.pkl
ADPT,0,0.0,regressor_model_1.pkl
PRASCSi_copy2,0,0.0,regressor_model_1.pkl
CBPS,0,0.0,regressor_model_1.pkl
FRDO7r,0,0.0,regressor_model_1.pkl
TRSARr,0,0.0,regressor_model_1.pkl
G5SD_copy1,0,0.0,regressor_model_1.pkl
GLNS_copy2,0,0.0,regressor_model_1.pkl
FRDO6r,0,0.0,regressor_model_1.pkl
MDH,0,0.0,regressor_model_1.pkl
PPM,0,0.0,regressor_model_1.pkl
PTRCTA2,1,0.003932070024654672,regressor_model_1.pkl
DMALRED,0,0.0,regressor_model_1.pkl
G3PD2,0,0.0,regressor_model_1.pkl
DLYSPYRAT,0,0.0032255638914436236,regressor_model_1.pkl
DHSKDH,0,0.0,regressor_model_1.pkl
VALDHr,1,0.0021572731115793854,regressor_model_1.pkl
MEPCT,0,0.0,regressor_model_1.pkl
LSERDHr,0,0.0,regressor_model_1.pkl
G6PDH2r,0,0.0,regressor_model_1.pkl
DHQTi_copy1,0,0.0,regressor_model_1.pkl
DHQTi_copy2,0,0.0,regressor_model_1.pkl
HPYRRx,0,0.0,regressor_model_1.pkl
GLUDy,0,0.0,regressor_model_1.pkl
LTDCL,1,-0.0078151114632559,regressor_model_1.pkl
H2CO3D2,0,0.0,regressor_model_1.pkl
GAPD,0,0.0,regressor_model_1.pkl
SSALy,1,0.0,regressor_model_1.pkl
GLYCTO1,0,0.0,regressor_model_1.pkl
ACS,0,0.0,regressor_model_1.pkl
PDHa,1,0.006358477485309468,regressor_model_1.pkl
HEPCT,0,0.0,regressor_model_1.pkl
SERAT_copy1,0,0.0005683706243466948,regressor_model_1.pkl
VALTA,0,0.0,regressor_model_1.pkl
SUCOAS,0,0.0,regressor_model_1.pkl
FRDO4r,0,0.0,regressor_model_1.pkl
GLNS_copy1,1,0.002019777744070287,regressor_model_1.pkl
ILEDHr_1,0,0.0,regressor_model_1.pkl
ENO,0,0.0,regressor_model_1.pkl
RBK,0,0.0,regressor_model_1.pkl
ALATRS,0,0.0,regressor_model_1.pkl
PTPATi,0,0.0,regressor_model_1.pkl
FDH,0,0.0,regressor_model_1.pkl
NDPK3,0,0.0,regressor_model_1.pkl
DHAD1_copy2,0,0.0,regressor_model_1.pkl
PHETA1,0,0.0,regressor_model_1.pkl
FALDM,0,0.0,regressor_model_1.pkl
PPND,0,0.0,regressor_model_1.pkl
PPK,0,0.0,regressor_model_1.pkl
PPA,0,0.0,regressor_model_1.pkl
PRASCSi_copy1,0,0.0,regressor_model_1.pkl
AROH,0,0.0,regressor_model_1.pkl
GLUSy,0,0.0,regressor_model_1.pkl
GLYALDDr,1,0.0004068527583887102,regressor_model_1.pkl
LLEUDr,1,0.0,regressor_model_1.pkl
AGMDA,0,0.0,regressor_model_1.pkl
GLYCK,0,0.0,regressor_model_1.pkl
FE3DCITR,0,0.0,regressor_model_1.pkl
TRPS1_copy1,0,0.0,regressor_model_1.pkl
AKGDH,1,0.013289917392270813,regressor_model_1.pkl
IDPh_1,0,0.0,regressor_model_1.pkl
DLYSOXGAT,0,0.0,regressor_model_1.pkl
NDP8,0,0.0,regressor_model_1.pkl
TALA,1,0.0,regressor_model_1.pkl
URO_c,0,0.0,regressor_model_1.pkl
PGI,0,0.0,regressor_model_1.pkl
ICL,1,0.04620926682500608,regressor_model_1.pkl
PSCVT_copy1,0,0.0,regressor_model_1.pkl
PGK,0,0.0,regressor_model_1.pkl
HDH,1,0.0,regressor_model_1.pkl
ALDD1,0,0.0,regressor_model_1.pkl
FE3DCITCH,0,0.0,regressor_model_1.pkl
AGPOP,0,0.0,regressor_model_1.pkl
PRAIi_copy2,0,0.03278090822420113,regressor_model_1.pkl
CBMKr,0,0.0,regressor_model_1.pkl
1PPDCRc,0,0.0,regressor_model_1.pkl
GAPDi_nadp,0,0.0,regressor_model_1.pkl
FE3PYOVDL,0,0.0,regressor_model_1.pkl
PGM,0,0.0,regressor_model_1.pkl
PMANM,0,0.0,regressor_model_1.pkl
ILETA,0,0.0,regressor_model_1.pkl
LEUTA,0,0.0,regressor_model_1.pkl
R15BPK,0,0.0,regressor_model_1.pkl
LYSRC,0,0.0,regressor_model_1.pkl
OXOADLR,1,0.0,regressor_model_1.pkl
TRPS3,0,0.0,regressor_model_1.pkl
H2CO3D,0,0.0,regressor_model_1.pkl
SERAT_copy2,1,0.0,regressor_model_1.pkl
HSK,0,0.0,regressor_model_1.pkl
PPNDH,1,0.0,regressor_model_1.pkl
PSCVT_copy2,0,0.0,regressor_model_1.pkl
G5SD_copy2,0,0.0,regressor_model_1.pkl
ADK1,0,0.0,regressor_model_1.pkl
NTD4,0,0.0,regressor_model_1.pkl
PHETHPTOX3,1,0.0,regressor_model_1.pkl
ALATA_L,0,0.0,regressor_model_1.pkl
MEPCT_1,0,0.0,regressor_model_1.pkl
PDH,0,0.0,regressor_model_1.pkl
MALS,1,0.003778830685451955,regressor_model_1.pkl
ANHMK,0,0.0,regressor_model_1.pkl
RECOAH7,0,0.0,regressor_model_1.pkl
GLUDxi,0,0.0,regressor_model_1.pkl
TRPS1_copy2,0,0.0,regressor_model_1.pkl
ALLTN,0,0.0,regressor_model_1.pkl
NDPK5,0,0.0,regressor_model_1.pkl
HISTD,0,0.0,regressor_model_1.pkl
ME2,0,0.0,regressor_model_1.pkl
GLXCL,0,0.0,regressor_model_1.pkl
PRPPS,0,0.0,regressor_model_1.pkl
URIH,0,0.0,regressor_model_1.pkl
PPCK,0,0.0,regressor_model_1.pkl
ALAR,0,0.0,regressor_model_1.pkl
HPYRI,0,0.0,regressor_model_1.pkl
PRAIi_copy1,0,0.0,regressor_model_1.pkl
CSPMDDH,0,0.0,regressor_model_1.pkl
MAN1PT2,1,0.0021505820001732068,regressor_model_1.pkl
HCO3E,1,0.0,regressor_model_1.pkl
DHAD1_copy1,0,0.0,regressor_model_1.pkl
APPAT,0,0.0,regressor_model_1.pkl
ADPT,0,0.0,regressor_model_1.pkl
PRASCSi_copy2,0,0.0,regressor_model_1.pkl
CBPS,0,0.0,regressor_model_1.pkl
FRDO7r,0,0.0,regressor_model_1.pkl
TRSARr,0,0.0,regressor_model_1.pkl
G5SD_copy1,0,0.0,regressor_model_1.pkl
GLNS_copy2,0,0.0,regressor_model_1.pkl
FRDO6r,0,0.0,regressor_model_1.pkl
MDH,0,0.0,regressor_model_1.pkl
PPM,0,0.0,regressor_model_1.pkl
PTRCTA2,1,0.004013222999674064,regressor_model_1.pkl
DMALRED,0,0.0,regressor_model_1.pkl
G3PD2,0,0.0,regressor_model_1.pkl
DLYSPYRAT,1,0.0030457312629721335,regressor_model_1.pkl
DHSKDH,0,0.0,regressor_model_1.pkl
VALDHr,1,0.0,regressor_model_1.pkl
MEPCT,0,0.0,regressor_model_1.pkl
LSERDHr,0,0.0011980369307804852,regressor_model_1.pkl
G6PDH2r,0,0.0,regressor_model_1.pkl
DHQTi_copy1,0,0.0,regressor_model_1.pkl
DHQTi_copy2,0,0.0,regressor_model_1.pkl
HPYRRx,0,0.0,regressor_model_1.pkl
GLUDy,0,0.0,regressor_model_1.pkl
LTDCL,1,-0.006714776911561574,regressor_model_1.pkl
H2CO3D2,0,0.0,regressor_model_1.pkl
GAPD,0,0.0,regressor_model_1.pkl
SSALy,0,0.0,regressor_model_1.pkl
GLYCTO1,0,0.0,regressor_model_1.pkl
ACS,0,0.0,regressor_model_1.pkl
PDHa,1,0.0,regressor_model_1.pkl
HEPCT,0,0.0,regressor_model_1.pkl
SERAT_copy1,0,0.0,regressor_model_1.pkl
VALTA,0,0.0,regressor_model_1.pkl
SUCOAS,0,0.0,regressor_model_1.pkl
FRDO4r,0,0.0,regressor_model_1.pkl
GLNS_copy1,1,0.0,regressor_model_1.pkl
ILEDHr_1,0,0.0,regressor_model_1.pkl
ENO,0,0.0,regressor_model_1.pkl
RBK,0,0.0,regressor_model_1.pkl
ALATRS,0,0.0,regressor_model_1.pkl
PTPATi,0,0.0,regressor_model_1.pkl
FDH,0,0.0,regressor_model_1.pkl
NDPK3,0,0.0,regressor_model_1.pkl
DHAD1_copy2,0,0.0,regressor_model_1.pkl
PHETA1,0,0.0,regressor_model_1.pkl
FALDM,0,0.0,regressor_model_1.pkl
PPND,0,0.0,regressor_model_1.pkl
PPK,0,0.0,regressor_model_1.pkl
PPA,0,0.0,regressor_model_1.pkl
PRASCSi_copy1,0,0.0002955423850364941,regressor_model_1.pkl
AROH,0,0.0,regressor_model_1.pkl
GLUSy,0,0.0,regressor_model_1.pkl
GLYALDDr,0,0.0,regressor_model_1.pkl
LLEUDr,1,0.0,regressor_model_1.pkl
AGMDA,0,0.0,regressor_model_1.pkl
GLYCK,0,0.0,regressor_model_1.pkl
FE3DCITR,0,0.0,regressor_model_1.pkl
TRPS1_copy1,0,0.0,regressor_model_1.pkl
AKGDH,1,0.013402992589587902,regressor_model_1.pkl
IDPh_1,0,0.0,regressor_model_1.pkl
DLYSOXGAT,0,0.0,regressor_model_1.pkl
NDP8,0,0.0,regressor_model_1.pkl
TALA,1,0.0,regressor_model_1.pkl
URO_c,0,0.0,regressor_model_1.pkl
PGI,0,0.0,regressor_model_1.pkl
ICL,1,0.04575680074236065,regressor_model_1.pkl
PSCVT_copy1,0,0.0,regressor_model_1.pkl
PGK,0,0.0,regressor_model_1.pkl
HDH,1,0.0,regressor_model_1.pkl
ALDD1,0,0.0,regressor_model_1.pkl
FE3DCITCH,0,0.0,regressor_model_1.pkl
AGPOP,0,0.0,regressor_model_1.pkl
PRAIi_copy2,0,0.03353612280690845,regressor_model_1.pkl
CBMKr,0,0.0,regressor_model_1.pkl
1PPDCRc,0,0.0,regressor_model_1.pkl
GAPDi_nadp,0,0.0,regressor_model_1.pkl
FE3PYOVDL,0,0.0,regressor_model_1.pkl
PGM,0,0.0,regressor_model_1.pkl
PMANM,0,0.0,regressor_model_1.pkl
ILETA,0,0.0,regressor_model_1.pkl
LEUTA,0,0.0,regressor_model_1.pkl
R15BPK,0,0.0,regressor_model_1.pkl
LYSRC,0,0.0,regressor_model_1.pkl
OXOADLR,1,0.0,regressor_model_1.pkl
TRPS3,0,0.0,regressor_model_1.pkl
H2CO3D,1,0.0,regressor_model_1.pkl
SERAT_copy2,1,0.0,regressor_model_1.pkl
HSK,0,0.0,regressor_model_1.pkl
PPNDH,1,0.0,regressor_model_1.pkl
PSCVT_copy2,0,0.0,regressor_model_1.pkl
G5SD_copy2,0,0.0,regressor_model_1.pkl
ADK1,0,0.0,regressor_model_1.pkl
NTD4,0,0.0,regressor_model_1.pkl
PHETHPTOX3,0,0.014222962221771693,regressor_model_1.pkl
ALATA_L,0,0.0,regressor_model_1.pkl
MEPCT_1,0,0.0,regressor_model_1.pkl
PDH,0,0.0,regressor_model_1.pkl
MALS,0,0.003892641389401114,regressor_model_1.pkl
ANHMK,0,0.0,regressor_model_1.pkl
RECOAH7,0,0.0,regressor_model_1.pkl
GLUDxi,0,0.0,regressor_model_1.pkl
TRPS1_copy2,0,0.0,regressor_model_1.pkl
ALLTN,0,0.0,regressor_model_1.pkl
NDPK5,1,0.0010822799969647295,regressor_model_1.pkl
HISTD,0,0.0,regressor_model_1.pkl
ME2,0,0.0,regressor_model_1.pkl
GLXCL,0,0.0,regressor_model_1.pkl
PRPPS,0,0.0,regressor_model_1.pkl
URIH,0,0.0,regressor_model_1.pkl
PPCK,0,0.0,regressor_model_1.pkl
ALAR,0,0.0,regressor_model_1.pkl
HPYRI,0,0.0,regressor_model_1.pkl
PRAIi_copy1,0,0.0,regressor_model_1.pkl
CSPMDDH,0,0.0,regressor_model_1.pkl
MAN1PT2,1,0.002785607008062546,regressor_model_1.pkl
HCO3E,0,0.0,regressor_model_1.pkl
DHAD1_copy1,0,0.0,regressor_model_1.pkl
APPAT,0,0.0,regressor_model_1.pkl
ADPT,0,0.0,regressor_model_1.pkl
PRASCSi_copy2,0,0.0,regressor_model_1.pkl
CBPS,0,0.0,regressor_model_1.pkl
FRDO7r,0,0.0,regressor_model_1.pkl
TRSARr,0,0.0,regressor_model_1.pkl
G5SD_copy1,0,0.0,regressor_model_1.pkl
GLNS_copy2,0,0.0,regressor_model_1.pkl
FRDO6r,0,0.0,regressor_model_1.pkl
MDH,0,0.0,regressor_model_1.pkl
PPM,1,0.0,regressor_model_1.pkl
PTRCTA2,0,0.005183948404782833,regressor_model_1.pkl
DMALRED,0,0.0,regressor_model_1.pkl
G3PD2,0,0.0,regressor_model_1.pkl
DLYSPYRAT,0,0.0,regressor_model_1.pkl
DHSKDH,0,0.0,regressor_model_1.pkl
VALDHr,1,0.002260385820792731,regressor_model_1.pkl
MEPCT,0,0.0,regressor_model_1.pkl
LSERDHr,0,0.0,regressor_model_1.pkl
G6PDH2r,0,0.0,regressor_model_1.pkl
DHQTi_copy1,0,0.0,regressor_model_1.pkl
DHQTi_copy2,0,0.0,regressor_model_1.pkl
HPYRRx,0,0.0,regressor_model_1.pkl
GLUDy,0,0.0,regressor_model_1.pkl
LTDCL,1,0.015092812911207315,regressor_model_1.pkl
H2CO3D2,0,0.0,regressor_model_1.pkl
GAPD,0,0.0,regressor_model_1.pkl
SSALy,1,0.02925167777386169,regressor_model_1.pkl
GLYCTO1,0,0.0,regressor_model_1.pkl
ACS,0,0.0,regressor_model_1.pkl
PDHa,1,0.003337697896996906,regressor_model_1.pkl
HEPCT,0,0.0,regressor_model_1.pkl
SERAT_copy1,0,0.0,regressor_model_1.pkl
VALTA,0,0.0,regressor_model_1.pkl
SUCOAS,0,0.0,regressor_model_1.pkl
FRDO4r,0,0.0,regressor_model_1.pkl
GLNS_copy1,1,0.0025580525089255596,regressor_model_1.pkl
ILEDHr_1,0,0.0,regressor_model_1.pkl
ENO,0,0.0,regressor_model_1.pkl
RBK,0,0.0,regressor_model_1.pkl
ALATRS,0,0.0,regressor_model_1.pkl
PTPATi,0,0.0,regressor_model_1.pkl
FDH,0,0.0,regressor_model_1.pkl
NDPK3,0,0.0,regressor_model_1.pkl
DHAD1_copy2,0,0.0,regressor_model_1.pkl
PHETA1,0,0.0,regressor_model_1.pkl
FALDM,0,0.0,regressor_model_1.pkl
PPND,0,0.0,regressor_model_1.pkl
PPK,0,0.0005633163305961453,regressor_model_1.pkl
PPA,0,0.0,regressor_model_1.pkl
PRASCSi_copy1,0,0.0,regressor_model_1.pkl
AROH,0,0.0,regressor_model_1.pkl
GLUSy,0,0.0,regressor_model_1.pkl
GLYALDDr,0,0.0,regressor_model_1.pkl
LLEUDr,1,0.0,regressor_model_1.pkl
AGMDA,0,0.0,regressor_model_1.pkl
GLYCK,0,0.0,regressor_model_1.pkl
FE3DCITR,0,0.0,regressor_model_1.pkl
TRPS1_copy1,0,0.0,regressor_model_1.pkl
AKGDH,1,0.007463463286722833,regressor_model_1.pkl
IDPh_1,0,0.0,regressor_model_1.pkl
DLYSOXGAT,0,0.0,regressor_model_1.pkl
NDP8,0,0.0,regressor_model_1.pkl
TALA,1,0.0,regressor_model_1.pkl
URO_c,0,0.0,regressor_model_1.pkl
PGI,0,0.0,regressor_model_1.pkl
ICL,1,0.0475309355314762,regressor_model_1.pkl
PSCVT_copy1,0,0.0,regressor_model_1.pkl
PGK,0,0.0008525946936639126,regressor_model_1.pkl
HDH,0,0.0010303930158352076,regressor_model_1.pkl
ALDD1,0,0.0,regressor_model_1.pkl
FE3DCITCH,0,0.0,regressor_model_1.pkl
AGPOP,0,0.0,regressor_model_1.pkl
PRAIi_copy2,0,0.0,regressor_model_1.pkl
CBMKr,0,0.0,regressor_model_1.pkl
1PPDCRc,0,0.0,regressor_model_1.pkl
GAPDi_nadp,0,0.0,regressor_model_1.pkl
FE3PYOVDL,0,0.0,regressor_model_1.pkl
PGM,0,0.0,regressor_model_1.pkl
PMANM,0,0.0,regressor_model_1.pkl
ILETA,0,0.0,regressor_model_1.pkl
LEUTA,0,0.0,regressor_model_1.pkl
R15BPK,0,0.0,regressor_model_1.pkl
LYSRC,0,0.0,regressor_model_1.pkl
OXOADLR,1,0.0018106091648138446,regressor_model_1.pkl
TRPS3,0,0.0,regressor_model_1.pkl
H2CO3D,0,0.0,regressor_model_1.pkl
SERAT_copy2,0,0.0,regressor_model_1.pkl
HSK,0,0.0005802220322088731,regressor_model_1.pkl
PPNDH,1,0.0007473629871302482,regressor_model_1.pkl
PSCVT_copy2,0,0.0,regressor_model_1.pkl
G5SD_copy2,0,0.0007929001164289728,regressor_model_1.pkl
ADK1,0,0.0,regressor_model_1.pkl
NTD4,0,0.0,regressor_model_1.pkl
PHETHPTOX3,1,0.01377174371306259,regressor_model_1.pkl
ALATA_L,0,0.0,regressor_model_1.pkl
MEPCT_1,0,0.0,regressor_model_1.pkl
PDH,0,0.0,regressor_model_1.pkl
MALS,0,0.0005168502762100673,regressor_model_1.pkl
ANHMK,0,0.0,regressor_model_1.pkl
RECOAH7,0,0.0,regressor_model_1.pkl
GLUDxi,0,0.0,regressor_model_1.pkl
TRPS1_copy2,0,0.0,regressor_model_1.pkl
ALLTN,0,0.0,regressor_model_1.pkl
NDPK5,0,0.0,regressor_model_1.pkl
HISTD,0,0.0,regressor_model_1.pkl
ME2,0,0.0,regressor_model_1.pkl
GLXCL,0,0.0,regressor_model_1.pkl
PRPPS,0,0.0,regressor_model_1.pkl
URIH,0,0.0,regressor_model_1.pkl
PPCK,0,0.0,regressor_model_1.pkl
ALAR,0,0.0,regressor_model_1.pkl
HPYRI,0,0.0,regressor_model_1.pkl
PRAIi_copy1,0,0.0,regressor_model_1.pkl
CSPMDDH,0,0.0,regressor_model_1.pkl
MAN1PT2,1,0.0034700378766098516,regressor_model_1.pkl
HCO3E,0,0.002500430930384351,regressor_model_1.pkl
DHAD1_copy1,0,0.0,regressor_model_1.pkl
APPAT,0,0.0,regressor_model_1.pkl
ADPT,0,0.0,regressor_model_1.pkl
PRASCSi_copy2,0,0.0,regressor_model_1.pkl
CBPS,0,0.0,regressor_model_1.pkl
FRDO7r,0,0.0,regressor_model_1.pkl
TRSARr,0,0.0,regressor_model_1.pkl
G5SD_copy1,0,0.0,regressor_model_1.pkl
GLNS_copy2,0,0.0,regressor_model_1.pkl
FRDO6r,0,0.0,regressor_model_1.pkl
MDH,0,0.0,regressor_model_1.pkl
PPM,0,0.0,regressor_model_1.pkl
PTRCTA2,0,0.0,regressor_model_1.pkl
DMALRED,0,0.0,regressor_model_1.pkl
G3PD2,0,0.0,regressor_model_1.pkl
DLYSPYRAT,0,0.0,regressor_model_1.pkl
DHSKDH,0,0.0,regressor_model_1.pkl
VALDHr,1,0.0,regressor_model_1.pkl
MEPCT,0,0.0,regressor_model_1.pkl
LSERDHr,0,0.0,regressor_model_1.pkl
G6PDH2r,0,0.0,regressor_model_1.pkl
DHQTi_copy1,0,0.0,regressor_model_1.pkl
DHQTi_copy2,0,0.0,regressor_model_1.pkl
HPYRRx,0,0.0,regressor_model_1.pkl
GLUDy,0,0.0,regressor_model_1.pkl
LTDCL,0,0.0,regressor_model_1.pkl
H2CO3D2,0,0.0,regressor_model_1.pkl
GAPD,0,0.0,regressor_model_1.pkl
SSALy,1,0.0031008549225406,regressor_model_1.pkl
GLYCTO1,0,0.0,regressor_model_1.pkl
ACS,0,0.0,regressor_model_1.pkl
PDHa,1,0.003908052727914414,regressor_model_1.pkl
HEPCT,0,0.0,regressor_model_1.pkl
SERAT_copy1,0,0.0,regressor_model_1.pkl
VALTA,0,0.0,regressor_model_1.pkl
SUCOAS,0,0.0,regressor_model_1.pkl
FRDO4r,0,0.0,regressor_model_1.pkl
GLNS_copy1,1,0.00037250379524700567,regressor_model_1.pkl
ILEDHr_1,0,0.0,regressor_model_1.pkl
ENO,0,0.0,regressor_model_1.pkl
RBK,0,0.0,regressor_model_1.pkl
ALATRS,0,0.0,regressor_model_1.pkl
PTPATi,0,0.0,regressor_model_1.pkl
FDH,0,0.0,regressor_model_1.pkl
NDPK3,0,0.0,regressor_model_1.pkl
DHAD1_copy2,0,0.0,regressor_model_1.pkl
PHETA1,0,0.0,regressor_model_1.pkl
FALDM,0,0.0,regressor_model_1.pkl
PPND,0,0.0,regressor_model_1.pkl
PPK,0,0.0,regressor_model_1.pkl
PPA,0,0.0,regressor_model_1.pkl
PRASCSi_copy1,0,0.0,regressor_model_1.pkl
AROH,0,0.0,regressor_model_1.pkl
GLUSy,0,0.0,regressor_model_1.pkl
GLYALDDr,0,0.0,regressor_model_1.pkl
LLEUDr,0,0.0,regressor_model_1.pkl
AGMDA,0,0.0,regressor_model_1.pkl
GLYCK,0,0.0,regressor_model_1.pkl
FE3DCITR,0,0.0,regressor_model_1.pkl
TRPS1_copy1,0,0.0,regressor_model_1.pkl
AKGDH,1,0.019428780930686743,regressor_model_1.pkl
IDPh_1,0,0.0,regressor_model_1.pkl
DLYSOXGAT,0,0.0,regressor_model_1.pkl
NDP8,0,0.0,regressor_model_1.pkl
TALA,1,0.0,regressor_model_1.pkl
URO_c,0,0.0,regressor_model_1.pkl
PGI,0,0.0,regressor_model_1.pkl
ICL,1,0.04552856841588314,regressor_model_1.pkl
PSCVT_copy1,0,0.0,regressor_model_1.pkl
PGK,0,0.0,regressor_model_1.pkl
HDH,0,0.0,regressor_model_1.pkl
ALDD1,0,0.0,regressor_model_1.pkl
FE3DCITCH,0,0.0,regressor_model_1.pkl
AGPOP,0,0.0,regressor_model_1.pkl
PRAIi_copy2,1,0.026454102117586812,regressor_model_1.pkl
CBMKr,0,0.0,regressor_model_1.pkl
1PPDCRc,0,0.0,regressor_model_1.pkl
GAPDi_nadp,0,0.0,regressor_model_1.pkl
FE3PYOVDL,0,0.0,regressor_model_1.pkl
PGM,0,0.0,regressor_model_1.pkl
PMANM,0,0.0,regressor_model_1.pkl
ILETA,0,0.0,regressor_model_1.pkl
LEUTA,0,0.0,regressor_model_1.pkl
R15BPK,0,0.0,regressor_model_1.pkl
LYSRC,0,0.0,regressor_model_1.pkl
OXOADLR,0,0.0,regressor_model_1.pkl
TRPS3,0,0.0,regressor_model_1.pkl
H2CO3D,0,0.0,regressor_model_1.pkl
SERAT_copy2,0,0.0,regressor_model_1.pkl
HSK,0,0.0,regressor_model_1.pkl
PPNDH,0,0.0,regressor_model_1.pkl
PSCVT_copy2,0,0.0,regressor_model_1.pkl
G5SD_copy2,0,0.0,regressor_model_1.pkl
ADK1,0,0.0,regressor_model_1.pkl
NTD4,0,0.0,regressor_model_1.pkl
PHETHPTOX3,0,0.0,regressor_model_1.pkl
ALATA_L,0,0.0,regressor_model_1.pkl
MEPCT_1,0,0.0,regressor_model_1.pkl
PDH,0,0.0,regressor_model_1.pkl
MALS,0,0.0,regressor_model_1.pkl
ANHMK,0,0.0,regressor_model_1.pkl
RECOAH7,0,0.0,regressor_model_1.pkl
GLUDxi,0,0.0,regressor_model_1.pkl
TRPS1_copy2,0,0.0,regressor_model_1.pkl
ALLTN,1,0.0,regressor_model_1.pkl
NDPK5,0,0.0,regressor_model_1.pkl
HISTD,0,0.0,regressor_model_1.pkl
ME2,0,0.0,regressor_model_1.pkl
GLXCL,0,0.0,regressor_model_1.pkl
PRPPS,0,0.0,regressor_model_1.pkl
URIH,0,0.0,regressor_model_1.pkl
PPCK,0,0.0,regressor_model_1.pkl
ALAR,0,0.0,regressor_model_1.pkl
HPYRI,0,0.0,regressor_model_1.pkl
PRAIi_copy1,0,0.0,regressor_model_1.pkl
CSPMDDH,0,0.0,regressor_model_1.pkl
MAN1PT2,1,0.0014370977980888988,regressor_model_1.pkl
HCO3E,0,0.0,regressor_model_1.pkl
DHAD1_copy1,0,0.0,regressor_model_1.pkl
APPAT,0,0.0,regressor_model_1.pkl
ADPT,0,0.0,regressor_model_1.pkl
PRASCSi_copy2,0,0.0,regressor_model_1.pkl
CBPS,0,0.0,regressor_model_1.pkl
FRDO7r,0,0.0,regressor_model_1.pkl
TRSARr,0,0.0,regressor_model_1.pkl
G5SD_copy1,0,0.0,regressor_model_1.pkl
GLNS_copy2,0,0.0,regressor_model_1.pkl
FRDO6r,0,0.0,regressor_model_1.pkl
MDH,0,0.0,regressor_model_1.pkl
PPM,0,0.0,regressor_model_1.pkl
PTRCTA2,1,0.0024058647277502344,regressor_model_2.pkl
DMALRED,0,0.0,regressor_model_2.pkl
G3PD2,0,0.0,regressor_model_2.pkl
DLYSPYRAT,0,0.0,regressor_model_2.pkl
DHSKDH,0,0.0,regressor_model_2.pkl
VALDHr,1,0.0018885182726324605,regressor_model_2.pkl
MEPCT,0,0.0,regressor_model_2.pkl
LSERDHr,0,0.0,regressor_model_2.pkl
G6PDH2r,1,0.0,regressor_model_2.pkl
DHQTi_copy1,1,0.0,regressor_model_2.pkl
DHQTi_copy2,0,0.0,regressor_model_2.pkl
HPYRRx,1,0.0,regressor_model_2.pkl
GLUDy,1,0.0,regressor_model_2.pkl
LTDCL,0,0.0,regressor_model_2.pkl
H2CO3D2,0,0.0,regressor_model_2.pkl
GAPD,0,0.0,regressor_model_2.pkl
SSALy,1,0.009062390365798015,regressor_model_2.pkl
GLYCTO1,0,0.0,regressor_model_2.pkl
ACS,0,0.0,regressor_model_2.pkl
PDHa,0,-0.001859133633510973,regressor_model_2.pkl
HEPCT,0,0.0,regressor_model_2.pkl
SERAT_copy1,0,0.0,regressor_model_2.pkl
VALTA,0,0.0,regressor_model_2.pkl
SUCOAS,1,0.03171474477920187,regressor_model_2.pkl
FRDO4r,0,0.0,regressor_model_2.pkl
GLNS_copy1,0,0.0,regressor_model_2.pkl
ILEDHr_1,0,0.0,regressor_model_2.pkl
ENO,0,0.0,regressor_model_2.pkl
RBK,0,0.0,regressor_model_2.pkl
ALATRS,0,0.0,regressor_model_2.pkl
PTPATi,1,0.0,regressor_model_2.pkl
FDH,0,0.0,regressor_model_2.pkl
NDPK3,0,0.0,regressor_model_2.pkl
DHAD1_copy2,0,0.0,regressor_model_2.pkl
PHETA1,0,0.0,regressor_model_2.pkl
FALDM,0,0.0,regressor_model_2.pkl
PPND,0,0.0,regressor_model_2.pkl
PPK,1,0.0,regressor_model_2.pkl
PPA,1,0.0,regressor_model_2.pkl
PRASCSi_copy1,0,0.0,regressor_model_2.pkl
AROH,0,0.0,regressor_model_2.pkl
GLUSy,1,0.0,regressor_model_2.pkl
GLYALDDr,0,0.0,regressor_model_2.pkl
LLEUDr,0,0.0,regressor_model_2.pkl
AGMDA,0,0.0,regressor_model_2.pkl
GLYCK,0,0.0,regressor_model_2.pkl
FE3DCITR,1,0.0,regressor_model_2.pkl
TRPS1_copy1,0,0.0,regressor_model_2.pkl
AKGDH,0,-0.022313012610559034,regressor_model_2.pkl
IDPh_1,0,0.0,regressor_model_2.pkl
DLYSOXGAT,0,0.0,regressor_model_2.pkl
NDP8,0,0.0,regressor_model_2.pkl
TALA,1,0.004320829839172379,regressor_model_2.pkl
URO_c,1,0.0,regressor_model_2.pkl
PGI,0,0.0,regressor_model_2.pkl
ICL,1,0.03933979149355018,regressor_model_2.pkl
PSCVT_copy1,0,0.0,regressor_model_2.pkl
PGK,0,0.0,regressor_model_2.pkl
HDH,0,0.0,regressor_model_2.pkl
ALDD1,0,0.0,regressor_model_2.pkl
FE3DCITCH,0,0.0,regressor_model_2.pkl
AGPOP,1,0.0,regressor_model_2.pkl
PRAIi_copy2,0,0.0,regressor_model_2.pkl
CBMKr,0,0.0,regressor_model_2.pkl
1PPDCRc,0,0.0,regressor_model_2.pkl
GAPDi_nadp,0,0.0,regressor_model_2.pkl
FE3PYOVDL,0,0.0,regressor_model_2.pkl
PGM,0,0.0,regressor_model_2.pkl
PMANM,1,0.0,regressor_model_2.pkl
ILETA,0,0.0,regressor_model_2.pkl
LEUTA,0,0.0,regressor_model_2.pkl
R15BPK,1,0.0,regressor_model_2.pkl
LYSRC,0,0.0,regressor_model_2.pkl
OXOADLR,0,0.0,regressor_model_2.pkl
TRPS3,0,0.0,regressor_model_2.pkl
H2CO3D,0,0.0,regressor_model_2.pkl
SERAT_copy2,1,-0.0040377432130573095,regressor_model_2.pkl
HSK,1,0.0,regressor_model_2.pkl
PPNDH,0,0.0,regressor_model_2.pkl
PSCVT_copy2,0,0.0,regressor_model_2.pkl
G5SD_copy2,0,0.0,regressor_model_2.pkl
ADK1,0,0.0,regressor_model_2.pkl
NTD4,0,0.0,regressor_model_2.pkl
PHETHPTOX3,0,0.0,regressor_model_2.pkl
ALATA_L,0,0.0,regressor_model_2.pkl
MEPCT_1,1,0.0,regressor_model_2.pkl
PDH,0,0.0,regressor_model_2.pkl
MALS,0,0.0,regressor_model_2.pkl
ANHMK,0,0.0,regressor_model_2.pkl
RECOAH7,0,0.0,regressor_model_2.pkl
GLUDxi,0,0.0,regressor_model_2.pkl
TRPS1_copy2,1,0.0,regressor_model_2.pkl
ALLTN,0,0.0,regressor_model_2.pkl
NDPK5,0,0.0,regressor_model_2.pkl
HISTD,1,-0.006717434841246444,regressor_model_2.pkl
ME2,0,0.0,regressor_model_2.pkl
GLXCL,0,0.0,regressor_model_2.pkl
PRPPS,0,0.0,regressor_model_2.pkl
URIH,1,0.0012914429411487946,regressor_model_2.pkl
PPCK,0,0.0,regressor_model_2.pkl
ALAR,1,0.0,regressor_model_2.pkl
HPYRI,0,0.0,regressor_model_2.pkl
PRAIi_copy1,0,0.0,regressor_model_2.pkl
CSPMDDH,0,0.0,regressor_model_2.pkl
MAN1PT2,0,0.0,regressor_model_2.pkl
HCO3E,0,0.0,regressor_model_2.pkl
DHAD1_copy1,0,0.0,regressor_model_2.pkl
APPAT,0,0.0,regressor_model_2.pkl
ADPT,1,0.0,regressor_model_2.pkl
PRASCSi_copy2,0,0.0,regressor_model_2.pkl
CBPS,0,0.0,regressor_model_2.pkl
FRDO7r,0,0.0,regressor_model_2.pkl
TRSARr,0,0.0,regressor_model_2.pkl
G5SD_copy1,0,0.0,regressor_model_2.pkl
GLNS_copy2,0,0.0,regressor_model_2.pkl
FRDO6r,0,0.0,regressor_model_2.pkl
MDH,1,0.0,regressor_model_2.pkl
PPM,0,0.0,regressor_model_2.pkl
PTRCTA2,1,-0.009109574777092339,regressor_model_2.pkl
DMALRED,0,0.0,regressor_model_2.pkl
G3PD2,0,0.0,regressor_model_2.pkl
DLYSPYRAT,0,0.0,regressor_model_2.pkl
DHSKDH,0,0.0,regressor_model_2.pkl
VALDHr,0,0.0,regressor_model_2.pkl
MEPCT,0,0.0,regressor_model_2.pkl
LSERDHr,0,0.0,regressor_model_2.pkl
G6PDH2r,1,0.0,regressor_model_2.pkl
DHQTi_copy1,0,0.0,regressor_model_2.pkl
DHQTi_copy2,0,0.0,regressor_model_2.pkl
HPYRRx,0,0.0,regressor_model_2.pkl
GLUDy,0,0.0,regressor_model_2.pkl
LTDCL,1,0.0,regressor_model_2.pkl
H2CO3D2,0,0.0,regressor_model_2.pkl
GAPD,0,0.0,regressor_model_2.pkl
SSALy,1,0.07891654852657927,regressor_model_2.pkl
GLYCTO1,0,0.0,regressor_model_2.pkl
ACS,0,0.0,regressor_model_2.pkl
PDHa,1,0.0,regressor_model_2.pkl
HEPCT,1,0.0,regressor_model_2.pkl
SERAT_copy1,0,0.0,regressor_model_2.pkl
VALTA,1,0.0,regressor_model_2.pkl
SUCOAS,1,0.0,regressor_model_2.pkl
FRDO4r,0,0.0,regressor_model_2.pkl
GLNS_copy1,0,0.0,regressor_model_2.pkl
ILEDHr_1,1,0.0,regressor_model_2.pkl
ENO,0,0.0,regressor_model_2.pkl
RBK,0,0.0,regressor_model_2.pkl
ALATRS,0,0.0,regressor_model_2.pkl
PTPATi,0,0.0,regressor_model_2.pkl
FDH,0,0.0,regressor_model_2.pkl
NDPK3,0,0.002490376429171778,regressor_model_2.pkl
DHAD1_copy2,0,0.0,regressor_model_2.pkl
PHETA1,0,0.0,regressor_model_2.pkl
FALDM,0,0.0,regressor_model_2.pkl
PPND,0,0.0,regressor_model_2.pkl
PPK,0,0.0,regressor_model_2.pkl
PPA,0,0.0,regressor_model_2.pkl
PRASCSi_copy1,0,0.0,regressor_model_2.pkl
AROH,0,0.0,regressor_model_2.pkl
GLUSy,0,0.0,regressor_model_2.pkl
GLYALDDr,1,0.0,regressor_model_2.pkl
LLEUDr,0,0.0,regressor_model_2.pkl
AGMDA,1,0.0,regressor_model_2.pkl
GLYCK,0,0.0,regressor_model_2.pkl
FE3DCITR,0,0.0,regressor_model_2.pkl
TRPS1_copy1,1,0.0,regressor_model_2.pkl
AKGDH,0,0.046441272869860724,regressor_model_2.pkl
IDPh_1,1,0.0,regressor_model_2.pkl
DLYSOXGAT,0,0.0,regressor_model_2.pkl
NDP8,0,0.0,regressor_model_2.pkl
TALA,1,0.021413945275504047,regressor_model_2.pkl
URO_c,0,0.0,regressor_model_2.pkl
PGI,1,0.0,regressor_model_2.pkl
ICL,1,0.06773463403037401,regressor_model_2.pkl
PSCVT_copy1,0,0.0,regressor_model_2.pkl
PGK,0,0.0,regressor_model_2.pkl
HDH,0,0.0,regressor_model_2.pkl
ALDD1,0,0.0,regressor_model_2.pkl
FE3DCITCH,0,0.0,regressor_model_2.pkl
AGPOP,0,0.0,regressor_model_2.pkl
PRAIi_copy2,1,0.0,regressor_model_2.pkl
CBMKr,0,0.0,regressor_model_2.pkl
1PPDCRc,0,0.0,regressor_model_2.pkl
GAPDi_nadp,0,0.0,regressor_model_2.pkl
FE3PYOVDL,0,0.0,regressor_model_2.pkl
PGM,0,0.0,regressor_model_2.pkl
PMANM,0,0.0,regressor_model_2.pkl
ILETA,0,0.0,regressor_model_2.pkl
LEUTA,0,0.0,regressor_model_2.pkl
R15BPK,0,0.0,regressor_model_2.pkl
LYSRC,0,0.0,regressor_model_2.pkl
OXOADLR,0,0.0,regressor_model_2.pkl
TRPS3,1,0.0,regressor_model_2.pkl
H2CO3D,0,0.0,regressor_model_2.pkl
SERAT_copy2,1,0.0,regressor_model_2.pkl
HSK,0,0.0,regressor_model_2.pkl
PPNDH,0,0.0,regressor_model_2.pkl
PSCVT_copy2,0,0.0,regressor_model_2.pkl
G5SD_copy2,0,0.0,regressor_model_2.pkl
ADK1,1,0.0,regressor_model_2.pkl
NTD4,0,0.0,regressor_model_2.pkl
PHETHPTOX3,0,0.0,regressor_model_2.pkl
ALATA_L,1,0.0,regressor_model_2.pkl
MEPCT_1,0,0.0,regressor_model_2.pkl
PDH,0,0.0,regressor_model_2.pkl
MALS,0,0.0,regressor_model_2.pkl
ANHMK,1,0.0,regressor_model_2.pkl
RECOAH7,0,0.0031806861624500116,regressor_model_2.pkl
GLUDxi,0,0.0,regressor_model_2.pkl
TRPS1_copy2,0,0.0,regressor_model_2.pkl
ALLTN,0,0.0,regressor_model_2.pkl
NDPK5,0,0.0,regressor_model_2.pkl
HISTD,0,-0.015768755874475293,regressor_model_2.pkl
ME2,0,0.0,regressor_model_2.pkl
GLXCL,0,0.0,regressor_model_2.pkl
PRPPS,0,0.0,regressor_model_2.pkl
URIH,0,0.0,regressor_model_2.pkl
PPCK,0,0.0,regressor_model_2.pkl
ALAR,0,0.0,regressor_model_2.pkl
HPYRI,0,0.0,regressor_model_2.pkl
PRAIi_copy1,0,0.0,regressor_model_2.pkl
CSPMDDH,1,0.0,regressor_model_2.pkl
MAN1PT2,0,0.0,regressor_model_2.pkl
HCO3E,0,0.0,regressor_model_2.pkl
DHAD1_copy1,0,0.0,regressor_model_2.pkl
APPAT,0,0.0,regressor_model_2.pkl
ADPT,1,0.0,regressor_model_2.pkl
PRASCSi_copy2,0,0.0,regressor_model_2.pkl
CBPS,0,0.0,regressor_model_2.pkl
FRDO7r,0,0.0,regressor_model_2.pkl
TRSARr,0,0.0,regressor_model_2.pkl
G5SD_copy1,0,0.0,regressor_model_2.pkl
GLNS_copy2,0,0.0,regressor_model_2.pkl
FRDO6r,1,0.0,regressor_model_2.pkl
MDH,1,0.0,regressor_model_2.pkl
PPM,0,0.0,regressor_model_2.pkl
PTRCTA2,0,0.03518628042380855,regressor_model_2.pkl
DMALRED,0,0.0,regressor_model_2.pkl
G3PD2,0,0.0,regressor_model_2.pkl
DLYSPYRAT,0,0.0,regressor_model_2.pkl
DHSKDH,1,0.0,regressor_model_2.pkl
VALDHr,0,0.0,regressor_model_2.pkl
MEPCT,0,0.0,regressor_model_2.pkl
LSERDHr,0,0.0,regressor_model_2.pkl
G6PDH2r,0,0.0,regressor_model_2.pkl
DHQTi_copy1,0,0.0,regressor_model_2.pkl
DHQTi_copy2,0,0.0,regressor_model_2.pkl
HPYRRx,0,0.0,regressor_model_2.pkl
GLUDy,1,0.0,regressor_model_2.pkl
LTDCL,0,0.0,regressor_model_2.pkl
H2CO3D2,0,0.0,regressor_model_2.pkl
GAPD,0,0.0,regressor_model_2.pkl
SSALy,1,0.0,regressor_model_2.pkl
GLYCTO1,0,0.0,regressor_model_2.pkl
ACS,0,0.0,regressor_model_2.pkl
PDHa,0,0.0,regressor_model_2.pkl
HEPCT,1,0.0,regressor_model_2.pkl
SERAT_copy1,0,0.0,regressor_model_2.pkl
VALTA,0,0.0,regressor_model_2.pkl
SUCOAS,1,0.0,regressor_model_2.pkl
FRDO4r,0,0.0,regressor_model_2.pkl
GLNS_copy1,0,0.0,regressor_model_2.pkl
ILEDHr_1,0,0.0,regressor_model_2.pkl
ENO,0,0.0,regressor_model_2.pkl
RBK,1,0.0,regressor_model_2.pkl
ALATRS,1,0.0,regressor_model_2.pkl
PTPATi,0,0.0,regressor_model_2.pkl
FDH,1,0.0,regressor_model_2.pkl
NDPK3,0,0.0,regressor_model_2.pkl
DHAD1_copy2,1,0.0,regressor_model_2.pkl
PHETA1,0,0.0,regressor_model_2.pkl
FALDM,1,0.0,regressor_model_2.pkl
PPND,0,0.0025322520299431986,regressor_model_2.pkl
PPK,0,0.0,regressor_model_2.pkl
PPA,0,0.0,regressor_model_2.pkl
PRASCSi_copy1,0,0.0,regressor_model_2.pkl
AROH,0,-0.04339292443976704,regressor_model_2.pkl
GLUSy,0,0.0,regressor_model_2.pkl
GLYALDDr,0,0.0,regressor_model_2.pkl
LLEUDr,0,0.0,regressor_model_2.pkl
AGMDA,0,0.0,regressor_model_2.pkl
GLYCK,0,0.0,regressor_model_2.pkl
FE3DCITR,0,0.0,regressor_model_2.pkl
TRPS1_copy1,0,0.0,regressor_model_2.pkl
AKGDH,0,0.030760777093011636,regressor_model_2.pkl
IDPh_1,0,0.0,regressor_model_2.pkl
DLYSOXGAT,0,0.0,regressor_model_2.pkl
NDP8,0,0.0,regressor_model_2.pkl
TALA,0,0.0,regressor_model_2.pkl
URO_c,0,0.0,regressor_model_2.pkl
PGI,1,0.026471315167594673,regressor_model_2.pkl
ICL,1,0.04783235082000099,regressor_model_2.pkl
PSCVT_copy1,0,0.0,regressor_model_2.pkl
PGK,0,0.0,regressor_model_2.pkl
HDH,1,0.0,regressor_model_2.pkl
ALDD1,0,0.0,regressor_model_2.pkl
FE3DCITCH,0,0.0,regressor_model_2.pkl
AGPOP,0,0.0,regressor_model_2.pkl
PRAIi_copy2,0,0.0,regressor_model_2.pkl
CBMKr,1,0.0,regressor_model_2.pkl
1PPDCRc,0,-0.02823399768022623,regressor_model_2.pkl
GAPDi_nadp,0,0.0,regressor_model_2.pkl
FE3PYOVDL,0,0.0,regressor_model_2.pkl
PGM,0,0.0,regressor_model_2.pkl
PMANM,0,0.0,regressor_model_2.pkl
ILETA,0,0.001169230045989303,regressor_model_2.pkl
LEUTA,0,0.0,regressor_model_2.pkl
R15BPK,0,0.0,regressor_model_2.pkl
LYSRC,0,0.0,regressor_model_2.pkl
OXOADLR,0,0.0,regressor_model_2.pkl
TRPS3,1,0.0,regressor_model_2.pkl
H2CO3D,0,0.0,regressor_model_2.pkl
SERAT_copy2,0,0.0,regressor_model_2.pkl
HSK,0,0.0,regressor_model_2.pkl
PPNDH,0,0.0,regressor_model_2.pkl
PSCVT_copy2,0,0.0,regressor_model_2.pkl
G5SD_copy2,0,0.0,regressor_model_2.pkl
ADK1,0,0.0,regressor_model_2.pkl
NTD4,0,0.0,regressor_model_2.pkl
PHETHPTOX3,0,0.0,regressor_model_2.pkl
ALATA_L,1,0.0,regressor_model_2.pkl
MEPCT_1,1,0.0,regressor_model_2.pkl
PDH,0,0.0,regressor_model_2.pkl
MALS,1,0.0,regressor_model_2.pkl
ANHMK,0,0.0,regressor_model_2.pkl
RECOAH7,0,0.0,regressor_model_2.pkl
GLUDxi,0,0.0,regressor_model_2.pkl
TRPS1_copy2,0,0.0,regressor_model_2.pkl
ALLTN,1,0.0,regressor_model_2.pkl
NDPK5,0,0.0,regressor_model_2.pkl
HISTD,0,0.0,regressor_model_2.pkl
ME2,0,0.0,regressor_model_2.pkl
GLXCL,0,0.0,regressor_model_2.pkl
PRPPS,0,0.0,regressor_model_2.pkl
URIH,1,0.0,regressor_model_2.pkl
PPCK,0,0.0,regressor_model_2.pkl
ALAR,0,0.0,regressor_model_2.pkl
HPYRI,0,0.0,regressor_model_2.pkl
PRAIi_copy1,0,0.0,regressor_model_2.pkl
CSPMDDH,0,0.0,regressor_model_2.pkl
MAN1PT2,0,0.0,regressor_model_2.pkl
HCO3E,0,0.0,regressor_model_2.pkl
DHAD1_copy1,0,0.0,regressor_model_2.pkl
APPAT,0,0.0,regressor_model_2.pkl
ADPT,0,0.0,regressor_model_2.pkl
PRASCSi_copy2,1,0.0,regressor_model_2.pkl
CBPS,0,0.0,regressor_model_2.pkl
FRDO7r,0,0.0,regressor_model_2.pkl
TRSARr,0,0.0,regressor_model_2.pkl
G5SD_copy1,0,0.0,regressor_model_2.pkl
GLNS_copy2,1,0.0,regressor_model_2.pkl
FRDO6r,1,0.0,regressor_model_2.pkl
MDH,1,0.0,regressor_model_2.pkl
PPM,0,0.0,regressor_model_2.pkl
PTRCTA2,0,0.07481347868527256,regressor_model_2.pkl
DMALRED,0,0.0,regressor_model_2.pkl
G3PD2,0,0.0010864142931563752,regressor_model_2.pkl
DLYSPYRAT,0,0.0,regressor_model_2.pkl
DHSKDH,0,0.0,regressor_model_2.pkl
VALDHr,1,0.0,regressor_model_2.pkl
MEPCT,0,0.0,regressor_model_2.pkl
LSERDHr,1,0.0,regressor_model_2.pkl
G6PDH2r,1,0.0,regressor_model_2.pkl
DHQTi_copy1,0,0.0,regressor_model_2.pkl
DHQTi_copy2,0,0.0,regressor_model_2.pkl
HPYRRx,0,0.0,regressor_model_2.pkl
GLUDy,0,0.0,regressor_model_2.pkl
LTDCL,0,0.0,regressor_model_2.pkl
H2CO3D2,0,0.0,regressor_model_2.pkl
GAPD,0,0.0,regressor_model_2.pkl
SSALy,1,0.0,regressor_model_2.pkl
GLYCTO1,0,0.0,regressor_model_2.pkl
ACS,0,0.0,regressor_model_2.pkl
PDHa,0,0.0,regressor_model_2.pkl
HEPCT,0,0.0013180068594126047,regressor_model_2.pkl
SERAT_copy1,0,0.0,regressor_model_2.pkl
VALTA,0,0.0,regressor_model_2.pkl
SUCOAS,0,0.0,regressor_model_2.pkl
FRDO4r,1,0.0,regressor_model_2.pkl
GLNS_copy1,0,0.0,regressor_model_2.pkl
ILEDHr_1,0,0.0,regressor_model_2.pkl
ENO,0,0.0011530269223924041,regressor_model_2.pkl
RBK,0,0.0,regressor_model_2.pkl
ALATRS,0,0.0,regressor_model_2.pkl
PTPATi,0,0.0,regressor_model_2.pkl
FDH,0,0.0,regressor_model_2.pkl
NDPK3,0,0.0,regressor_model_2.pkl
DHAD1_copy2,0,0.0,regressor_model_2.pkl
PHETA1,0,0.0,regressor_model_2.pkl
FALDM,0,0.0,regressor_model_2.pkl
PPND,0,0.006439274461239558,regressor_model_2.pkl
PPK,1,0.0,regressor_model_2.pkl
PPA,0,0.002161873006409919,regressor_model_2.pkl
PRASCSi_copy1,0,0.0,regressor_model_2.pkl
AROH,0,0.0,regressor_model_2.pkl
GLUSy,0,0.0,regressor_model_2.pkl
GLYALDDr,0,0.0,regressor_model_2.pkl
LLEUDr,1,0.0,regressor_model_2.pkl
AGMDA,0,0.0027010824022996593,regressor_model_2.pkl
GLYCK,0,0.0,regressor_model_2.pkl
FE3DCITR,0,0.0,regressor_model_2.pkl
TRPS1_copy1,0,0.0,regressor_model_2.pkl
AKGDH,1,0.06133957068405712,regressor_model_2.pkl
IDPh_1,0,0.0,regressor_model_2.pkl
DLYSOXGAT,0,0.0,regressor_model_2.pkl
NDP8,0,0.0,regressor_model_2.pkl
TALA,1,0.0,regressor_model_2.pkl
URO_c,0,0.0,regressor_model_2.pkl
PGI,0,0.03973822537519886,regressor_model_2.pkl
ICL,1,0.09322859207265681,regressor_model_2.pkl
PSCVT_copy1,0,0.0,regressor_model_2.pkl
PGK,0,0.0024094305599014257,regressor_model_2.pkl
HDH,0,0.0,regressor_model_2.pkl
ALDD1,0,0.0,regressor_model_2.pkl
FE3DCITCH,0,0.0,regressor_model_2.pkl
AGPOP,0,0.0,regressor_model_2.pkl
PRAIi_copy2,0,0.0,regressor_model_2.pkl
CBMKr,0,0.0,regressor_model_2.pkl
1PPDCRc,0,0.0017178707923610863,regressor_model_2.pkl
GAPDi_nadp,0,0.0,regressor_model_2.pkl
FE3PYOVDL,0,0.0,regressor_model_2.pkl
PGM,0,0.0,regressor_model_2.pkl
PMANM,1,0.0,regressor_model_2.pkl
ILETA,0,0.0,regressor_model_2.pkl
LEUTA,0,0.0,regressor_model_2.pkl
R15BPK,0,0.0,regressor_model_2.pkl
LYSRC,0,0.0,regressor_model_2.pkl
OXOADLR,0,0.0,regressor_model_2.pkl
TRPS3,0,0.0,regressor_model_2.pkl
H2CO3D,0,0.0,regressor_model_2.pkl
SERAT_copy2,0,0.0,regressor_model_2.pkl
HSK,1,0.0,regressor_model_2.pkl
PPNDH,0,0.0,regressor_model_2.pkl
PSCVT_copy2,0,0.0,regressor_model_2.pkl
G5SD_copy2,0,0.0,regressor_model_2.pkl
ADK1,0,0.0,regressor_model_2.pkl
NTD4,0,0.0,regressor_model_2.pkl
PHETHPTOX3,0,0.0,regressor_model_2.pkl
ALATA_L,1,0.0,regressor_model_2.pkl
MEPCT_1,0,0.0,regressor_model_2.pkl
PDH,0,0.0,regressor_model_2.pkl
MALS,0,0.0,regressor_model_2.pkl
ANHMK,0,0.0014453338664001702,regressor_model_2.pkl
RECOAH7,1,0.0,regressor_model_2.pkl
GLUDxi,0,0.0,regressor_model_2.pkl
TRPS1_copy2,1,0.0,regressor_model_2.pkl
ALLTN,0,0.0,regressor_model_2.pkl
NDPK5,0,0.0,regressor_model_2.pkl
HISTD,1,0.0,regressor_model_2.pkl
ME2,0,0.0,regressor_model_2.pkl
GLXCL,0,0.0,regressor_model_2.pkl
PRPPS,0,0.0,regressor_model_2.pkl
URIH,0,0.0,regressor_model_2.pkl
PPCK,0,0.0031048468026031125,regressor_model_2.pkl
ALAR,0,0.0,regressor_model_2.pkl
HPYRI,0,0.0,regressor_model_2.pkl
PRAIi_copy1,0,0.0025016628571368216,regressor_model_2.pkl
CSPMDDH,0,0.0,regressor_model_2.pkl
MAN1PT2,0,0.0,regressor_model_2.pkl
HCO3E,0,0.0,regressor_model_2.pkl
DHAD1_copy1,0,0.0,regressor_model_2.pkl
APPAT,0,0.0,regressor_model_2.pkl
ADPT,0,0.0,regressor_model_2.pkl
PRASCSi_copy2,0,0.0,regressor_model_2.pkl
CBPS,0,0.0,regressor_model_2.pkl
FRDO7r,0,0.0,regressor_model_2.pkl
TRSARr,0,0.0,regressor_model_2.pkl
G5SD_copy1,0,0.0,regressor_model_2.pkl
GLNS_copy2,0,0.0,regressor_model_2.pkl
FRDO6r,0,0.0,regressor_model_2.pkl
MDH,0,0.0,regressor_model_2.pkl
PPM,0,0.0,regressor_model_2.pkl
PTRCTA2,1,0.037827766864795914,regressor_model_2.pkl
DMALRED,0,0.0,regressor_model_2.pkl
G3PD2,0,0.004710575415980972,regressor_model_2.pkl
DLYSPYRAT,1,0.0,regressor_model_2.pkl
DHSKDH,0,0.0,regressor_model_2.pkl
VALDHr,1,0.0018746258685037225,regressor_model_2.pkl
MEPCT,0,0.0,regressor_model_2.pkl
LSERDHr,0,0.0,regressor_model_2.pkl
G6PDH2r,0,0.0,regressor_model_2.pkl
DHQTi_copy1,0,0.0,regressor_model_2.pkl
DHQTi_copy2,0,0.0,regressor_model_2.pkl
HPYRRx,0,0.0,regressor_model_2.pkl
GLUDy,0,0.0,regressor_model_2.pkl
LTDCL,1,0.0,regressor_model_2.pkl
H2CO3D2,0,0.0,regressor_model_2.pkl
GAPD,0,0.0,regressor_model_2.pkl
SSALy,1,0.015611246136183385,regressor_model_2.pkl
GLYCTO1,0,0.0,regressor_model_2.pkl
ACS,0,0.0,regressor_model_2.pkl
PDHa,0,0.0,regressor_model_2.pkl
HEPCT,0,0.0,regressor_model_2.pkl
SERAT_copy1,0,0.0,regressor_model_2.pkl
VALTA,0,0.0,regressor_model_2.pkl
SUCOAS,0,0.0,regressor_model_2.pkl
FRDO4r,0,0.0,regressor_model_2.pkl
GLNS_copy1,1,0.0,regressor_model_2.pkl
ILEDHr_1,0,0.0,regressor_model_2.pkl
ENO,0,0.0,regressor_model_2.pkl
RBK,0,0.0,regressor_model_2.pkl
ALATRS,0,0.0,regressor_model_2.pkl
PTPATi,0,0.0,regressor_model_2.pkl
FDH,0,0.0,regressor_model_2.pkl
NDPK3,0,0.0,regressor_model_2.pkl
DHAD1_copy2,0,0.0,regressor_model_2.pkl
PHETA1,0,0.0,regressor_model_2.pkl
FALDM,0,0.0,regressor_model_2.pkl
PPND,0,0.010532180430150017,regressor_model_2.pkl
PPK,0,0.0,regressor_model_2.pkl
PPA,0,0.0,regressor_model_2.pkl
PRASCSi_copy1,0,0.0,regressor_model_2.pkl
AROH,0,0.0,regressor_model_2.pkl
GLUSy,0,0.0,regressor_model_2.pkl
GLYALDDr,0,0.0,regressor_model_2.pkl
LLEUDr,0,0.0,regressor_model_2.pkl
AGMDA,0,0.0,regressor_model_2.pkl
GLYCK,0,0.0,regressor_model_2.pkl
FE3DCITR,0,0.0,regressor_model_2.pkl
TRPS1_copy1,0,0.001797870341138206,regressor_model_2.pkl
AKGDH,1,0.07085122450724979,regressor_model_2.pkl
IDPh_1,0,0.0,regressor_model_2.pkl
DLYSOXGAT,0,0.0,regressor_model_2.pkl
NDP8,0,0.0,regressor_model_2.pkl
TALA,0,0.0,regressor_model_2.pkl
URO_c,0,0.0,regressor_model_2.pkl
PGI,1,0.03774639377392515,regressor_model_2.pkl
ICL,1,0.10145006264133252,regressor_model_2.pkl
PSCVT_copy1,0,0.0,regressor_model_2.pkl
PGK,0,0.00343861758527001,regressor_model_2.pkl
HDH,1,0.0,regressor_model_2.pkl
ALDD1,0,0.0,regressor_model_2.pkl
FE3DCITCH,1,0.0,regressor_model_2.pkl
AGPOP,0,0.0,regressor_model_2.pkl
PRAIi_copy2,0,0.0,regressor_model_2.pkl
CBMKr,0,0.0,regressor_model_2.pkl
1PPDCRc,0,0.0,regressor_model_2.pkl
GAPDi_nadp,0,0.0,regressor_model_2.pkl
FE3PYOVDL,0,0.0,regressor_model_2.pkl
PGM,0,0.0,regressor_model_2.pkl
PMANM,0,0.0,regressor_model_2.pkl
ILETA,0,0.0,regressor_model_2.pkl
LEUTA,0,0.0,regressor_model_2.pkl
R15BPK,0,0.0,regressor_model_2.pkl
LYSRC,0,0.0,regressor_model_2.pkl
OXOADLR,0,0.0,regressor_model_2.pkl
TRPS3,0,0.0,regressor_model_2.pkl
H2CO3D,0,0.0,regressor_model_2.pkl
SERAT_copy2,0,0.0,regressor_model_2.pkl
HSK,0,0.0,regressor_model_2.pkl
PPNDH,0,0.0,regressor_model_2.pkl
PSCVT_copy2,0,0.0,regressor_model_2.pkl
G5SD_copy2,0,0.0,regressor_model_2.pkl
ADK1,0,0.0,regressor_model_2.pkl
NTD4,0,0.0,regressor_model_2.pkl
PHETHPTOX3,1,0.0,regressor_model_2.pkl
ALATA_L,0,0.0,regressor_model_2.pkl
MEPCT_1,0,0.0,regressor_model_2.pkl
PDH,0,0.0,regressor_model_2.pkl
MALS,1,0.0,regressor_model_2.pkl
ANHMK,0,0.0,regressor_model_2.pkl
RECOAH7,0,0.0,regressor_model_2.pkl
GLUDxi,0,0.0,regressor_model_2.pkl
TRPS1_copy2,0,0.0,regressor_model_2.pkl
ALLTN,0,0.0,regressor_model_2.pkl
NDPK5,1,0.0,regressor_model_2.pkl
HISTD,0,0.0,regressor_model_2.pkl
ME2,0,0.0,regressor_model_2.pkl
GLXCL,0,0.0,regressor_model_2.pkl
PRPPS,0,0.0,regressor_model_2.pkl
URIH,0,0.0,regressor_model_2.pkl
PPCK,0,0.0017790854973881525,regressor_model_2.pkl
ALAR,0,0.004194742238200377,regressor_model_2.pkl
HPYRI,0,0.0,regressor_model_2.pkl
PRAIi_copy1,0,0.0,regressor_model_2.pkl
CSPMDDH,0,0.0,regressor_model_2.pkl
MAN1PT2,1,0.0,regressor_model_2.pkl
HCO3E,0,0.0,regressor_model_2.pkl
DHAD1_copy1,0,0.0,regressor_model_2.pkl
APPAT,0,0.0,regressor_model_2.pkl
ADPT,0,0.0,regressor_model_2.pkl
PRASCSi_copy2,0,0.0,regressor_model_2.pkl
CBPS,0,0.0,regressor_model_2.pkl
FRDO7r,0,0.0,regressor_model_2.pkl
TRSARr,0,0.0,regressor_model_2.pkl
G5SD_copy1,0,0.0,regressor_model_2.pkl
GLNS_copy2,0,0.0,regressor_model_2.pkl
FRDO6r,0,0.0,regressor_model_2.pkl
MDH,0,0.0,regressor_model_2.pkl
PPM,0,0.0,regressor_model_2.pkl
PTRCTA2,1,-0.008375772299452099,regressor_model_2.pkl
DMALRED,0,0.0,regressor_model_2.pkl
G3PD2,0,0.0,regressor_model_2.pkl
DLYSPYRAT,1,0.0,regressor_model_2.pkl
DHSKDH,0,0.0,regressor_model_2.pkl
VALDHr,0,0.0,regressor_model_2.pkl
MEPCT,0,0.0,regressor_model_2.pkl
LSERDHr,0,0.0,regressor_model_2.pkl
G6PDH2r,1,0.0,regressor_model_2.pkl
DHQTi_copy1,0,0.0,regressor_model_2.pkl
DHQTi_copy2,0,0.0,regressor_model_2.pkl
HPYRRx,0,0.0,regressor_model_2.pkl
GLUDy,0,0.0,regressor_model_2.pkl
LTDCL,0,0.0,regressor_model_2.pkl
H2CO3D2,0,0.0,regressor_model_2.pkl
GAPD,0,0.0,regressor_model_2.pkl
SSALy,0,0.07671956745193219,regressor_model_2.pkl
GLYCTO1,0,0.0,regressor_model_2.pkl
ACS,0,0.0,regressor_model_2.pkl
PDHa,1,0.0,regressor_model_2.pkl
HEPCT,0,0.0,regressor_model_2.pkl
SERAT_copy1,0,0.0,regressor_model_2.pkl
VALTA,0,0.0,regressor_model_2.pkl
SUCOAS,0,0.0,regressor_model_2.pkl
FRDO4r,0,0.0,regressor_model_2.pkl
GLNS_copy1,1,0.0,regressor_model_2.pkl
ILEDHr_1,0,0.0,regressor_model_2.pkl
ENO,0,0.0,regressor_model_2.pkl
RBK,0,0.0,regressor_model_2.pkl
ALATRS,0,0.0,regressor_model_2.pkl
PTPATi,0,0.0,regressor_model_2.pkl
FDH,0,0.0,regressor_model_2.pkl
NDPK3,0,0.0,regressor_model_2.pkl
DHAD1_copy2,0,0.0,regressor_model_2.pkl
PHETA1,0,0.0,regressor_model_2.pkl
FALDM,0,0.0,regressor_model_2.pkl
PPND,0,0.0,regressor_model_2.pkl
PPK,0,0.0,regressor_model_2.pkl
PPA,0,0.0,regressor_model_2.pkl
PRASCSi_copy1,0,0.0,regressor_model_2.pkl
AROH,0,0.0,regressor_model_2.pkl
GLUSy,0,0.0,regressor_model_2.pkl
GLYALDDr,0,0.0,regressor_model_2.pkl
LLEUDr,0,0.0,regressor_model_2.pkl
AGMDA,0,0.0,regressor_model_2.pkl
GLYCK,1,0.0,regressor_model_2.pkl
FE3DCITR,0,0.0,regressor_model_2.pkl
TRPS1_copy1,0,0.0,regressor_model_2.pkl
AKGDH,1,0.04305690777410931,regressor_model_2.pkl
IDPh_1,0,0.0,regressor_model_2.pkl
DLYSOXGAT,0,0.0,regressor_model_2.pkl
NDP8,0,0.0,regressor_model_2.pkl
TALA,0,0.01793051387042059,regressor_model_2.pkl
URO_c,0,0.0,regressor_model_2.pkl
PGI,0,0.0,regressor_model_2.pkl
ICL,1,0.06242106693957283,regressor_model_2.pkl
PSCVT_copy1,0,0.0,regressor_model_2.pkl
PGK,0,0.0,regressor_model_2.pkl
HDH,1,0.0,regressor_model_2.pkl
ALDD1,0,0.0,regressor_model_2.pkl
FE3DCITCH,1,0.0,regressor_model_2.pkl
AGPOP,0,0.0,regressor_model_2.pkl
PRAIi_copy2,0,0.0,regressor_model_2.pkl
CBMKr,0,0.0,regressor_model_2.pkl
1PPDCRc,0,0.0,regressor_model_2.pkl
GAPDi_nadp,0,0.0,regressor_model_2.pkl
FE3PYOVDL,0,0.0,regressor_model_2.pkl
PGM,0,0.0,regressor_model_2.pkl
PMANM,0,0.0,regressor_model_2.pkl
ILETA,0,0.0,regressor_model_2.pkl
LEUTA,0,0.0,regressor_model_2.pkl
R15BPK,0,0.0,regressor_model_2.pkl
LYSRC,0,0.0,regressor_model_2.pkl
OXOADLR,1,0.0,regressor_model_2.pkl
TRPS3,0,0.0,regressor_model_2.pkl
H2CO3D,0,0.0,regressor_model_2.pkl
SERAT_copy2,0,0.0,regressor_model_2.pkl
HSK,0,0.0,regressor_model_2.pkl
PPNDH,0,0.0,regressor_model_2.pkl
PSCVT_copy2,0,0.0,regressor_model_2.pkl
G5SD_copy2,0,0.0,regressor_model_2.pkl
ADK1,0,0.0,regressor_model_2.pkl
NTD4,0,0.0,regressor_model_2.pkl
PHETHPTOX3,1,0.0,regressor_model_2.pkl
ALATA_L,0,0.0,regressor_model_2.pkl
MEPCT_1,0,0.0,regressor_model_2.pkl
PDH,0,0.0,regressor_model_2.pkl
MALS,1,0.0,regressor_model_2.pkl
ANHMK,0,0.0,regressor_model_2.pkl
RECOAH7,0,0.0,regressor_model_2.pkl
GLUDxi,0,0.0,regressor_model_2.pkl
TRPS1_copy2,0,0.0,regressor_model_2.pkl
ALLTN,0,0.0,regressor_model_2.pkl
NDPK5,0,0.0,regressor_model_2.pkl
HISTD,0,0.0,regressor_model_2.pkl
ME2,0,0.0,regressor_model_2.pkl
GLXCL,0,0.0,regressor_model_2.pkl
PRPPS,0,0.0,regressor_model_2.pkl
URIH,0,0.0,regressor_model_2.pkl
PPCK,0,0.00329402614390352,regressor_model_2.pkl
ALAR,0,-0.01678974996460969,regressor_model_2.pkl
HPYRI,0,0.0,regressor_model_2.pkl
PRAIi_copy1,0,0.0,regressor_model_2.pkl
CSPMDDH,0,0.0,regressor_model_2.pkl
MAN1PT2,1,0.0,regressor_model_2.pkl
HCO3E,0,0.0,regressor_model_2.pkl
DHAD1_copy1,0,0.0,regressor_model_2.pkl
APPAT,0,0.0,regressor_model_2.pkl
ADPT,0,0.0,regressor_model_2.pkl
PRASCSi_copy2,0,0.0,regressor_model_2.pkl
CBPS,0,0.0,regressor_model_2.pkl
FRDO7r,0,0.0,regressor_model_2.pkl
TRSARr,0,0.0,regressor_model_2.pkl
G5SD_copy1,0,0.0,regressor_model_2.pkl
GLNS_copy2,0,0.0,regressor_model_2.pkl
FRDO6r,0,0.0,regressor_model_2.pkl
MDH,0,0.0,regressor_model_2.pkl
PPM,0,0.0,regressor_model_2.pkl
PTRCTA2,1,0.026074943049354593,regressor_model_2.pkl
DMALRED,0,0.0,regressor_model_2.pkl
G3PD2,0,0.001302366456870346,regressor_model_2.pkl
DLYSPYRAT,0,0.0,regressor_model_2.pkl
DHSKDH,0,0.0,regressor_model_2.pkl
VALDHr,1,0.0,regressor_model_2.pkl
MEPCT,0,0.0,regressor_model_2.pkl
LSERDHr,0,0.0,regressor_model_2.pkl
G6PDH2r,0,0.0,regressor_model_2.pkl
DHQTi_copy1,0,0.0,regressor_model_2.pkl
DHQTi_copy2,0,0.0,regressor_model_2.pkl
HPYRRx,0,0.0,regressor_model_2.pkl
GLUDy,0,0.0,regressor_model_2.pkl
LTDCL,1,0.0,regressor_model_2.pkl
H2CO3D2,0,0.0,regressor_model_2.pkl
GAPD,0,0.0,regressor_model_2.pkl
SSALy,0,0.019124682595925233,regressor_model_2.pkl
GLYCTO1,0,0.0,regressor_model_2.pkl
ACS,0,0.0,regressor_model_2.pkl
PDHa,1,0.0015783273453552967,regressor_model_2.pkl
HEPCT,0,0.0,regressor_model_2.pkl
SERAT_copy1,0,0.0,regressor_model_2.pkl
VALTA,0,0.0,regressor_model_2.pkl
SUCOAS,0,0.0,regressor_model_2.pkl
FRDO4r,0,0.0,regressor_model_2.pkl
GLNS_copy1,1,0.0,regressor_model_2.pkl
ILEDHr_1,0,0.0,regressor_model_2.pkl
ENO,0,0.0,regressor_model_2.pkl
RBK,0,0.0,regressor_model_2.pkl
ALATRS,0,0.0017019316434223788,regressor_model_2.pkl
PTPATi,0,0.0,regressor_model_2.pkl
FDH,0,0.0,regressor_model_2.pkl
NDPK3,0,0.0,regressor_model_2.pkl
DHAD1_copy2,0,0.0,regressor_model_2.pkl
PHETA1,0,0.0,regressor_model_2.pkl
FALDM,0,0.0,regressor_model_2.pkl
PPND,0,0.008550548328678763,regressor_model_2.pkl
PPK,0,0.0,regressor_model_2.pkl
PPA,0,0.0,regressor_model_2.pkl
PRASCSi_copy1,0,0.0,regressor_model_2.pkl
AROH,1,0.0,regressor_model_2.pkl
GLUSy,0,0.0,regressor_model_2.pkl
GLYALDDr,0,0.0,regressor_model_2.pkl
LLEUDr,1,0.0,regressor_model_2.pkl
AGMDA,0,0.0,regressor_model_2.pkl
GLYCK,0,0.0,regressor_model_2.pkl
FE3DCITR,0,0.0,regressor_model_2.pkl
TRPS1_copy1,0,0.0,regressor_model_2.pkl
AKGDH,1,0.061412922932111674,regressor_model_2.pkl
IDPh_1,0,0.0,regressor_model_2.pkl
DLYSOXGAT,0,0.0,regressor_model_2.pkl
NDP8,0,0.0,regressor_model_2.pkl
TALA,0,0.045502149805745254,regressor_model_2.pkl
URO_c,0,0.0,regressor_model_2.pkl
PGI,1,0.0,regressor_model_2.pkl
ICL,1,0.0956869305745445,regressor_model_2.pkl
PSCVT_copy1,0,0.0,regressor_model_2.pkl
PGK,0,0.0037045788034380527,regressor_model_2.pkl
HDH,1,0.0,regressor_model_2.pkl
ALDD1,0,0.0,regressor_model_2.pkl
FE3DCITCH,1,0.0,regressor_model_2.pkl
AGPOP,0,0.0,regressor_model_2.pkl
PRAIi_copy2,1,0.0,regressor_model_2.pkl
CBMKr,0,0.0,regressor_model_2.pkl
1PPDCRc,1,0.0,regressor_model_2.pkl
GAPDi_nadp,0,0.0,regressor_model_2.pkl
FE3PYOVDL,0,0.0,regressor_model_2.pkl
PGM,0,0.0,regressor_model_2.pkl
PMANM,0,0.0,regressor_model_2.pkl
ILETA,0,0.0,regressor_model_2.pkl
LEUTA,0,0.0,regressor_model_2.pkl
R15BPK,0,0.0,regressor_model_2.pkl
LYSRC,0,0.0,regressor_model_2.pkl
OXOADLR,1,0.0,regressor_model_2.pkl
TRPS3,0,0.0,regressor_model_2.pkl
H2CO3D,0,0.0023651344023455866,regressor_model_2.pkl
SERAT_copy2,0,-0.02014766228781866,regressor_model_2.pkl
HSK,0,0.0,regressor_model_2.pkl
PPNDH,0,0.0,regressor_model_2.pkl
PSCVT_copy2,0,0.0,regressor_model_2.pkl
G5SD_copy2,0,0.0,regressor_model_2.pkl
ADK1,0,0.0,regressor_model_2.pkl
NTD4,1,0.0,regressor_model_2.pkl
PHETHPTOX3,1,0.0,regressor_model_2.pkl
ALATA_L,0,0.0,regressor_model_2.pkl
MEPCT_1,0,0.0,regressor_model_2.pkl
PDH,0,0.0,regressor_model_2.pkl
MALS,1,0.0,regressor_model_2.pkl
ANHMK,0,0.0,regressor_model_2.pkl
RECOAH7,0,0.0,regressor_model_2.pkl
GLUDxi,0,0.0,regressor_model_2.pkl
TRPS1_copy2,0,0.0,regressor_model_2.pkl
ALLTN,0,0.0,regressor_model_2.pkl
NDPK5,1,0.0,regressor_model_2.pkl
HISTD,0,0.0,regressor_model_2.pkl
ME2,0,0.0,regressor_model_2.pkl
GLXCL,0,0.0,regressor_model_2.pkl
PRPPS,0,0.0,regressor_model_2.pkl
URIH,1,0.0,regressor_model_2.pkl
PPCK,0,0.0,regressor_model_2.pkl
ALAR,0,0.0038627455746900186,regressor_model_2.pkl
HPYRI,0,0.0,regressor_model_2.pkl
PRAIi_copy1,0,0.0,regressor_model_2.pkl
CSPMDDH,0,0.0,regressor_model_2.pkl
MAN1PT2,0,0.0,regressor_model_2.pkl
HCO3E,0,0.0,regressor_model_2.pkl
DHAD1_copy1,0,0.0,regressor_model_2.pkl
APPAT,0,0.0,regressor_model_2.pkl
ADPT,0,0.0,regressor_model_2.pkl
PRASCSi_copy2,0,0.0,regressor_model_2.pkl
CBPS,0,0.0,regressor_model_2.pkl
FRDO7r,0,0.0,regressor_model_2.pkl
TRSARr,0,0.0,regressor_model_2.pkl
G5SD_copy1,0,0.0,regressor_model_2.pkl
GLNS_copy2,0,0.0,regressor_model_2.pkl
FRDO6r,0,0.0,regressor_model_2.pkl
MDH,0,0.0,regressor_model_2.pkl
PPM,1,0.0,regressor_model_2.pkl
PTRCTA2,1,0.07042714191761343,regressor_model_2.pkl
DMALRED,0,0.0,regressor_model_2.pkl
G3PD2,0,0.002368768776377131,regressor_model_2.pkl
DLYSPYRAT,1,0.0,regressor_model_2.pkl
DHSKDH,0,0.0011603496695362968,regressor_model_2.pkl
VALDHr,1,0.0,regressor_model_2.pkl
MEPCT,0,0.0,regressor_model_2.pkl
LSERDHr,0,0.0,regressor_model_2.pkl
G6PDH2r,0,0.0,regressor_model_2.pkl
DHQTi_copy1,0,0.0,regressor_model_2.pkl
DHQTi_copy2,0,0.0,regressor_model_2.pkl
HPYRRx,0,0.0,regressor_model_2.pkl
GLUDy,0,0.0,regressor_model_2.pkl
LTDCL,0,0.0,regressor_model_2.pkl
H2CO3D2,0,0.0,regressor_model_2.pkl
GAPD,0,0.0,regressor_model_2.pkl
SSALy,0,0.0,regressor_model_2.pkl
GLYCTO1,0,0.0,regressor_model_2.pkl
ACS,0,0.0,regressor_model_2.pkl
PDHa,1,0.0020615630678650658,regressor_model_2.pkl
HEPCT,0,0.0,regressor_model_2.pkl
SERAT_copy1,0,0.0,regressor_model_2.pkl
VALTA,0,0.0,regressor_model_2.pkl
SUCOAS,0,0.0,regressor_model_2.pkl
FRDO4r,0,0.0,regressor_model_2.pkl
GLNS_copy1,1,0.0,regressor_model_2.pkl
ILEDHr_1,0,0.0,regressor_model_2.pkl
ENO,0,0.0,regressor_model_2.pkl
RBK,0,0.0,regressor_model_2.pkl
ALATRS,0,0.0,regressor_model_2.pkl
PTPATi,0,0.0,regressor_model_2.pkl
FDH,0,0.0,regressor_model_2.pkl
NDPK3,0,0.001662356595891233,regressor_model_2.pkl
DHAD1_copy2,0,0.0,regressor_model_2.pkl
PHETA1,0,0.0,regressor_model_2.pkl
FALDM,0,0.0,regressor_model_2.pkl
PPND,0,0.005026930836038325,regressor_model_2.pkl
PPK,0,0.0,regressor_model_2.pkl
PPA,0,0.0,regressor_model_2.pkl
PRASCSi_copy1,0,0.0,regressor_model_2.pkl
AROH,0,0.0,regressor_model_2.pkl
GLUSy,0,0.002765769583380363,regressor_model_2.pkl
GLYALDDr,0,0.0,regressor_model_2.pkl
LLEUDr,0,0.0,regressor_model_2.pkl
AGMDA,0,0.0,regressor_model_2.pkl
GLYCK,0,0.0,regressor_model_2.pkl
FE3DCITR,0,0.0,regressor_model_2.pkl
TRPS1_copy1,0,0.0,regressor_model_2.pkl
AKGDH,1,0.06452399936454897,regressor_model_2.pkl
IDPh_1,0,0.0,regressor_model_2.pkl
DLYSOXGAT,0,0.0,regressor_model_2.pkl
NDP8,0,0.0,regressor_model_2.pkl
TALA,0,0.03991710422762081,regressor_model_2.pkl
URO_c,0,0.0,regressor_model_2.pkl
PGI,1,0.0,regressor_model_2.pkl
ICL,1,0.0960985063252609,regressor_model_2.pkl
PSCVT_copy1,0,0.0,regressor_model_2.pkl
PGK,0,0.004046854843781924,regressor_model_2.pkl
HDH,1,0.0,regressor_model_2.pkl
ALDD1,0,0.0,regressor_model_2.pkl
FE3DCITCH,1,0.0009067632909761259,regressor_model_2.pkl
AGPOP,0,0.0017678195013554705,regressor_model_2.pkl
PRAIi_copy2,1,0.0,regressor_model_2.pkl
CBMKr,0,0.0,regressor_model_2.pkl
1PPDCRc,0,0.0016867954340601691,regressor_model_2.pkl
GAPDi_nadp,0,0.0,regressor_model_2.pkl
FE3PYOVDL,0,0.0,regressor_model_2.pkl
PGM,0,0.0,regressor_model_2.pkl
PMANM,0,0.0,regressor_model_2.pkl
ILETA,0,0.0,regressor_model_2.pkl
LEUTA,1,0.0,regressor_model_2.pkl
R15BPK,0,0.0,regressor_model_2.pkl
LYSRC,0,0.0016781170599543555,regressor_model_2.pkl
OXOADLR,1,0.0,regressor_model_2.pkl
TRPS3,0,0.0,regressor_model_2.pkl
H2CO3D,0,0.0,regressor_model_2.pkl
SERAT_copy2,0,0.0,regressor_model_2.pkl
HSK,0,0.0,regressor_model_2.pkl
PPNDH,0,0.0,regressor_model_2.pkl
PSCVT_copy2,0,0.0,regressor_model_2.pkl
G5SD_copy2,0,0.0,regressor_model_2.pkl
ADK1,0,0.0,regressor_model_2.pkl
NTD4,0,0.0,regressor_model_2.pkl
PHETHPTOX3,1,0.0,regressor_model_2.pkl
ALATA_L,0,0.0,regressor_model_2.pkl
MEPCT_1,0,0.0,regressor_model_2.pkl
PDH,0,0.0,regressor_model_2.pkl
MALS,0,0.001505021513381548,regressor_model_2.pkl
ANHMK,0,0.0,regressor_model_2.pkl
RECOAH7,0,0.0,regressor_model_2.pkl
GLUDxi,0,0.0,regressor_model_2.pkl
TRPS1_copy2,0,0.0,regressor_model_2.pkl
ALLTN,0,0.0,regressor_model_2.pkl
NDPK5,1,0.0,regressor_model_2.pkl
HISTD,0,0.0,regressor_model_2.pkl
ME2,0,0.0,regressor_model_2.pkl
GLXCL,0,0.0,regressor_model_2.pkl
PRPPS,0,0.0,regressor_model_2.pkl
URIH,0,0.0,regressor_model_2.pkl
PPCK,0,0.0013276736335146048,regressor_model_2.pkl
ALAR,0,0.0,regressor_model_2.pkl
HPYRI,0,0.0,regressor_model_2.pkl
PRAIi_copy1,0,0.0,regressor_model_2.pkl
CSPMDDH,0,0.0017558914044903862,regressor_model_2.pkl
MAN1PT2,1,0.0,regressor_model_2.pkl
HCO3E,0,0.0,regressor_model_2.pkl
DHAD1_copy1,0,0.0,regressor_model_2.pkl
APPAT,0,0.0,regressor_model_2.pkl
ADPT,0,0.0,regressor_model_2.pkl
PRASCSi_copy2,0,0.0,regressor_model_2.pkl
CBPS,0,0.0026708323640549647,regressor_model_2.pkl
FRDO7r,0,0.0,regressor_model_2.pkl
TRSARr,0,0.0,regressor_model_2.pkl
G5SD_copy1,0,0.0,regressor_model_2.pkl
GLNS_copy2,0,0.0,regressor_model_2.pkl
FRDO6r,0,0.0,regressor_model_2.pkl
MDH,0,0.0,regressor_model_2.pkl
PPM,0,0.0,regressor_model_2.pkl
PTRCTA2,1,0.07628033712888208,regressor_model_2.pkl
DMALRED,0,0.0,regressor_model_2.pkl
G3PD2,0,0.0,regressor_model_2.pkl
DLYSPYRAT,1,0.0029235835866258182,regressor_model_2.pkl
DHSKDH,0,0.002115119846352882,regressor_model_2.pkl
VALDHr,1,0.0,regressor_model_2.pkl
MEPCT,0,0.0,regressor_model_2.pkl
LSERDHr,0,0.0,regressor_model_2.pkl
G6PDH2r,0,0.0,regressor_model_2.pkl
DHQTi_copy1,0,0.0,regressor_model_2.pkl
DHQTi_copy2,0,0.0016389116607925878,regressor_model_2.pkl
HPYRRx,0,0.0,regressor_model_2.pkl
GLUDy,0,0.0,regressor_model_2.pkl
LTDCL,0,0.0,regressor_model_2.pkl
H2CO3D2,0,0.0007869002182415426,regressor_model_2.pkl
GAPD,0,0.0027241093699489887,regressor_model_2.pkl
SSALy,0,0.0,regressor_model_2.pkl
GLYCTO1,0,0.0,regressor_model_2.pkl
ACS,0,0.0,regressor_model_2.pkl
PDHa,1,0.0,regressor_model_2.pkl
HEPCT,0,0.0,regressor_model_2.pkl
SERAT_copy1,0,0.0,regressor_model_2.pkl
VALTA,0,0.0,regressor_model_2.pkl
SUCOAS,0,0.0,regressor_model_2.pkl
FRDO4r,0,0.0,regressor_model_2.pkl
GLNS_copy1,1,0.0,regressor_model_2.pkl
ILEDHr_1,1,0.0014423139759342488,regressor_model_2.pkl
ENO,0,0.0,regressor_model_2.pkl
RBK,0,0.0,regressor_model_2.pkl
ALATRS,0,0.0,regressor_model_2.pkl
PTPATi,0,0.0,regressor_model_2.pkl
FDH,0,0.0,regressor_model_2.pkl
NDPK3,0,0.0,regressor_model_2.pkl
DHAD1_copy2,0,0.0,regressor_model_2.pkl
PHETA1,0,0.0,regressor_model_2.pkl
FALDM,0,0.0,regressor_model_2.pkl
PPND,0,0.009175350330672346,regressor_model_2.pkl
PPK,0,0.0,regressor_model_2.pkl
PPA,0,0.0,regressor_model_2.pkl
PRASCSi_copy1,0,0.0,regressor_model_2.pkl
AROH,0,0.0,regressor_model_2.pkl
GLUSy,0,0.0,regressor_model_2.pkl
GLYALDDr,0,0.0,regressor_model_2.pkl
LLEUDr,1,0.0,regressor_model_2.pkl
AGMDA,0,0.0,regressor_model_2.pkl
GLYCK,0,0.0,regressor_model_2.pkl
FE3DCITR,0,0.0,regressor_model_2.pkl
TRPS1_copy1,0,0.0,regressor_model_2.pkl
AKGDH,1,0.06471741913888632,regressor_model_2.pkl
IDPh_1,0,0.0,regressor_model_2.pkl
DLYSOXGAT,0,0.0,regressor_model_2.pkl
NDP8,0,0.0,regressor_model_2.pkl
TALA,0,0.04117294149630482,regressor_model_2.pkl
URO_c,0,0.0,regressor_model_2.pkl
PGI,1,0.0,regressor_model_2.pkl
ICL,1,0.09093761122919246,regressor_model_2.pkl
PSCVT_copy1,0,0.0,regressor_model_2.pkl
PGK,0,0.0005862267695147719,regressor_model_2.pkl
HDH,1,0.0,regressor_model_2.pkl
ALDD1,0,0.0,regressor_model_2.pkl
FE3DCITCH,1,0.0009615556991930031,regressor_model_2.pkl
AGPOP,0,0.0,regressor_model_2.pkl
PRAIi_copy2,1,0.0,regressor_model_2.pkl
CBMKr,0,0.0,regressor_model_2.pkl
1PPDCRc,0,0.0,regressor_model_2.pkl
GAPDi_nadp,0,0.0,regressor_model_2.pkl
FE3PYOVDL,0,0.0,regressor_model_2.pkl
PGM,0,0.0,regressor_model_2.pkl
PMANM,0,0.0,regressor_model_2.pkl
ILETA,0,0.0,regressor_model_2.pkl
LEUTA,0,0.0,regressor_model_2.pkl
R15BPK,0,0.0,regressor_model_2.pkl
LYSRC,0,0.0,regressor_model_2.pkl
OXOADLR,1,0.0,regressor_model_2.pkl
TRPS3,0,0.0,regressor_model_2.pkl
H2CO3D,0,0.0,regressor_model_2.pkl
SERAT_copy2,0,0.0,regressor_model_2.pkl
HSK,0,0.0,regressor_model_2.pkl
PPNDH,1,0.0,regressor_model_2.pkl
PSCVT_copy2,0,0.0,regressor_model_2.pkl
G5SD_copy2,0,0.0,regressor_model_2.pkl
ADK1,0,0.0,regressor_model_2.pkl
NTD4,0,0.0,regressor_model_2.pkl
PHETHPTOX3,1,0.0,regressor_model_2.pkl
ALATA_L,0,0.0,regressor_model_2.pkl
MEPCT_1,0,0.0,regressor_model_2.pkl
PDH,0,0.0,regressor_model_2.pkl
MALS,0,0.0,regressor_model_2.pkl
ANHMK,0,0.0,regressor_model_2.pkl
RECOAH7,0,0.0,regressor_model_2.pkl
GLUDxi,0,0.0,regressor_model_2.pkl
TRPS1_copy2,0,0.0,regressor_model_2.pkl
ALLTN,0,0.0,regressor_model_2.pkl
NDPK5,0,0.0,regressor_model_2.pkl
HISTD,0,0.0,regressor_model_2.pkl
ME2,0,0.0,regressor_model_2.pkl
GLXCL,0,0.0,regressor_model_2.pkl
PRPPS,0,0.0,regressor_model_2.pkl
URIH,0,0.0,regressor_model_2.pkl
PPCK,0,0.00407392728898074,regressor_model_2.pkl
ALAR,0,0.0,regressor_model_2.pkl
HPYRI,0,0.0,regressor_model_2.pkl
PRAIi_copy1,0,0.0022139738900647846,regressor_model_2.pkl
CSPMDDH,0,0.0,regressor_model_2.pkl
MAN1PT2,0,0.0,regressor_model_2.pkl
HCO3E,0,0.0,regressor_model_2.pkl
DHAD1_copy1,0,0.0,regressor_model_2.pkl
APPAT,0,0.0,regressor_model_2.pkl
ADPT,0,0.0,regressor_model_2.pkl
PRASCSi_copy2,0,0.0,regressor_model_2.pkl
CBPS,0,0.001019028010379397,regressor_model_2.pkl
FRDO7r,0,0.0,regressor_model_2.pkl
TRSARr,0,0.0,regressor_model_2.pkl
G5SD_copy1,0,0.0,regressor_model_2.pkl
GLNS_copy2,0,0.0,regressor_model_2.pkl
FRDO6r,0,0.0,regressor_model_2.pkl
MDH,0,0.0,regressor_model_2.pkl
PPM,0,0.0,regressor_model_2.pkl
PTRCTA2,1,0.025407727222176074,regressor_model_2.pkl
DMALRED,0,0.0,regressor_model_2.pkl
G3PD2,0,0.0,regressor_model_2.pkl
DLYSPYRAT,1,0.0,regressor_model_2.pkl
DHSKDH,0,0.0,regressor_model_2.pkl
VALDHr,1,0.0,regressor_model_2.pkl
MEPCT,0,0.0,regressor_model_2.pkl
LSERDHr,0,0.0,regressor_model_2.pkl
G6PDH2r,0,0.0,regressor_model_2.pkl
DHQTi_copy1,0,0.0,regressor_model_2.pkl
DHQTi_copy2,0,0.0,regressor_model_2.pkl
HPYRRx,0,0.0,regressor_model_2.pkl
GLUDy,0,0.0,regressor_model_2.pkl
LTDCL,0,0.0,regressor_model_2.pkl
H2CO3D2,0,0.0,regressor_model_2.pkl
GAPD,0,0.0,regressor_model_2.pkl
SSALy,0,0.019955464019096533,regressor_model_2.pkl
GLYCTO1,0,0.0,regressor_model_2.pkl
ACS,0,0.0,regressor_model_2.pkl
PDHa,1,0.0,regressor_model_2.pkl
HEPCT,0,0.0,regressor_model_2.pkl
SERAT_copy1,0,0.0,regressor_model_2.pkl
VALTA,0,0.0,regressor_model_2.pkl
SUCOAS,0,0.0,regressor_model_2.pkl
FRDO4r,0,0.0,regressor_model_2.pkl
GLNS_copy1,1,0.0,regressor_model_2.pkl
ILEDHr_1,0,0.0,regressor_model_2.pkl
ENO,0,0.0,regressor_model_2.pkl
RBK,0,0.0,regressor_model_2.pkl
ALATRS,0,0.0,regressor_model_2.pkl
PTPATi,0,0.0,regressor_model_2.pkl
FDH,0,0.0,regressor_model_2.pkl
NDPK3,0,0.0,regressor_model_2.pkl
DHAD1_copy2,0,0.0,regressor_model_2.pkl
PHETA1,0,0.0,regressor_model_2.pkl
FALDM,0,0.002301097598006957,regressor_model_2.pkl
PPND,0,0.007884286336603836,regressor_model_2.pkl
PPK,0,0.0,regressor_model_2.pkl
PPA,0,0.0,regressor_model_2.pkl
PRASCSi_copy1,0,0.0,regressor_model_2.pkl
AROH,0,0.0,regressor_model_2.pkl
GLUSy,0,0.0,regressor_model_2.pkl
GLYALDDr,0,0.0,regressor_model_2.pkl
LLEUDr,0,0.0,regressor_model_2.pkl
AGMDA,0,0.0,regressor_model_2.pkl
GLYCK,1,0.0,regressor_model_2.pkl
FE3DCITR,0,0.0,regressor_model_2.pkl
TRPS1_copy1,0,0.0,regressor_model_2.pkl
AKGDH,1,0.062363845094210696,regressor_model_2.pkl
IDPh_1,0,0.0,regressor_model_2.pkl
DLYSOXGAT,0,0.0,regressor_model_2.pkl
NDP8,0,0.0,regressor_model_2.pkl
TALA,0,0.04993858031046117,regressor_model_2.pkl
URO_c,0,0.0,regressor_model_2.pkl
PGI,1,0.0,regressor_model_2.pkl
ICL,1,0.09460676999043707,regressor_model_2.pkl
PSCVT_copy1,0,0.0,regressor_model_2.pkl
PGK,0,0.0,regressor_model_2.pkl
HDH,0,0.0,regressor_model_2.pkl
ALDD1,0,0.0,regressor_model_2.pkl
FE3DCITCH,1,0.0,regressor_model_2.pkl
AGPOP,0,0.0,regressor_model_2.pkl
PRAIi_copy2,1,0.0,regressor_model_2.pkl
CBMKr,0,0.0,regressor_model_2.pkl
1PPDCRc,0,0.0,regressor_model_2.pkl
GAPDi_nadp,0,0.0,regressor_model_2.pkl
FE3PYOVDL,0,0.0,regressor_model_2.pkl
PGM,0,0.0,regressor_model_2.pkl
PMANM,0,0.0,regressor_model_2.pkl
ILETA,0,0.0,regressor_model_2.pkl
LEUTA,0,0.0,regressor_model_2.pkl
R15BPK,0,0.0,regressor_model_2.pkl
LYSRC,0,0.0,regressor_model_2.pkl
OXOADLR,1,0.0,regressor_model_2.pkl
TRPS3,0,0.0,regressor_model_2.pkl
H2CO3D,0,0.0,regressor_model_2.pkl
SERAT_copy2,0,-0.016614548936552703,regressor_model_2.pkl
HSK,0,0.0,regressor_model_2.pkl
PPNDH,1,0.0,regressor_model_2.pkl
PSCVT_copy2,0,0.0,regressor_model_2.pkl
G5SD_copy2,0,0.0,regressor_model_2.pkl
ADK1,0,0.0,regressor_model_2.pkl
NTD4,0,0.0,regressor_model_2.pkl
PHETHPTOX3,1,0.0,regressor_model_2.pkl
ALATA_L,0,0.0,regressor_model_2.pkl
MEPCT_1,0,0.0,regressor_model_2.pkl
PDH,0,0.0,regressor_model_2.pkl
MALS,0,0.0,regressor_model_2.pkl
ANHMK,0,0.0,regressor_model_2.pkl
RECOAH7,0,0.0,regressor_model_2.pkl
GLUDxi,0,0.0,regressor_model_2.pkl
TRPS1_copy2,0,0.0,regressor_model_2.pkl
ALLTN,0,0.0,regressor_model_2.pkl
NDPK5,0,0.0,regressor_model_2.pkl
HISTD,0,0.0,regressor_model_2.pkl
ME2,0,0.0,regressor_model_2.pkl
GLXCL,0,0.0,regressor_model_2.pkl
PRPPS,0,0.0,regressor_model_2.pkl
URIH,0,0.0,regressor_model_2.pkl
PPCK,0,0.007005290657504687,regressor_model_2.pkl
ALAR,0,0.0,regressor_model_2.pkl
HPYRI,0,0.0,regressor_model_2.pkl
PRAIi_copy1,0,0.0,regressor_model_2.pkl
CSPMDDH,0,0.0,regressor_model_2.pkl
MAN1PT2,1,0.0,regressor_model_2.pkl
HCO3E,0,0.0,regressor_model_2.pkl
DHAD1_copy1,0,0.0,regressor_model_2.pkl
APPAT,0,0.0,regressor_model_2.pkl
ADPT,0,0.0,regressor_model_2.pkl
PRASCSi_copy2,0,0.0,regressor_model_2.pkl
CBPS,0,0.0,regressor_model_2.pkl
FRDO7r,0,0.0,regressor_model_2.pkl
TRSARr,0,0.0,regressor_model_2.pkl
G5SD_copy1,0,0.0,regressor_model_2.pkl
GLNS_copy2,0,0.0,regressor_model_2.pkl
FRDO6r,0,0.0,regressor_model_2.pkl
MDH,0,0.0,regressor_model_2.pkl
PPM,0,0.0,regressor_model_2.pkl
PTRCTA2,0,-0.03287571966003592,regressor_model_2.pkl
DMALRED,0,0.0,regressor_model_2.pkl
G3PD2,0,0.0,regressor_model_2.pkl
DLYSPYRAT,0,0.0,regressor_model_2.pkl
DHSKDH,0,0.0,regressor_model_2.pkl
VALDHr,0,0.0,regressor_model_2.pkl
MEPCT,0,0.0,regressor_model_2.pkl
LSERDHr,0,0.0,regressor_model_2.pkl
G6PDH2r,1,0.0,regressor_model_2.pkl
DHQTi_copy1,0,0.0,regressor_model_2.pkl
DHQTi_copy2,0,0.0,regressor_model_2.pkl
HPYRRx,0,0.0,regressor_model_2.pkl
GLUDy,0,0.0,regressor_model_2.pkl
LTDCL,0,0.0,regressor_model_2.pkl
H2CO3D2,0,0.0,regressor_model_2.pkl
GAPD,0,0.0,regressor_model_2.pkl
SSALy,1,0.0818724094014924,regressor_model_2.pkl
GLYCTO1,0,0.0,regressor_model_2.pkl
ACS,0,0.0,regressor_model_2.pkl
PDHa,0,0.005370238161913632,regressor_model_2.pkl
HEPCT,0,0.0,regressor_model_2.pkl
SERAT_copy1,0,0.0,regressor_model_2.pkl
VALTA,0,0.0,regressor_model_2.pkl
SUCOAS,0,0.0,regressor_model_2.pkl
FRDO4r,0,0.0,regressor_model_2.pkl
GLNS_copy1,1,0.0,regressor_model_2.pkl
ILEDHr_1,0,0.0,regressor_model_2.pkl
ENO,0,0.0,regressor_model_2.pkl
RBK,0,0.0,regressor_model_2.pkl
ALATRS,0,0.0,regressor_model_2.pkl
PTPATi,0,0.0,regressor_model_2.pkl
FDH,0,0.0,regressor_model_2.pkl
NDPK3,0,0.0,regressor_model_2.pkl
DHAD1_copy2,0,0.0,regressor_model_2.pkl
PHETA1,0,0.0,regressor_model_2.pkl
FALDM,0,0.0,regressor_model_2.pkl
PPND,0,0.0,regressor_model_2.pkl
PPK,0,0.0,regressor_model_2.pkl
PPA,0,0.0,regressor_model_2.pkl
PRASCSi_copy1,0,0.0,regressor_model_2.pkl
AROH,1,0.0,regressor_model_2.pkl
GLUSy,0,0.0,regressor_model_2.pkl
GLYALDDr,0,0.0,regressor_model_2.pkl
LLEUDr,0,0.0,regressor_model_2.pkl
AGMDA,0,0.0,regressor_model_2.pkl
GLYCK,0,0.0,regressor_model_2.pkl
FE3DCITR,0,0.0,regressor_model_2.pkl
TRPS1_copy1,0,0.0,regressor_model_2.pkl
AKGDH,1,0.04927882665837027,regressor_model_2.pkl
IDPh_1,0,0.0,regressor_model_2.pkl
DLYSOXGAT,0,0.0,regressor_model_2.pkl
NDP8,0,0.0,regressor_model_2.pkl
TALA,0,0.02234908000958033,regressor_model_2.pkl
URO_c,0,0.0,regressor_model_2.pkl
PGI,0,0.0,regressor_model_2.pkl
ICL,1,0.07452722030455876,regressor_model_2.pkl
PSCVT_copy1,0,0.0,regressor_model_2.pkl
PGK,0,0.0,regressor_model_2.pkl
HDH,0,0.0,regressor_model_2.pkl
ALDD1,0,0.0,regressor_model_2.pkl
FE3DCITCH,0,0.0,regressor_model_2.pkl
AGPOP,0,0.0,regressor_model_2.pkl
PRAIi_copy2,1,0.0,regressor_model_2.pkl
CBMKr,0,0.0,regressor_model_2.pkl
1PPDCRc,1,0.0,regressor_model_2.pkl
GAPDi_nadp,0,0.0,regressor_model_2.pkl
FE3PYOVDL,0,0.0,regressor_model_2.pkl
PGM,0,0.0,regressor_model_2.pkl
PMANM,0,0.0,regressor_model_2.pkl
ILETA,0,0.0,regressor_model_2.pkl
LEUTA,0,0.0,regressor_model_2.pkl
R15BPK,0,0.0,regressor_model_2.pkl
LYSRC,0,0.0,regressor_model_2.pkl
OXOADLR,0,0.0,regressor_model_2.pkl
TRPS3,0,0.0,regressor_model_2.pkl
H2CO3D,1,0.0,regressor_model_2.pkl
SERAT_copy2,0,0.0,regressor_model_2.pkl
HSK,0,0.0,regressor_model_2.pkl
PPNDH,0,0.0,regressor_model_2.pkl
PSCVT_copy2,0,0.0,regressor_model_2.pkl
G5SD_copy2,0,0.0,regressor_model_2.pkl
ADK1,0,0.0,regressor_model_2.pkl
NTD4,0,0.0,regressor_model_2.pkl
PHETHPTOX3,0,0.0,regressor_model_2.pkl
ALATA_L,0,0.0,regressor_model_2.pkl
MEPCT_1,0,0.0,regressor_model_2.pkl
PDH,0,0.0,regressor_model_2.pkl
MALS,1,0.0019918882328865684,regressor_model_2.pkl
ANHMK,0,0.0,regressor_model_2.pkl
RECOAH7,0,0.0,regressor_model_2.pkl
GLUDxi,0,0.0,regressor_model_2.pkl
TRPS1_copy2,0,0.0,regressor_model_2.pkl
ALLTN,0,0.0,regressor_model_2.pkl
NDPK5,0,0.0,regressor_model_2.pkl
HISTD,0,0.0,regressor_model_2.pkl
ME2,0,0.0,regressor_model_2.pkl
GLXCL,0,0.0,regressor_model_2.pkl
PRPPS,0,0.0,regressor_model_2.pkl
URIH,0,0.0,regressor_model_2.pkl
PPCK,0,0.0,regressor_model_2.pkl
ALAR,0,0.0,regressor_model_2.pkl
HPYRI,0,0.0,regressor_model_2.pkl
PRAIi_copy1,0,0.0,regressor_model_2.pkl
CSPMDDH,0,0.0,regressor_model_2.pkl
MAN1PT2,0,0.0,regressor_model_2.pkl
HCO3E,0,0.0,regressor_model_2.pkl
DHAD1_copy1,0,0.0,regressor_model_2.pkl
APPAT,0,0.0,regressor_model_2.pkl
ADPT,0,0.0,regressor_model_2.pkl
PRASCSi_copy2,0,0.0,regressor_model_2.pkl
CBPS,0,0.0,regressor_model_2.pkl
FRDO7r,0,0.0,regressor_model_2.pkl
TRSARr,0,0.0,regressor_model_2.pkl
G5SD_copy1,0,0.0,regressor_model_2.pkl
GLNS_copy2,0,0.0,regressor_model_2.pkl
FRDO6r,0,0.0,regressor_model_2.pkl
MDH,0,0.0,regressor_model_2.pkl
PPM,0,0.0,regressor_model_2.pkl
PTRCTA2,1,0.034865437590100266,regressor_model_2.pkl
DMALRED,0,0.0,regressor_model_2.pkl
G3PD2,0,0.0051105085351612215,regressor_model_2.pkl
DLYSPYRAT,1,0.0,regressor_model_2.pkl
DHSKDH,0,0.0,regressor_model_2.pkl
VALDHr,1,0.0,regressor_model_2.pkl
MEPCT,0,0.0,regressor_model_2.pkl
LSERDHr,0,0.0,regressor_model_2.pkl
G6PDH2r,0,0.0,regressor_model_2.pkl
DHQTi_copy1,0,0.0,regressor_model_2.pkl
DHQTi_copy2,0,0.0,regressor_model_2.pkl
HPYRRx,0,0.0,regressor_model_2.pkl
GLUDy,0,0.0,regressor_model_2.pkl
LTDCL,1,0.0,regressor_model_2.pkl
H2CO3D2,0,0.0,regressor_model_2.pkl
GAPD,0,0.0022434547394801388,regressor_model_2.pkl
SSALy,0,0.015954238152123698,regressor_model_2.pkl
GLYCTO1,0,0.0,regressor_model_2.pkl
ACS,0,0.0,regressor_model_2.pkl
PDHa,1,0.0,regressor_model_2.pkl
HEPCT,0,0.0,regressor_model_2.pkl
SERAT_copy1,0,0.0,regressor_model_2.pkl
VALTA,0,0.0,regressor_model_2.pkl
SUCOAS,0,0.0016345948532349023,regressor_model_2.pkl
FRDO4r,0,0.0,regressor_model_2.pkl
GLNS_copy1,1,0.0,regressor_model_2.pkl
ILEDHr_1,0,0.0,regressor_model_2.pkl
ENO,0,0.0,regressor_model_2.pkl
RBK,0,0.0,regressor_model_2.pkl
ALATRS,0,0.0,regressor_model_2.pkl
PTPATi,0,0.0,regressor_model_2.pkl
FDH,0,0.0,regressor_model_2.pkl
NDPK3,0,0.0,regressor_model_2.pkl
DHAD1_copy2,0,0.0,regressor_model_2.pkl
PHETA1,0,0.0,regressor_model_2.pkl
FALDM,0,0.0,regressor_model_2.pkl
PPND,0,0.008387613581065257,regressor_model_2.pkl
PPK,0,0.0,regressor_model_2.pkl
PPA,0,0.0,regressor_model_2.pkl
PRASCSi_copy1,0,0.0,regressor_model_2.pkl
AROH,0,0.0,regressor_model_2.pkl
GLUSy,0,0.0,regressor_model_2.pkl
GLYALDDr,0,0.0,regressor_model_2.pkl
LLEUDr,0,0.0,regressor_model_2.pkl
AGMDA,0,0.0,regressor_model_2.pkl
GLYCK,0,0.0,regressor_model_2.pkl
FE3DCITR,0,0.0,regressor_model_2.pkl
TRPS1_copy1,0,0.0,regressor_model_2.pkl
AKGDH,1,0.0693358629135908,regressor_model_2.pkl
IDPh_1,0,0.0,regressor_model_2.pkl
DLYSOXGAT,0,0.0,regressor_model_2.pkl
NDP8,0,0.0,regressor_model_2.pkl
TALA,0,0.039202114892078165,regressor_model_2.pkl
URO_c,0,0.0,regressor_model_2.pkl
PGI,1,0.0,regressor_model_2.pkl
ICL,1,0.10705012694363879,regressor_model_2.pkl
PSCVT_copy1,0,0.0019647906326925252,regressor_model_2.pkl
PGK,0,0.0,regressor_model_2.pkl
HDH,1,0.0,regressor_model_2.pkl
ALDD1,0,0.0,regressor_model_2.pkl
FE3DCITCH,0,0.0,regressor_model_2.pkl
AGPOP,0,0.0,regressor_model_2.pkl
PRAIi_copy2,1,0.0,regressor_model_2.pkl
CBMKr,0,0.0,regressor_model_2.pkl
1PPDCRc,0,0.0,regressor_model_2.pkl
GAPDi_nadp,0,0.0,regressor_model_2.pkl
FE3PYOVDL,0,0.0,regressor_model_2.pkl
PGM,0,0.0,regressor_model_2.pkl
PMANM,0,0.0,regressor_model_2.pkl
ILETA,0,0.0,regressor_model_2.pkl
LEUTA,0,0.0,regressor_model_2.pkl
R15BPK,0,0.0,regressor_model_2.pkl
LYSRC,0,0.0,regressor_model_2.pkl
OXOADLR,1,0.0,regressor_model_2.pkl
TRPS3,0,0.0,regressor_model_2.pkl
H2CO3D,0,0.0,regressor_model_2.pkl
SERAT_copy2,0,0.0,regressor_model_2.pkl
HSK,0,0.0,regressor_model_2.pkl
PPNDH,1,0.0,regressor_model_2.pkl
PSCVT_copy2,0,0.0,regressor_model_2.pkl
G5SD_copy2,1,0.0,regressor_model_2.pkl
ADK1,0,0.0,regressor_model_2.pkl
NTD4,1,0.0,regressor_model_2.pkl
PHETHPTOX3,1,0.0,regressor_model_2.pkl
ALATA_L,0,0.0,regressor_model_2.pkl
MEPCT_1,0,0.0,regressor_model_2.pkl
PDH,0,0.0,regressor_model_2.pkl
MALS,1,0.0,regressor_model_2.pkl
ANHMK,0,0.0,regressor_model_2.pkl
RECOAH7,0,0.0,regressor_model_2.pkl
GLUDxi,0,0.0,regressor_model_2.pkl
TRPS1_copy2,0,0.0,regressor_model_2.pkl
ALLTN,0,0.0,regressor_model_2.pkl
NDPK5,0,0.0,regressor_model_2.pkl
HISTD,0,0.0,regressor_model_2.pkl
ME2,0,0.0,regressor_model_2.pkl
GLXCL,0,0.0,regressor_model_2.pkl
PRPPS,0,0.0,regressor_model_2.pkl
URIH,0,0.0,regressor_model_2.pkl
PPCK,0,0.004663606531246161,regressor_model_2.pkl
ALAR,0,0.0013746778158190143,regressor_model_2.pkl
HPYRI,0,0.0,regressor_model_2.pkl
PRAIi_copy1,0,0.0,regressor_model_2.pkl
CSPMDDH,0,0.0,regressor_model_2.pkl
MAN1PT2,1,0.0,regressor_model_2.pkl
HCO3E,0,0.0,regressor_model_2.pkl
DHAD1_copy1,0,0.0,regressor_model_2.pkl
APPAT,0,0.0,regressor_model_2.pkl
ADPT,0,0.0,regressor_model_2.pkl
PRASCSi_copy2,0,0.0,regressor_model_2.pkl
CBPS,0,0.0,regressor_model_2.pkl
FRDO7r,0,0.0,regressor_model_2.pkl
TRSARr,0,0.0,regressor_model_2.pkl
G5SD_copy1,0,0.0,regressor_model_2.pkl
GLNS_copy2,0,0.0,regressor_model_2.pkl
FRDO6r,0,0.0,regressor_model_2.pkl
MDH,0,0.0,regressor_model_2.pkl
PPM,0,0.0,regressor_model_2.pkl
PTRCTA2,1,0.01745407351167218,regressor_model_2.pkl
DMALRED,0,0.0,regressor_model_2.pkl
G3PD2,0,0.0,regressor_model_2.pkl
DLYSPYRAT,1,0.0,regressor_model_2.pkl
DHSKDH,0,0.0,regressor_model_2.pkl
VALDHr,1,0.0,regressor_model_2.pkl
MEPCT,0,0.0,regressor_model_2.pkl
LSERDHr,0,0.0,regressor_model_2.pkl
G6PDH2r,0,0.0,regressor_model_2.pkl
DHQTi_copy1,0,0.0,regressor_model_2.pkl
DHQTi_copy2,0,0.0,regressor_model_2.pkl
HPYRRx,0,0.0,regressor_model_2.pkl
GLUDy,0,0.0,regressor_model_2.pkl
LTDCL,1,0.0,regressor_model_2.pkl
H2CO3D2,0,0.0,regressor_model_2.pkl
GAPD,0,0.0,regressor_model_2.pkl
SSALy,1,0.020533194806429282,regressor_model_2.pkl
GLYCTO1,0,0.0,regressor_model_2.pkl
ACS,0,0.0,regressor_model_2.pkl
PDHa,1,0.0,regressor_model_2.pkl
HEPCT,0,0.0020024518830555295,regressor_model_2.pkl
SERAT_copy1,0,0.0,regressor_model_2.pkl
VALTA,0,0.0,regressor_model_2.pkl
SUCOAS,0,0.0,regressor_model_2.pkl
FRDO4r,0,0.0,regressor_model_2.pkl
GLNS_copy1,1,0.0,regressor_model_2.pkl
ILEDHr_1,0,0.0,regressor_model_2.pkl
ENO,0,0.0,regressor_model_2.pkl
RBK,0,0.0,regressor_model_2.pkl
ALATRS,0,0.0,regressor_model_2.pkl
PTPATi,0,0.0,regressor_model_2.pkl
FDH,0,0.0,regressor_model_2.pkl
NDPK3,0,0.0,regressor_model_2.pkl
DHAD1_copy2,0,0.0,regressor_model_2.pkl
PHETA1,0,0.0,regressor_model_2.pkl
FALDM,0,0.0,regressor_model_2.pkl
PPND,0,0.007893126932881769,regressor_model_2.pkl
PPK,0,0.0,regressor_model_2.pkl
PPA,0,0.0,regressor_model_2.pkl
PRASCSi_copy1,0,0.0,regressor_model_2.pkl
AROH,0,0.0,regressor_model_2.pkl
GLUSy,0,0.0,regressor_model_2.pkl
GLYALDDr,0,0.0,regressor_model_2.pkl
LLEUDr,0,0.0,regressor_model_2.pkl
AGMDA,0,0.0,regressor_model_2.pkl
GLYCK,0,0.0,regressor_model_2.pkl
FE3DCITR,0,0.0,regressor_model_2.pkl
TRPS1_copy1,0,0.0,regressor_model_2.pkl
AKGDH,1,0.058306163638920376,regressor_model_2.pkl
IDPh_1,0,0.0,regressor_model_2.pkl
DLYSOXGAT,0,0.0,regressor_model_2.pkl
NDP8,0,0.0,regressor_model_2.pkl
TALA,0,0.0486814951353202,regressor_model_2.pkl
URO_c,0,0.0,regressor_model_2.pkl
PGI,1,0.0012258739847448804,regressor_model_2.pkl
ICL,1,0.08944258888625019,regressor_model_2.pkl
PSCVT_copy1,0,0.0,regressor_model_2.pkl
PGK,0,0.001812943347448494,regressor_model_2.pkl
HDH,1,0.0014517033576280027,regressor_model_2.pkl
ALDD1,0,0.0,regressor_model_2.pkl
FE3DCITCH,0,0.0,regressor_model_2.pkl
AGPOP,0,0.0,regressor_model_2.pkl
PRAIi_copy2,1,0.0,regressor_model_2.pkl
CBMKr,0,0.0,regressor_model_2.pkl
1PPDCRc,0,-0.02621802205337108,regressor_model_2.pkl
GAPDi_nadp,0,0.0,regressor_model_2.pkl
FE3PYOVDL,0,0.0,regressor_model_2.pkl
PGM,0,0.0,regressor_model_2.pkl
PMANM,0,0.0,regressor_model_2.pkl
ILETA,0,0.0,regressor_model_2.pkl
LEUTA,0,0.0,regressor_model_2.pkl
R15BPK,0,0.002070557770461409,regressor_model_2.pkl
LYSRC,0,0.0,regressor_model_2.pkl
OXOADLR,0,0.0,regressor_model_2.pkl
TRPS3,0,0.0015200086759888476,regressor_model_2.pkl
H2CO3D,0,0.0,regressor_model_2.pkl
SERAT_copy2,0,0.0,regressor_model_2.pkl
HSK,0,0.0,regressor_model_2.pkl
PPNDH,0,0.0,regressor_model_2.pkl
PSCVT_copy2,0,0.0,regressor_model_2.pkl
G5SD_copy2,0,0.0,regressor_model_2.pkl
ADK1,0,0.0,regressor_model_2.pkl
NTD4,0,0.0,regressor_model_2.pkl
PHETHPTOX3,0,0.0,regressor_model_2.pkl
ALATA_L,0,0.0,regressor_model_2.pkl
MEPCT_1,0,0.0,regressor_model_2.pkl
PDH,0,0.0,regressor_model_2.pkl
MALS,1,0.0,regressor_model_2.pkl
ANHMK,0,0.0,regressor_model_2.pkl
RECOAH7,0,0.0,regressor_model_2.pkl
GLUDxi,0,0.0,regressor_model_2.pkl
TRPS1_copy2,0,0.0,regressor_model_2.pkl
ALLTN,0,0.0,regressor_model_2.pkl
NDPK5,1,0.0,regressor_model_2.pkl
HISTD,0,0.0012193583922934892,regressor_model_2.pkl
ME2,0,0.0,regressor_model_2.pkl
GLXCL,0,0.001153934604515628,regressor_model_2.pkl
PRPPS,0,0.0,regressor_model_2.pkl
URIH,0,0.0,regressor_model_2.pkl
PPCK,0,0.002595592179010675,regressor_model_2.pkl
ALAR,0,0.0,regressor_model_2.pkl
HPYRI,0,0.0,regressor_model_2.pkl
PRAIi_copy1,0,0.0,regressor_model_2.pkl
CSPMDDH,0,0.0,regressor_model_2.pkl
MAN1PT2,1,0.0,regressor_model_2.pkl
HCO3E,1,0.0,regressor_model_2.pkl
DHAD1_copy1,0,0.0,regressor_model_2.pkl
APPAT,0,0.0,regressor_model_2.pkl
ADPT,0,0.0,regressor_model_2.pkl
PRASCSi_copy2,0,0.0,regressor_model_2.pkl
CBPS,0,0.0,regressor_model_2.pkl
FRDO7r,1,0.0,regressor_model_2.pkl
TRSARr,0,0.0,regressor_model_2.pkl
G5SD_copy1,0,0.0,regressor_model_2.pkl
GLNS_copy2,0,0.0,regressor_model_2.pkl
FRDO6r,0,0.0,regressor_model_2.pkl
MDH,0,0.0,regressor_model_2.pkl
PPM,0,0.0,regressor_model_2.pkl
PTRCTA2,1,0.030486500350469955,regressor_model_2.pkl
DMALRED,0,0.0,regressor_model_2.pkl
G3PD2,0,0.0,regressor_model_2.pkl
DLYSPYRAT,0,0.0,regressor_model_2.pkl
DHSKDH,0,0.0,regressor_model_2.pkl
VALDHr,1,0.0,regressor_model_2.pkl
MEPCT,0,0.0,regressor_model_2.pkl
LSERDHr,0,0.0,regressor_model_2.pkl
G6PDH2r,1,0.0,regressor_model_2.pkl
DHQTi_copy1,0,0.0,regressor_model_2.pkl
DHQTi_copy2,0,0.0,regressor_model_2.pkl
HPYRRx,0,0.0,regressor_model_2.pkl
GLUDy,0,0.002208699376684722,regressor_model_2.pkl
LTDCL,1,0.0,regressor_model_2.pkl
H2CO3D2,0,0.0,regressor_model_2.pkl
GAPD,0,0.0,regressor_model_2.pkl
SSALy,1,0.021576654429199715,regressor_model_2.pkl
GLYCTO1,0,0.0,regressor_model_2.pkl
ACS,0,0.0,regressor_model_2.pkl
PDHa,1,0.0,regressor_model_2.pkl
HEPCT,0,0.0,regressor_model_2.pkl
SERAT_copy1,0,0.0,regressor_model_2.pkl
VALTA,0,0.0,regressor_model_2.pkl
SUCOAS,0,0.0,regressor_model_2.pkl
FRDO4r,0,0.0,regressor_model_2.pkl
GLNS_copy1,0,0.0,regressor_model_2.pkl
ILEDHr_1,0,0.0,regressor_model_2.pkl
ENO,0,0.0,regressor_model_2.pkl
RBK,0,0.0,regressor_model_2.pkl
ALATRS,0,0.0,regressor_model_2.pkl
PTPATi,0,0.0,regressor_model_2.pkl
FDH,0,0.0,regressor_model_2.pkl
NDPK3,0,0.0,regressor_model_2.pkl
DHAD1_copy2,0,0.0,regressor_model_2.pkl
PHETA1,0,0.0,regressor_model_2.pkl
FALDM,0,0.0,regressor_model_2.pkl
PPND,0,0.009383053033672392,regressor_model_2.pkl
PPK,0,0.0,regressor_model_2.pkl
PPA,0,0.0,regressor_model_2.pkl
PRASCSi_copy1,0,0.0,regressor_model_2.pkl
AROH,0,0.0,regressor_model_2.pkl
GLUSy,0,0.0,regressor_model_2.pkl
GLYALDDr,0,0.0,regressor_model_2.pkl
LLEUDr,1,0.0,regressor_model_2.pkl
AGMDA,0,0.0,regressor_model_2.pkl
GLYCK,0,0.0,regressor_model_2.pkl
FE3DCITR,0,0.0,regressor_model_2.pkl
TRPS1_copy1,0,0.0,regressor_model_2.pkl
AKGDH,1,0.07165931296532088,regressor_model_2.pkl
IDPh_1,0,0.0,regressor_model_2.pkl
DLYSOXGAT,0,0.0,regressor_model_2.pkl
NDP8,0,0.0,regressor_model_2.pkl
TALA,0,0.04282601684914369,regressor_model_2.pkl
URO_c,0,0.0,regressor_model_2.pkl
PGI,0,0.0,regressor_model_2.pkl
ICL,1,0.10511130294766662,regressor_model_2.pkl
PSCVT_copy1,0,0.0,regressor_model_2.pkl
PGK,0,0.0037659256339594095,regressor_model_2.pkl
HDH,1,0.0,regressor_model_2.pkl
ALDD1,0,0.0,regressor_model_2.pkl
FE3DCITCH,0,0.0,regressor_model_2.pkl
AGPOP,0,0.0,regressor_model_2.pkl
PRAIi_copy2,1,0.0,regressor_model_2.pkl
CBMKr,0,0.0,regressor_model_2.pkl
1PPDCRc,0,0.0,regressor_model_2.pkl
GAPDi_nadp,0,0.0,regressor_model_2.pkl
FE3PYOVDL,0,0.0,regressor_model_2.pkl
PGM,0,0.0,regressor_model_2.pkl
PMANM,0,0.0,regressor_model_2.pkl
ILETA,0,0.0,regressor_model_2.pkl
LEUTA,0,0.0,regressor_model_2.pkl
R15BPK,0,0.0,regressor_model_2.pkl
LYSRC,0,0.0,regressor_model_2.pkl
OXOADLR,1,0.0,regressor_model_2.pkl
TRPS3,0,0.0,regressor_model_2.pkl
H2CO3D,0,0.0,regressor_model_2.pkl
SERAT_copy2,0,0.0,regressor_model_2.pkl
HSK,0,0.0,regressor_model_2.pkl
PPNDH,1,0.0,regressor_model_2.pkl
PSCVT_copy2,0,0.0,regressor_model_2.pkl
G5SD_copy2,0,0.0,regressor_model_2.pkl
ADK1,0,0.0,regressor_model_2.pkl
NTD4,0,0.0,regressor_model_2.pkl
PHETHPTOX3,1,0.0,regressor_model_2.pkl
ALATA_L,0,0.0,regressor_model_2.pkl
MEPCT_1,0,0.0,regressor_model_2.pkl
PDH,0,0.0,regressor_model_2.pkl
MALS,0,0.0,regressor_model_2.pkl
ANHMK,0,0.0,regressor_model_2.pkl
RECOAH7,0,0.0,regressor_model_2.pkl
GLUDxi,0,0.0,regressor_model_2.pkl
TRPS1_copy2,0,0.0,regressor_model_2.pkl
ALLTN,0,0.0,regressor_model_2.pkl
NDPK5,1,0.0,regressor_model_2.pkl
HISTD,0,0.0,regressor_model_2.pkl
ME2,0,0.0,regressor_model_2.pkl
GLXCL,0,0.0,regressor_model_2.pkl
PRPPS,0,0.0,regressor_model_2.pkl
URIH,0,0.0,regressor_model_2.pkl
PPCK,0,0.0023221855678500864,regressor_model_2.pkl
ALAR,0,0.0029524752742319895,regressor_model_2.pkl
HPYRI,1,0.0,regressor_model_2.pkl
PRAIi_copy1,0,0.0,regressor_model_2.pkl
CSPMDDH,0,0.0,regressor_model_2.pkl
MAN1PT2,1,0.0,regressor_model_2.pkl
HCO3E,0,0.0031464275086161564,regressor_model_2.pkl
DHAD1_copy1,0,0.0,regressor_model_2.pkl
APPAT,0,0.0,regressor_model_2.pkl
ADPT,0,0.0,regressor_model_2.pkl
PRASCSi_copy2,0,0.0,regressor_model_2.pkl
CBPS,0,0.0,regressor_model_2.pkl
FRDO7r,0,0.0,regressor_model_2.pkl
TRSARr,0,0.0,regressor_model_2.pkl
G5SD_copy1,0,0.0,regressor_model_2.pkl
GLNS_copy2,0,0.0,regressor_model_2.pkl
FRDO6r,0,0.0,regressor_model_2.pkl
MDH,0,0.0,regressor_model_2.pkl
PPM,0,0.0,regressor_model_2.pkl
PTRCTA2,1,0.06347791397926353,regressor_model_2.pkl
DMALRED,0,0.0,regressor_model_2.pkl
G3PD2,0,0.0,regressor_model_2.pkl
DLYSPYRAT,1,0.0,regressor_model_2.pkl
DHSKDH,0,0.0,regressor_model_2.pkl
VALDHr,1,0.0,regressor_model_2.pkl
MEPCT,0,0.0,regressor_model_2.pkl
LSERDHr,0,0.0,regressor_model_2.pkl
G6PDH2r,0,0.0,regressor_model_2.pkl
DHQTi_copy1,0,0.0,regressor_model_2.pkl
DHQTi_copy2,0,0.0,regressor_model_2.pkl
HPYRRx,0,0.0,regressor_model_2.pkl
GLUDy,0,0.0,regressor_model_2.pkl
LTDCL,0,0.0,regressor_model_2.pkl
H2CO3D2,0,0.0,regressor_model_2.pkl
GAPD,0,0.0,regressor_model_2.pkl
SSALy,1,0.0,regressor_model_2.pkl
GLYCTO1,0,0.0,regressor_model_2.pkl
ACS,0,0.0,regressor_model_2.pkl
PDHa,1,0.0,regressor_model_2.pkl
HEPCT,0,0.0,regressor_model_2.pkl
SERAT_copy1,0,0.0,regressor_model_2.pkl
VALTA,0,0.0,regressor_model_2.pkl
SUCOAS,0,0.0,regressor_model_2.pkl
FRDO4r,0,0.0,regressor_model_2.pkl
GLNS_copy1,1,0.0,regressor_model_2.pkl
ILEDHr_1,0,0.0,regressor_model_2.pkl
ENO,0,0.0,regressor_model_2.pkl
RBK,0,0.0,regressor_model_2.pkl
ALATRS,0,0.0,regressor_model_2.pkl
PTPATi,0,0.0,regressor_model_2.pkl
FDH,0,0.0,regressor_model_2.pkl
NDPK3,0,0.0,regressor_model_2.pkl
DHAD1_copy2,0,0.0,regressor_model_2.pkl
PHETA1,0,0.0,regressor_model_2.pkl
FALDM,0,0.0,regressor_model_2.pkl
PPND,0,0.008963733508646305,regressor_model_2.pkl
PPK,1,0.0,regressor_model_2.pkl
PPA,0,0.0,regressor_model_2.pkl
PRASCSi_copy1,0,0.0,regressor_model_2.pkl
AROH,0,0.0,regressor_model_2.pkl
GLUSy,0,0.0,regressor_model_2.pkl
GLYALDDr,0,0.0,regressor_model_2.pkl
LLEUDr,1,0.0,regressor_model_2.pkl
AGMDA,0,0.0,regressor_model_2.pkl
GLYCK,0,0.0,regressor_model_2.pkl
FE3DCITR,0,0.0,regressor_model_2.pkl
TRPS1_copy1,0,0.0,regressor_model_2.pkl
AKGDH,1,0.05580247085514976,regressor_model_2.pkl
IDPh_1,0,0.0,regressor_model_2.pkl
DLYSOXGAT,0,0.0,regressor_model_2.pkl
NDP8,0,0.0,regressor_model_2.pkl
TALA,1,0.04294354887004443,regressor_model_2.pkl
URO_c,0,0.0,regressor_model_2.pkl
PGI,0,0.0,regressor_model_2.pkl
ICL,1,0.08541384501786475,regressor_model_2.pkl
PSCVT_copy1,0,0.0,regressor_model_2.pkl
PGK,0,0.0,regressor_model_2.pkl
HDH,0,0.0,regressor_model_2.pkl
ALDD1,0,0.0,regressor_model_2.pkl
FE3DCITCH,1,0.0,regressor_model_2.pkl
AGPOP,0,0.0,regressor_model_2.pkl
PRAIi_copy2,1,0.0,regressor_model_2.pkl
CBMKr,0,0.0,regressor_model_2.pkl
1PPDCRc,0,0.0,regressor_model_2.pkl
GAPDi_nadp,0,0.0,regressor_model_2.pkl
FE3PYOVDL,0,0.0,regressor_model_2.pkl
PGM,0,0.0,regressor_model_2.pkl
PMANM,0,0.0,regressor_model_2.pkl
ILETA,0,0.0,regressor_model_2.pkl
LEUTA,0,0.0,regressor_model_2.pkl
R15BPK,0,0.0,regressor_model_2.pkl
LYSRC,0,0.0,regressor_model_2.pkl
OXOADLR,1,0.0,regressor_model_2.pkl
TRPS3,0,0.0,regressor_model_2.pkl
H2CO3D,0,0.0,regressor_model_2.pkl
SERAT_copy2,0,0.0,regressor_model_2.pkl
HSK,0,0.0,regressor_model_2.pkl
PPNDH,0,0.0,regressor_model_2.pkl
PSCVT_copy2,0,0.0,regressor_model_2.pkl
G5SD_copy2,0,0.0,regressor_model_2.pkl
ADK1,0,0.0,regressor_model_2.pkl
NTD4,0,0.0,regressor_model_2.pkl
PHETHPTOX3,1,0.0,regressor_model_2.pkl
ALATA_L,0,0.0,regressor_model_2.pkl
MEPCT_1,0,0.0,regressor_model_2.pkl
PDH,0,0.0,regressor_model_2.pkl
MALS,0,0.0,regressor_model_2.pkl
ANHMK,0,0.0,regressor_model_2.pkl
RECOAH7,0,0.0,regressor_model_2.pkl
GLUDxi,0,0.0,regressor_model_2.pkl
TRPS1_copy2,0,0.0,regressor_model_2.pkl
ALLTN,0,0.0,regressor_model_2.pkl
NDPK5,1,0.0,regressor_model_2.pkl
HISTD,0,0.0,regressor_model_2.pkl
ME2,0,0.0,regressor_model_2.pkl
GLXCL,0,0.0,regressor_model_2.pkl
PRPPS,0,0.0,regressor_model_2.pkl
URIH,0,0.0,regressor_model_2.pkl
PPCK,0,0.0,regressor_model_2.pkl
ALAR,0,0.0,regressor_model_2.pkl
HPYRI,0,0.0,regressor_model_2.pkl
PRAIi_copy1,0,0.0,regressor_model_2.pkl
CSPMDDH,0,0.0,regressor_model_2.pkl
MAN1PT2,0,0.0,regressor_model_2.pkl
HCO3E,0,0.0,regressor_model_2.pkl
DHAD1_copy1,0,0.0,regressor_model_2.pkl
APPAT,0,0.0,regressor_model_2.pkl
ADPT,0,0.0,regressor_model_2.pkl
PRASCSi_copy2,0,0.0,regressor_model_2.pkl
CBPS,0,0.0,regressor_model_2.pkl
FRDO7r,0,0.0,regressor_model_2.pkl
TRSARr,0,0.0,regressor_model_2.pkl
G5SD_copy1,0,0.0,regressor_model_2.pkl
GLNS_copy2,0,0.0,regressor_model_2.pkl
FRDO6r,0,0.0,regressor_model_2.pkl
MDH,0,0.0,regressor_model_2.pkl
PPM,0,0.0,regressor_model_2.pkl
PTRCTA2,0,0.0032777992013704876,regressor_model_2.pkl
DMALRED,0,0.0,regressor_model_2.pkl
G3PD2,0,0.0,regressor_model_2.pkl
DLYSPYRAT,0,0.0,regressor_model_2.pkl
DHSKDH,0,0.0,regressor_model_2.pkl
VALDHr,1,0.0,regressor_model_2.pkl
MEPCT,0,0.0,regressor_model_2.pkl
LSERDHr,0,0.0,regressor_model_2.pkl
G6PDH2r,0,0.0,regressor_model_2.pkl
DHQTi_copy1,0,0.0,regressor_model_2.pkl
DHQTi_copy2,0,0.0,regressor_model_2.pkl
HPYRRx,0,0.0,regressor_model_2.pkl
GLUDy,0,0.0,regressor_model_2.pkl
LTDCL,1,0.0,regressor_model_2.pkl
H2CO3D2,0,0.0,regressor_model_2.pkl
GAPD,0,0.0,regressor_model_2.pkl
SSALy,1,0.00948928231518243,regressor_model_2.pkl
GLYCTO1,0,0.0,regressor_model_2.pkl
ACS,0,0.0,regressor_model_2.pkl
PDHa,0,0.0015514639823508902,regressor_model_2.pkl
HEPCT,0,0.0,regressor_model_2.pkl
SERAT_copy1,0,0.0,regressor_model_2.pkl
VALTA,0,-0.009664020805873485,regressor_model_2.pkl
SUCOAS,0,0.023979873795829294,regressor_model_2.pkl
FRDO4r,0,0.0,regressor_model_2.pkl
GLNS_copy1,1,0.0,regressor_model_2.pkl
ILEDHr_1,0,0.0,regressor_model_2.pkl
ENO,0,0.0,regressor_model_2.pkl
RBK,0,0.0,regressor_model_2.pkl
ALATRS,0,0.0,regressor_model_2.pkl
PTPATi,0,0.0,regressor_model_2.pkl
FDH,0,0.0,regressor_model_2.pkl
NDPK3,0,0.0,regressor_model_2.pkl
DHAD1_copy2,0,0.0,regressor_model_2.pkl
PHETA1,0,0.0,regressor_model_2.pkl
FALDM,0,0.0,regressor_model_2.pkl
PPND,0,0.0,regressor_model_2.pkl
PPK,0,0.0,regressor_model_2.pkl
PPA,0,0.0,regressor_model_2.pkl
PRASCSi_copy1,0,0.0,regressor_model_2.pkl
AROH,0,0.0,regressor_model_2.pkl
GLUSy,0,0.0,regressor_model_2.pkl
GLYALDDr,0,0.0,regressor_model_2.pkl
LLEUDr,1,0.0,regressor_model_2.pkl
AGMDA,0,0.0,regressor_model_2.pkl
GLYCK,1,0.0006052460388391104,regressor_model_2.pkl
FE3DCITR,0,0.0,regressor_model_2.pkl
TRPS1_copy1,0,0.0,regressor_model_2.pkl
AKGDH,1,-0.023877735876409848,regressor_model_2.pkl
IDPh_1,0,0.0,regressor_model_2.pkl
DLYSOXGAT,0,0.0,regressor_model_2.pkl
NDP8,0,0.0,regressor_model_2.pkl
TALA,1,0.007838030128086773,regressor_model_2.pkl
URO_c,0,0.0,regressor_model_2.pkl
PGI,0,0.0028825218944340597,regressor_model_2.pkl
ICL,1,0.037287839927302814,regressor_model_2.pkl
PSCVT_copy1,0,0.0,regressor_model_2.pkl
PGK,0,0.0,regressor_model_2.pkl
HDH,1,0.0,regressor_model_2.pkl
ALDD1,0,0.0,regressor_model_2.pkl
FE3DCITCH,1,0.0,regressor_model_2.pkl
AGPOP,0,0.0,regressor_model_2.pkl
PRAIi_copy2,1,0.0,regressor_model_2.pkl
CBMKr,0,0.0,regressor_model_2.pkl
1PPDCRc,0,0.0,regressor_model_2.pkl
GAPDi_nadp,0,0.0,regressor_model_2.pkl
FE3PYOVDL,0,0.0,regressor_model_2.pkl
PGM,0,0.0,regressor_model_2.pkl
PMANM,0,0.0,regressor_model_2.pkl
ILETA,0,0.0,regressor_model_2.pkl
LEUTA,0,0.0,regressor_model_2.pkl
R15BPK,0,0.0,regressor_model_2.pkl
LYSRC,0,0.0,regressor_model_2.pkl
OXOADLR,0,0.0,regressor_model_2.pkl
TRPS3,0,0.0,regressor_model_2.pkl
H2CO3D,0,0.0,regressor_model_2.pkl
SERAT_copy2,0,-0.006739012025628515,regressor_model_2.pkl
HSK,0,0.0,regressor_model_2.pkl
PPNDH,0,0.0,regressor_model_2.pkl
PSCVT_copy2,0,0.0,regressor_model_2.pkl
G5SD_copy2,0,0.0,regressor_model_2.pkl
ADK1,0,0.0,regressor_model_2.pkl
NTD4,0,0.0,regressor_model_2.pkl
PHETHPTOX3,0,0.0,regressor_model_2.pkl
ALATA_L,0,0.0,regressor_model_2.pkl
MEPCT_1,0,0.0,regressor_model_2.pkl
PDH,0,0.0,regressor_model_2.pkl
MALS,1,0.0,regressor_model_2.pkl
ANHMK,1,0.0,regressor_model_2.pkl
RECOAH7,0,0.0,regressor_model_2.pkl
GLUDxi,0,0.0,regressor_model_2.pkl
TRPS1_copy2,0,0.0,regressor_model_2.pkl
ALLTN,0,0.0,regressor_model_2.pkl
NDPK5,1,0.0,regressor_model_2.pkl
HISTD,0,0.0,regressor_model_2.pkl
ME2,0,0.0,regressor_model_2.pkl
GLXCL,0,0.0,regressor_model_2.pkl
PRPPS,0,0.0,regressor_model_2.pkl
URIH,0,0.0,regressor_model_2.pkl
PPCK,0,0.0,regressor_model_2.pkl
ALAR,1,0.0,regressor_model_2.pkl
HPYRI,0,0.0,regressor_model_2.pkl
PRAIi_copy1,0,0.0,regressor_model_2.pkl
CSPMDDH,0,0.0,regressor_model_2.pkl
MAN1PT2,1,0.0,regressor_model_2.pkl
HCO3E,0,0.0,regressor_model_2.pkl
DHAD1_copy1,0,0.0,regressor_model_2.pkl
APPAT,0,0.00089246115743008,regressor_model_2.pkl
ADPT,0,0.0,regressor_model_2.pkl
PRASCSi_copy2,0,0.0,regressor_model_2.pkl
CBPS,0,0.0,regressor_model_2.pkl
FRDO7r,0,0.0,regressor_model_2.pkl
TRSARr,0,0.0,regressor_model_2.pkl
G5SD_copy1,0,0.0,regressor_model_2.pkl
GLNS_copy2,0,0.0,regressor_model_2.pkl
FRDO6r,0,0.0,regressor_model_2.pkl
MDH,0,0.0,regressor_model_2.pkl
PPM,0,0.0,regressor_model_2.pkl
PTRCTA2,1,0.041151412772740106,regressor_model_2.pkl
DMALRED,0,0.0,regressor_model_2.pkl
G3PD2,0,0.0,regressor_model_2.pkl
DLYSPYRAT,0,0.0,regressor_model_2.pkl
DHSKDH,0,0.0,regressor_model_2.pkl
VALDHr,1,0.0,regressor_model_2.pkl
MEPCT,0,0.0,regressor_model_2.pkl
LSERDHr,0,0.0,regressor_model_2.pkl
G6PDH2r,0,0.0,regressor_model_2.pkl
DHQTi_copy1,0,0.0,regressor_model_2.pkl
DHQTi_copy2,0,0.0,regressor_model_2.pkl
HPYRRx,0,0.0,regressor_model_2.pkl
GLUDy,0,0.0,regressor_model_2.pkl
LTDCL,1,0.0,regressor_model_2.pkl
H2CO3D2,0,0.0,regressor_model_2.pkl
GAPD,0,0.0,regressor_model_2.pkl
SSALy,1,0.01770825730881572,regressor_model_2.pkl
GLYCTO1,0,0.0,regressor_model_2.pkl
ACS,0,0.0,regressor_model_2.pkl
PDHa,0,0.0,regressor_model_2.pkl
HEPCT,0,0.0,regressor_model_2.pkl
SERAT_copy1,0,0.0,regressor_model_2.pkl
VALTA,0,0.0,regressor_model_2.pkl
SUCOAS,0,0.0,regressor_model_2.pkl
FRDO4r,0,0.0,regressor_model_2.pkl
GLNS_copy1,1,0.0,regressor_model_2.pkl
ILEDHr_1,0,0.0,regressor_model_2.pkl
ENO,0,0.0,regressor_model_2.pkl
RBK,0,0.0,regressor_model_2.pkl
ALATRS,0,0.0,regressor_model_2.pkl
PTPATi,0,0.0,regressor_model_2.pkl
FDH,0,0.0,regressor_model_2.pkl
NDPK3,0,0.0,regressor_model_2.pkl
DHAD1_copy2,0,0.0,regressor_model_2.pkl
PHETA1,0,0.0,regressor_model_2.pkl
FALDM,0,0.0,regressor_model_2.pkl
PPND,0,0.007274856219778523,regressor_model_2.pkl
PPK,0,0.0,regressor_model_2.pkl
PPA,0,0.0,regressor_model_2.pkl
PRASCSi_copy1,0,0.002275801620980114,regressor_model_2.pkl
AROH,0,0.0,regressor_model_2.pkl
GLUSy,0,0.0,regressor_model_2.pkl
GLYALDDr,0,0.0,regressor_model_2.pkl
LLEUDr,1,0.0,regressor_model_2.pkl
AGMDA,0,0.0,regressor_model_2.pkl
GLYCK,0,0.0,regressor_model_2.pkl
FE3DCITR,0,0.0,regressor_model_2.pkl
TRPS1_copy1,0,0.0,regressor_model_2.pkl
AKGDH,1,0.06768469223999068,regressor_model_2.pkl
IDPh_1,0,0.0,regressor_model_2.pkl
DLYSOXGAT,0,0.0,regressor_model_2.pkl
NDP8,0,0.0,regressor_model_2.pkl
TALA,1,0.0,regressor_model_2.pkl
URO_c,0,0.0,regressor_model_2.pkl
PGI,0,0.04037745733655685,regressor_model_2.pkl
ICL,1,0.10428577552769772,regressor_model_2.pkl
PSCVT_copy1,0,0.0,regressor_model_2.pkl
PGK,0,0.0042860604434716894,regressor_model_2.pkl
HDH,1,0.002435113466170908,regressor_model_2.pkl
ALDD1,0,0.0,regressor_model_2.pkl
FE3DCITCH,1,0.0,regressor_model_2.pkl
AGPOP,0,0.0,regressor_model_2.pkl
PRAIi_copy2,1,0.0,regressor_model_2.pkl
CBMKr,0,0.0,regressor_model_2.pkl
1PPDCRc,0,0.0,regressor_model_2.pkl
GAPDi_nadp,0,0.0,regressor_model_2.pkl
FE3PYOVDL,0,0.0,regressor_model_2.pkl
PGM,0,0.0,regressor_model_2.pkl
PMANM,0,0.0,regressor_model_2.pkl
ILETA,0,0.0,regressor_model_2.pkl
LEUTA,0,0.0,regressor_model_2.pkl
R15BPK,0,0.0,regressor_model_2.pkl
LYSRC,0,0.0,regressor_model_2.pkl
OXOADLR,1,0.0,regressor_model_2.pkl
TRPS3,0,0.0,regressor_model_2.pkl
H2CO3D,0,0.0,regressor_model_2.pkl
SERAT_copy2,0,0.002578376839208611,regressor_model_2.pkl
HSK,0,0.0,regressor_model_2.pkl
PPNDH,1,0.0,regressor_model_2.pkl
PSCVT_copy2,0,0.0,regressor_model_2.pkl
G5SD_copy2,0,0.0,regressor_model_2.pkl
ADK1,0,0.0,regressor_model_2.pkl
NTD4,0,0.0,regressor_model_2.pkl
PHETHPTOX3,0,0.0,regressor_model_2.pkl
ALATA_L,0,0.0,regressor_model_2.pkl
MEPCT_1,0,0.0,regressor_model_2.pkl
PDH,0,0.0,regressor_model_2.pkl
MALS,1,0.0,regressor_model_2.pkl
ANHMK,0,0.0,regressor_model_2.pkl
RECOAH7,0,0.0,regressor_model_2.pkl
GLUDxi,0,0.0,regressor_model_2.pkl
TRPS1_copy2,0,0.0,regressor_model_2.pkl
ALLTN,0,0.0,regressor_model_2.pkl
NDPK5,0,0.0,regressor_model_2.pkl
HISTD,0,0.0,regressor_model_2.pkl
ME2,0,0.002309450802211744,regressor_model_2.pkl
GLXCL,0,0.0,regressor_model_2.pkl
PRPPS,0,0.0,regressor_model_2.pkl
URIH,0,0.0,regressor_model_2.pkl
PPCK,0,0.002863080610644816,regressor_model_2.pkl
ALAR,1,0.002533201019660686,regressor_model_2.pkl
HPYRI,0,0.0027759469071849674,regressor_model_2.pkl
PRAIi_copy1,0,0.0,regressor_model_2.pkl
CSPMDDH,0,0.0,regressor_model_2.pkl
MAN1PT2,1,0.0,regressor_model_2.pkl
HCO3E,0,0.0,regressor_model_2.pkl
DHAD1_copy1,0,0.0,regressor_model_2.pkl
APPAT,0,0.0,regressor_model_2.pkl
ADPT,0,0.0,regressor_model_2.pkl
PRASCSi_copy2,0,0.0,regressor_model_2.pkl
CBPS,0,0.0,regressor_model_2.pkl
FRDO7r,0,0.0,regressor_model_2.pkl
TRSARr,0,0.0,regressor_model_2.pkl
G5SD_copy1,0,0.0,regressor_model_2.pkl
GLNS_copy2,0,0.0,regressor_model_2.pkl
FRDO6r,0,0.0,regressor_model_2.pkl
MDH,0,0.0,regressor_model_2.pkl
PPM,0,0.0,regressor_model_2.pkl
PTRCTA2,0,0.07262125563129458,regressor_model_2.pkl
DMALRED,0,0.0,regressor_model_2.pkl
G3PD2,0,0.0,regressor_model_2.pkl
DLYSPYRAT,0,0.0,regressor_model_2.pkl
DHSKDH,0,0.0,regressor_model_2.pkl
VALDHr,1,0.0,regressor_model_2.pkl
MEPCT,0,0.0,regressor_model_2.pkl
LSERDHr,0,0.0,regressor_model_2.pkl
G6PDH2r,0,0.0,regressor_model_2.pkl
DHQTi_copy1,0,0.0,regressor_model_2.pkl
DHQTi_copy2,0,0.0,regressor_model_2.pkl
HPYRRx,0,0.0,regressor_model_2.pkl
GLUDy,0,0.0,regressor_model_2.pkl
LTDCL,0,0.0,regressor_model_2.pkl
H2CO3D2,0,0.0,regressor_model_2.pkl
GAPD,0,0.0,regressor_model_2.pkl
SSALy,1,0.0,regressor_model_2.pkl
GLYCTO1,0,0.0,regressor_model_2.pkl
ACS,0,0.0,regressor_model_2.pkl
PDHa,1,0.0,regressor_model_2.pkl
HEPCT,0,0.0,regressor_model_2.pkl
SERAT_copy1,0,0.0,regressor_model_2.pkl
VALTA,0,0.0,regressor_model_2.pkl
SUCOAS,0,0.0,regressor_model_2.pkl
FRDO4r,0,0.0,regressor_model_2.pkl
GLNS_copy1,1,0.0,regressor_model_2.pkl
ILEDHr_1,0,0.0,regressor_model_2.pkl
ENO,0,0.0,regressor_model_2.pkl
RBK,0,0.0,regressor_model_2.pkl
ALATRS,0,0.0,regressor_model_2.pkl
PTPATi,0,0.0,regressor_model_2.pkl
FDH,0,0.0,regressor_model_2.pkl
NDPK3,0,0.0,regressor_model_2.pkl
DHAD1_copy2,0,0.0,regressor_model_2.pkl
PHETA1,0,0.0,regressor_model_2.pkl
FALDM,0,0.0,regressor_model_2.pkl
PPND,0,0.010840373288994034,regressor_model_2.pkl
PPK,0,0.0,regressor_model_2.pkl
PPA,0,0.0,regressor_model_2.pkl
PRASCSi_copy1,0,0.0,regressor_model_2.pkl
AROH,0,0.0,regressor_model_2.pkl
GLUSy,0,0.0,regressor_model_2.pkl
GLYALDDr,0,0.0,regressor_model_2.pkl
LLEUDr,0,0.0,regressor_model_2.pkl
AGMDA,0,0.0,regressor_model_2.pkl
GLYCK,0,0.0,regressor_model_2.pkl
FE3DCITR,0,0.0,regressor_model_2.pkl
TRPS1_copy1,0,0.0,regressor_model_2.pkl
AKGDH,1,0.06253703346353987,regressor_model_2.pkl
IDPh_1,0,0.0,regressor_model_2.pkl
DLYSOXGAT,0,0.0,regressor_model_2.pkl
NDP8,0,0.0,regressor_model_2.pkl
TALA,1,0.0,regressor_model_2.pkl
URO_c,0,0.0,regressor_model_2.pkl
PGI,0,0.040329205846218734,regressor_model_2.pkl
ICL,1,0.09302632964995584,regressor_model_2.pkl
PSCVT_copy1,0,0.0,regressor_model_2.pkl
PGK,0,0.004965459577047307,regressor_model_2.pkl
HDH,1,0.0,regressor_model_2.pkl
ALDD1,0,0.0,regressor_model_2.pkl
FE3DCITCH,1,0.0,regressor_model_2.pkl
AGPOP,0,0.0,regressor_model_2.pkl
PRAIi_copy2,1,0.0,regressor_model_2.pkl
CBMKr,0,0.0,regressor_model_2.pkl
1PPDCRc,0,0.0,regressor_model_2.pkl
GAPDi_nadp,0,0.0,regressor_model_2.pkl
FE3PYOVDL,0,0.0,regressor_model_2.pkl
PGM,0,0.0,regressor_model_2.pkl
PMANM,0,0.0,regressor_model_2.pkl
ILETA,0,0.0,regressor_model_2.pkl
LEUTA,1,0.0,regressor_model_2.pkl
R15BPK,0,0.0,regressor_model_2.pkl
LYSRC,0,0.0,regressor_model_2.pkl
OXOADLR,0,0.0,regressor_model_2.pkl
TRPS3,0,0.0,regressor_model_2.pkl
H2CO3D,0,0.0,regressor_model_2.pkl
SERAT_copy2,0,0.0,regressor_model_2.pkl
HSK,0,0.0,regressor_model_2.pkl
PPNDH,1,0.0,regressor_model_2.pkl
PSCVT_copy2,0,0.0,regressor_model_2.pkl
G5SD_copy2,0,0.0,regressor_model_2.pkl
ADK1,0,0.0,regressor_model_2.pkl
NTD4,1,0.0,regressor_model_2.pkl
PHETHPTOX3,1,0.0,regressor_model_2.pkl
ALATA_L,0,0.0,regressor_model_2.pkl
MEPCT_1,0,0.0,regressor_model_2.pkl
PDH,0,0.0,regressor_model_2.pkl
MALS,1,0.0,regressor_model_2.pkl
ANHMK,0,0.0,regressor_model_2.pkl
RECOAH7,0,0.0,regressor_model_2.pkl
GLUDxi,0,0.0,regressor_model_2.pkl
TRPS1_copy2,0,0.0,regressor_model_2.pkl
ALLTN,0,0.0,regressor_model_2.pkl
NDPK5,0,0.0,regressor_model_2.pkl
HISTD,0,0.004172552966159018,regressor_model_2.pkl
ME2,0,0.0,regressor_model_2.pkl
GLXCL,0,0.0,regressor_model_2.pkl
PRPPS,0,0.0,regressor_model_2.pkl
URIH,0,0.0,regressor_model_2.pkl
PPCK,0,0.004265382470963586,regressor_model_2.pkl
ALAR,0,0.0,regressor_model_2.pkl
HPYRI,0,0.0,regressor_model_2.pkl
PRAIi_copy1,0,0.0,regressor_model_2.pkl
CSPMDDH,0,0.0,regressor_model_2.pkl
MAN1PT2,1,0.0,regressor_model_2.pkl
HCO3E,0,0.0,regressor_model_2.pkl
DHAD1_copy1,0,0.0,regressor_model_2.pkl
APPAT,0,0.0,regressor_model_2.pkl
ADPT,0,0.0,regressor_model_2.pkl
PRASCSi_copy2,0,0.0,regressor_model_2.pkl
CBPS,0,0.0,regressor_model_2.pkl
FRDO7r,1,0.0,regressor_model_2.pkl
TRSARr,0,0.0,regressor_model_2.pkl
G5SD_copy1,0,0.0,regressor_model_2.pkl
GLNS_copy2,0,0.0,regressor_model_2.pkl
FRDO6r,0,0.0,regressor_model_2.pkl
MDH,0,0.0,regressor_model_2.pkl
PPM,0,0.0,regressor_model_2.pkl
PTRCTA2,1,-0.009814174627469741,regressor_model_2.pkl
DMALRED,0,0.0,regressor_model_2.pkl
G3PD2,0,0.0,regressor_model_2.pkl
DLYSPYRAT,1,0.0,regressor_model_2.pkl
DHSKDH,0,0.0,regressor_model_2.pkl
VALDHr,1,0.0022136982374809226,regressor_model_2.pkl
MEPCT,0,0.0,regressor_model_2.pkl
LSERDHr,0,0.0,regressor_model_2.pkl
G6PDH2r,0,0.0028637057989314156,regressor_model_2.pkl
DHQTi_copy1,0,0.0,regressor_model_2.pkl
DHQTi_copy2,0,0.0,regressor_model_2.pkl
HPYRRx,0,0.0,regressor_model_2.pkl
GLUDy,0,0.0,regressor_model_2.pkl
LTDCL,1,0.0,regressor_model_2.pkl
H2CO3D2,0,0.0,regressor_model_2.pkl
GAPD,0,0.0,regressor_model_2.pkl
SSALy,1,0.053064656189999934,regressor_model_2.pkl
GLYCTO1,0,0.0,regressor_model_2.pkl
ACS,0,0.0,regressor_model_2.pkl
PDHa,1,0.0,regressor_model_2.pkl
HEPCT,0,0.0,regressor_model_2.pkl
SERAT_copy1,0,0.0,regressor_model_2.pkl
VALTA,0,0.0,regressor_model_2.pkl
SUCOAS,0,0.0,regressor_model_2.pkl
FRDO4r,0,0.0,regressor_model_2.pkl
GLNS_copy1,1,0.0,regressor_model_2.pkl
ILEDHr_1,0,0.0,regressor_model_2.pkl
ENO,0,0.0,regressor_model_2.pkl
RBK,0,0.0,regressor_model_2.pkl
ALATRS,0,0.0,regressor_model_2.pkl
PTPATi,0,0.0,regressor_model_2.pkl
FDH,0,0.0,regressor_model_2.pkl
NDPK3,0,0.0,regressor_model_2.pkl
DHAD1_copy2,0,0.0,regressor_model_2.pkl
PHETA1,0,0.0,regressor_model_2.pkl
FALDM,0,0.0,regressor_model_2.pkl
PPND,0,0.0,regressor_model_2.pkl
PPK,0,0.0,regressor_model_2.pkl
PPA,0,0.0,regressor_model_2.pkl
PRASCSi_copy1,0,0.0,regressor_model_2.pkl
AROH,0,-0.031193291915646803,regressor_model_2.pkl
GLUSy,0,0.0,regressor_model_2.pkl
GLYALDDr,0,0.0,regressor_model_2.pkl
LLEUDr,0,0.0,regressor_model_2.pkl
AGMDA,0,0.0,regressor_model_2.pkl
GLYCK,0,0.0,regressor_model_2.pkl
FE3DCITR,1,0.0,regressor_model_2.pkl
TRPS1_copy1,0,0.0,regressor_model_2.pkl
AKGDH,1,0.03019210632771071,regressor_model_2.pkl
IDPh_1,0,0.0,regressor_model_2.pkl
DLYSOXGAT,0,0.0,regressor_model_2.pkl
NDP8,0,0.0,regressor_model_2.pkl
TALA,1,0.0,regressor_model_2.pkl
URO_c,0,0.0,regressor_model_2.pkl
PGI,0,0.0,regressor_model_2.pkl
ICL,1,0.04691924494180126,regressor_model_2.pkl
PSCVT_copy1,0,0.0,regressor_model_2.pkl
PGK,0,0.0,regressor_model_2.pkl
HDH,0,0.0,regressor_model_2.pkl
ALDD1,0,0.0,regressor_model_2.pkl
FE3DCITCH,1,0.0,regressor_model_2.pkl
AGPOP,0,0.0,regressor_model_2.pkl
PRAIi_copy2,0,0.0,regressor_model_2.pkl
CBMKr,0,0.0,regressor_model_2.pkl
1PPDCRc,0,-0.00649169325287699,regressor_model_2.pkl
GAPDi_nadp,0,0.0,regressor_model_2.pkl
FE3PYOVDL,0,0.0,regressor_model_2.pkl
PGM,0,0.0,regressor_model_2.pkl
PMANM,0,0.0,regressor_model_2.pkl
ILETA,0,0.0,regressor_model_2.pkl
LEUTA,0,0.0,regressor_model_2.pkl
R15BPK,0,0.0,regressor_model_2.pkl
LYSRC,0,0.0,regressor_model_2.pkl
OXOADLR,1,0.0,regressor_model_2.pkl
TRPS3,0,0.0,regressor_model_2.pkl
H2CO3D,0,0.0,regressor_model_2.pkl
SERAT_copy2,1,0.0,regressor_model_2.pkl
HSK,0,0.0,regressor_model_2.pkl
PPNDH,1,0.0,regressor_model_2.pkl
PSCVT_copy2,0,0.0,regressor_model_2.pkl
G5SD_copy2,0,0.0,regressor_model_2.pkl
ADK1,0,0.0,regressor_model_2.pkl
NTD4,0,0.0,regressor_model_2.pkl
PHETHPTOX3,1,0.0,regressor_model_2.pkl
ALATA_L,0,0.0,regressor_model_2.pkl
MEPCT_1,0,0.0,regressor_model_2.pkl
PDH,0,0.0,regressor_model_2.pkl
MALS,1,0.0,regressor_model_2.pkl
ANHMK,0,0.0,regressor_model_2.pkl
RECOAH7,0,0.0,regressor_model_2.pkl
GLUDxi,0,0.0,regressor_model_2.pkl
TRPS1_copy2,0,0.0,regressor_model_2.pkl
ALLTN,0,0.0,regressor_model_2.pkl
NDPK5,1,0.0,regressor_model_2.pkl
HISTD,0,0.0,regressor_model_2.pkl
ME2,0,0.0,regressor_model_2.pkl
GLXCL,0,0.0,regressor_model_2.pkl
PRPPS,0,0.0,regressor_model_2.pkl
URIH,0,0.0,regressor_model_2.pkl
PPCK,0,0.0,regressor_model_2.pkl
ALAR,0,0.0,regressor_model_2.pkl
HPYRI,0,0.0,regressor_model_2.pkl
PRAIi_copy1,0,0.0,regressor_model_2.pkl
CSPMDDH,0,0.0,regressor_model_2.pkl
MAN1PT2,1,0.0,regressor_model_2.pkl
HCO3E,0,0.0,regressor_model_2.pkl
DHAD1_copy1,0,0.0,regressor_model_2.pkl
APPAT,0,0.0,regressor_model_2.pkl
ADPT,0,0.0,regressor_model_2.pkl
PRASCSi_copy2,0,0.0,regressor_model_2.pkl
CBPS,0,0.0,regressor_model_2.pkl
FRDO7r,1,0.0,regressor_model_2.pkl
TRSARr,0,0.0,regressor_model_2.pkl
G5SD_copy1,0,0.0,regressor_model_2.pkl
GLNS_copy2,0,0.0,regressor_model_2.pkl
FRDO6r,0,0.0,regressor_model_2.pkl
MDH,0,0.0,regressor_model_2.pkl
PPM,0,0.0,regressor_model_2.pkl
PTRCTA2,1,0.02933891960526225,regressor_model_2.pkl
DMALRED,0,0.0,regressor_model_2.pkl
G3PD2,0,0.0,regressor_model_2.pkl
DLYSPYRAT,0,0.0,regressor_model_2.pkl
DHSKDH,0,0.0,regressor_model_2.pkl
VALDHr,0,0.0,regressor_model_2.pkl
MEPCT,0,0.0,regressor_model_2.pkl
LSERDHr,0,0.0,regressor_model_2.pkl
G6PDH2r,0,0.023741654792919814,regressor_model_2.pkl
DHQTi_copy1,0,0.0,regressor_model_2.pkl
DHQTi_copy2,0,0.0,regressor_model_2.pkl
HPYRRx,0,0.0,regressor_model_2.pkl
GLUDy,0,0.0,regressor_model_2.pkl
LTDCL,1,0.0,regressor_model_2.pkl
H2CO3D2,0,0.0,regressor_model_2.pkl
GAPD,0,0.0,regressor_model_2.pkl
SSALy,0,0.01976029657282619,regressor_model_2.pkl
GLYCTO1,0,0.0,regressor_model_2.pkl
ACS,0,0.0,regressor_model_2.pkl
PDHa,1,0.0,regressor_model_2.pkl
HEPCT,0,0.0,regressor_model_2.pkl
SERAT_copy1,0,0.0,regressor_model_2.pkl
VALTA,0,0.0,regressor_model_2.pkl
SUCOAS,0,0.0023858013043896566,regressor_model_2.pkl
FRDO4r,0,0.0,regressor_model_2.pkl
GLNS_copy1,1,0.0,regressor_model_2.pkl
ILEDHr_1,0,0.0,regressor_model_2.pkl
ENO,0,0.0,regressor_model_2.pkl
RBK,0,0.0,regressor_model_2.pkl
ALATRS,0,0.0,regressor_model_2.pkl
PTPATi,0,0.0,regressor_model_2.pkl
FDH,0,0.0,regressor_model_2.pkl
NDPK3,0,0.0,regressor_model_2.pkl
DHAD1_copy2,0,0.0,regressor_model_2.pkl
PHETA1,0,0.0,regressor_model_2.pkl
FALDM,0,0.0,regressor_model_2.pkl
PPND,0,0.006960116348074798,regressor_model_2.pkl
PPK,0,0.0,regressor_model_2.pkl
PPA,0,0.0,regressor_model_2.pkl
PRASCSi_copy1,0,0.0,regressor_model_2.pkl
AROH,0,0.0,regressor_model_2.pkl
GLUSy,0,0.0,regressor_model_2.pkl
GLYALDDr,0,0.0,regressor_model_2.pkl
LLEUDr,1,0.0,regressor_model_2.pkl
AGMDA,0,0.0,regressor_model_2.pkl
GLYCK,0,0.0,regressor_model_2.pkl
FE3DCITR,0,0.0,regressor_model_2.pkl
TRPS1_copy1,0,0.0,regressor_model_2.pkl
AKGDH,1,0.06171159692543156,regressor_model_2.pkl
IDPh_1,0,0.0,regressor_model_2.pkl
DLYSOXGAT,0,0.0,regressor_model_2.pkl
NDP8,0,0.0,regressor_model_2.pkl
TALA,1,0.0,regressor_model_2.pkl
URO_c,0,0.0,regressor_model_2.pkl
PGI,0,0.0,regressor_model_2.pkl
ICL,1,0.09560172109005617,regressor_model_2.pkl
PSCVT_copy1,0,0.0,regressor_model_2.pkl
PGK,0,0.0033016150133993627,regressor_model_2.pkl
HDH,1,0.0018002138755666122,regressor_model_2.pkl
ALDD1,0,0.0,regressor_model_2.pkl
FE3DCITCH,1,0.0,regressor_model_2.pkl
AGPOP,0,0.0,regressor_model_2.pkl
PRAIi_copy2,1,0.0,regressor_model_2.pkl
CBMKr,0,0.0,regressor_model_2.pkl
1PPDCRc,0,0.0,regressor_model_2.pkl
GAPDi_nadp,0,0.0,regressor_model_2.pkl
FE3PYOVDL,0,0.0,regressor_model_2.pkl
PGM,0,0.0,regressor_model_2.pkl
PMANM,0,0.0,regressor_model_2.pkl
ILETA,0,0.0,regressor_model_2.pkl
LEUTA,0,0.0,regressor_model_2.pkl
R15BPK,0,0.0,regressor_model_2.pkl
LYSRC,0,0.0,regressor_model_2.pkl
OXOADLR,1,0.0,regressor_model_2.pkl
TRPS3,0,0.0,regressor_model_2.pkl
H2CO3D,0,0.0,regressor_model_2.pkl
SERAT_copy2,0,0.0,regressor_model_2.pkl
HSK,0,0.0,regressor_model_2.pkl
PPNDH,0,0.0,regressor_model_2.pkl
PSCVT_copy2,0,0.0,regressor_model_2.pkl
G5SD_copy2,0,0.0,regressor_model_2.pkl
ADK1,0,0.0,regressor_model_2.pkl
NTD4,0,0.0,regressor_model_2.pkl
PHETHPTOX3,1,0.0,regressor_model_2.pkl
ALATA_L,0,0.0,regressor_model_2.pkl
MEPCT_1,0,0.0,regressor_model_2.pkl
PDH,0,0.0,regressor_model_2.pkl
MALS,1,0.0,regressor_model_2.pkl
ANHMK,0,0.0,regressor_model_2.pkl
RECOAH7,0,0.0,regressor_model_2.pkl
GLUDxi,0,0.0016209356965887025,regressor_model_2.pkl
TRPS1_copy2,0,0.0,regressor_model_2.pkl
ALLTN,0,0.0,regressor_model_2.pkl
NDPK5,1,0.0,regressor_model_2.pkl
HISTD,0,0.0032449532527288705,regressor_model_2.pkl
ME2,0,0.0,regressor_model_2.pkl
GLXCL,0,0.002549348131914455,regressor_model_2.pkl
PRPPS,0,0.0,regressor_model_2.pkl
URIH,0,0.0,regressor_model_2.pkl
PPCK,0,0.0018987277480820937,regressor_model_2.pkl
ALAR,0,0.0,regressor_model_2.pkl
HPYRI,0,0.0,regressor_model_2.pkl
PRAIi_copy1,0,0.0,regressor_model_2.pkl
CSPMDDH,0,0.0,regressor_model_2.pkl
MAN1PT2,1,0.0026959858758869304,regressor_model_2.pkl
HCO3E,0,0.0,regressor_model_2.pkl
DHAD1_copy1,0,0.0,regressor_model_2.pkl
APPAT,0,0.0,regressor_model_2.pkl
ADPT,0,0.0,regressor_model_2.pkl
PRASCSi_copy2,0,0.0,regressor_model_2.pkl
CBPS,0,0.0,regressor_model_2.pkl
FRDO7r,0,0.0,regressor_model_2.pkl
TRSARr,0,0.0,regressor_model_2.pkl
G5SD_copy1,0,0.0,regressor_model_2.pkl
GLNS_copy2,0,0.0,regressor_model_2.pkl
FRDO6r,0,0.0,regressor_model_2.pkl
MDH,0,0.0,regressor_model_2.pkl
PPM,0,0.0,regressor_model_2.pkl
PTRCTA2,1,0.0006752176301198545,regressor_model_2.pkl
DMALRED,0,0.0009890872013261689,regressor_model_2.pkl
G3PD2,0,0.0,regressor_model_2.pkl
DLYSPYRAT,1,0.0020686127182867903,regressor_model_2.pkl
DHSKDH,0,0.0,regressor_model_2.pkl
VALDHr,1,0.0,regressor_model_2.pkl
MEPCT,0,0.0,regressor_model_2.pkl
LSERDHr,0,0.0,regressor_model_2.pkl
G6PDH2r,0,0.0,regressor_model_2.pkl
DHQTi_copy1,0,0.0,regressor_model_2.pkl
DHQTi_copy2,0,0.0,regressor_model_2.pkl
HPYRRx,0,0.0,regressor_model_2.pkl
GLUDy,0,0.0,regressor_model_2.pkl
LTDCL,0,0.0,regressor_model_2.pkl
H2CO3D2,1,0.0,regressor_model_2.pkl
GAPD,0,0.0,regressor_model_2.pkl
SSALy,0,0.019570541530571608,regressor_model_2.pkl
GLYCTO1,0,0.0,regressor_model_2.pkl
ACS,0,0.0,regressor_model_2.pkl
PDHa,1,0.0,regressor_model_2.pkl
HEPCT,0,0.0,regressor_model_2.pkl
SERAT_copy1,0,0.0,regressor_model_2.pkl
VALTA,0,0.0,regressor_model_2.pkl
SUCOAS,0,0.0006440819629102222,regressor_model_2.pkl
FRDO4r,0,0.0,regressor_model_2.pkl
GLNS_copy1,1,0.0,regressor_model_2.pkl
ILEDHr_1,1,0.0,regressor_model_2.pkl
ENO,0,0.0,regressor_model_2.pkl
RBK,0,0.0,regressor_model_2.pkl
ALATRS,0,0.0,regressor_model_2.pkl
PTPATi,0,0.0,regressor_model_2.pkl
FDH,0,0.0,regressor_model_2.pkl
NDPK3,0,0.0,regressor_model_2.pkl
DHAD1_copy2,0,0.0,regressor_model_2.pkl
PHETA1,0,0.0,regressor_model_2.pkl
FALDM,0,0.0,regressor_model_2.pkl
PPND,0,0.0,regressor_model_2.pkl
PPK,0,0.0,regressor_model_2.pkl
PPA,0,0.0,regressor_model_2.pkl
PRASCSi_copy1,0,0.0,regressor_model_2.pkl
AROH,0,0.0,regressor_model_2.pkl
GLUSy,0,0.0,regressor_model_2.pkl
GLYALDDr,0,0.0,regressor_model_2.pkl
LLEUDr,1,0.002268182147144367,regressor_model_2.pkl
AGMDA,0,0.0,regressor_model_2.pkl
GLYCK,0,0.0,regressor_model_2.pkl
FE3DCITR,0,0.0,regressor_model_2.pkl
TRPS1_copy1,0,0.0,regressor_model_2.pkl
AKGDH,1,0.044356481522151436,regressor_model_2.pkl
IDPh_1,0,0.0,regressor_model_2.pkl
DLYSOXGAT,0,0.0018442531798093843,regressor_model_2.pkl
NDP8,0,0.0,regressor_model_2.pkl
TALA,1,0.01787772147556552,regressor_model_2.pkl
URO_c,0,0.0,regressor_model_2.pkl
PGI,0,0.0,regressor_model_2.pkl
ICL,1,0.06978066099826481,regressor_model_2.pkl
PSCVT_copy1,0,0.0,regressor_model_2.pkl
PGK,0,0.0,regressor_model_2.pkl
HDH,0,0.0,regressor_model_2.pkl
ALDD1,0,0.0,regressor_model_2.pkl
FE3DCITCH,1,0.0,regressor_model_2.pkl
AGPOP,0,0.0,regressor_model_2.pkl
PRAIi_copy2,1,0.0,regressor_model_2.pkl
CBMKr,0,0.0,regressor_model_2.pkl
1PPDCRc,1,0.0,regressor_model_2.pkl
GAPDi_nadp,0,0.0,regressor_model_2.pkl
FE3PYOVDL,0,0.0,regressor_model_2.pkl
PGM,0,0.0,regressor_model_2.pkl
PMANM,0,0.0,regressor_model_2.pkl
ILETA,0,0.0,regressor_model_2.pkl
LEUTA,0,0.0,regressor_model_2.pkl
R15BPK,0,0.0,regressor_model_2.pkl
LYSRC,0,0.0,regressor_model_2.pkl
OXOADLR,0,0.0,regressor_model_2.pkl
TRPS3,0,0.0,regressor_model_2.pkl
H2CO3D,1,0.0,regressor_model_2.pkl
SERAT_copy2,0,0.0,regressor_model_2.pkl
HSK,0,0.0,regressor_model_2.pkl
PPNDH,0,0.0,regressor_model_2.pkl
PSCVT_copy2,0,0.0016842624364291929,regressor_model_2.pkl
G5SD_copy2,0,0.0,regressor_model_2.pkl
ADK1,0,0.0,regressor_model_2.pkl
NTD4,0,0.0,regressor_model_2.pkl
PHETHPTOX3,1,0.0,regressor_model_2.pkl
ALATA_L,0,0.0,regressor_model_2.pkl
MEPCT_1,0,0.0,regressor_model_2.pkl
PDH,0,0.0,regressor_model_2.pkl
MALS,1,0.0,regressor_model_2.pkl
ANHMK,0,0.0,regressor_model_2.pkl
RECOAH7,0,0.0,regressor_model_2.pkl
GLUDxi,0,0.0,regressor_model_2.pkl
TRPS1_copy2,0,0.0,regressor_model_2.pkl
ALLTN,0,0.0,regressor_model_2.pkl
NDPK5,1,0.0023433033233217094,regressor_model_2.pkl
HISTD,0,0.0,regressor_model_2.pkl
ME2,0,0.0,regressor_model_2.pkl
GLXCL,0,0.0,regressor_model_2.pkl
PRPPS,0,0.0,regressor_model_2.pkl
URIH,0,0.0,regressor_model_2.pkl
PPCK,0,0.0016967627756472538,regressor_model_2.pkl
ALAR,0,-0.06592679535052398,regressor_model_2.pkl
HPYRI,0,0.0,regressor_model_2.pkl
PRAIi_copy1,0,0.0,regressor_model_2.pkl
CSPMDDH,0,0.002767131496234539,regressor_model_2.pkl
MAN1PT2,1,0.0,regressor_model_2.pkl
HCO3E,0,0.001352652221690917,regressor_model_2.pkl
DHAD1_copy1,0,0.0,regressor_model_2.pkl
APPAT,0,0.0,regressor_model_2.pkl
ADPT,0,0.0,regressor_model_2.pkl
PRASCSi_copy2,0,0.0007686392929234231,regressor_model_2.pkl
CBPS,0,0.0,regressor_model_2.pkl
FRDO7r,1,0.0,regressor_model_2.pkl
TRSARr,0,0.0,regressor_model_2.pkl
G5SD_copy1,0,0.0,regressor_model_2.pkl
GLNS_copy2,0,0.0,regressor_model_2.pkl
FRDO6r,0,0.0,regressor_model_2.pkl
MDH,0,0.0,regressor_model_2.pkl
PPM,0,0.0,regressor_model_2.pkl
PTRCTA2,1,0.0687760113134759,regressor_model_2.pkl
DMALRED,0,0.0,regressor_model_2.pkl
G3PD2,0,0.0,regressor_model_2.pkl
DLYSPYRAT,1,0.0,regressor_model_2.pkl
DHSKDH,0,0.0,regressor_model_2.pkl
VALDHr,1,0.0,regressor_model_2.pkl
MEPCT,0,0.0,regressor_model_2.pkl
LSERDHr,0,0.0,regressor_model_2.pkl
G6PDH2r,0,0.0,regressor_model_2.pkl
DHQTi_copy1,0,0.0,regressor_model_2.pkl
DHQTi_copy2,0,0.0018829216461319414,regressor_model_2.pkl
HPYRRx,0,0.0,regressor_model_2.pkl
GLUDy,0,0.0,regressor_model_2.pkl
LTDCL,0,0.0,regressor_model_2.pkl
H2CO3D2,0,0.001788350181877054,regressor_model_2.pkl
GAPD,0,0.0,regressor_model_2.pkl
SSALy,0,0.0,regressor_model_2.pkl
GLYCTO1,0,0.0,regressor_model_2.pkl
ACS,0,0.0,regressor_model_2.pkl
PDHa,1,0.0,regressor_model_2.pkl
HEPCT,0,0.0,regressor_model_2.pkl
SERAT_copy1,0,0.0,regressor_model_2.pkl
VALTA,0,0.0,regressor_model_2.pkl
SUCOAS,0,0.0,regressor_model_2.pkl
FRDO4r,0,0.0,regressor_model_2.pkl
GLNS_copy1,0,0.0,regressor_model_2.pkl
ILEDHr_1,0,0.0,regressor_model_2.pkl
ENO,0,0.0,regressor_model_2.pkl
RBK,0,0.0,regressor_model_2.pkl
ALATRS,0,0.0,regressor_model_2.pkl
PTPATi,0,0.0,regressor_model_2.pkl
FDH,0,0.0,regressor_model_2.pkl
NDPK3,0,0.0,regressor_model_2.pkl
DHAD1_copy2,0,0.0,regressor_model_2.pkl
PHETA1,0,0.0,regressor_model_2.pkl
FALDM,0,0.0,regressor_model_2.pkl
PPND,0,0.009348337817166888,regressor_model_2.pkl
PPK,0,0.0,regressor_model_2.pkl
PPA,0,0.0,regressor_model_2.pkl
PRASCSi_copy1,0,0.0,regressor_model_2.pkl
AROH,0,0.0,regressor_model_2.pkl
GLUSy,0,0.0,regressor_model_2.pkl
GLYALDDr,1,0.0,regressor_model_2.pkl
LLEUDr,1,0.0,regressor_model_2.pkl
AGMDA,0,0.0,regressor_model_2.pkl
GLYCK,0,0.0,regressor_model_2.pkl
FE3DCITR,0,0.0,regressor_model_2.pkl
TRPS1_copy1,0,0.0,regressor_model_2.pkl
AKGDH,1,0.06315188542070313,regressor_model_2.pkl
IDPh_1,0,0.0,regressor_model_2.pkl
DLYSOXGAT,0,0.0,regressor_model_2.pkl
NDP8,0,0.0,regressor_model_2.pkl
TALA,1,0.03648373906352718,regressor_model_2.pkl
URO_c,0,0.0,regressor_model_2.pkl
PGI,0,0.0,regressor_model_2.pkl
ICL,1,0.09299885578050593,regressor_model_2.pkl
PSCVT_copy1,0,0.0021247843527014113,regressor_model_2.pkl
PGK,0,0.0,regressor_model_2.pkl
HDH,1,0.0,regressor_model_2.pkl
ALDD1,0,0.0,regressor_model_2.pkl
FE3DCITCH,1,0.0,regressor_model_2.pkl
AGPOP,0,0.0,regressor_model_2.pkl
PRAIi_copy2,1,0.0,regressor_model_2.pkl
CBMKr,0,0.0,regressor_model_2.pkl
1PPDCRc,0,0.0,regressor_model_2.pkl
GAPDi_nadp,0,0.0,regressor_model_2.pkl
FE3PYOVDL,0,0.0,regressor_model_2.pkl
PGM,0,0.0,regressor_model_2.pkl
PMANM,0,0.0,regressor_model_2.pkl
ILETA,0,0.0,regressor_model_2.pkl
LEUTA,0,0.0,regressor_model_2.pkl
R15BPK,0,0.0,regressor_model_2.pkl
LYSRC,0,0.0,regressor_model_2.pkl
OXOADLR,0,0.0,regressor_model_2.pkl
TRPS3,0,0.0,regressor_model_2.pkl
H2CO3D,0,0.0,regressor_model_2.pkl
SERAT_copy2,0,0.0029877448570578735,regressor_model_2.pkl
HSK,0,0.0,regressor_model_2.pkl
PPNDH,1,0.0,regressor_model_2.pkl
PSCVT_copy2,0,0.0,regressor_model_2.pkl
G5SD_copy2,0,0.0,regressor_model_2.pkl
ADK1,0,0.0,regressor_model_2.pkl
NTD4,0,0.0,regressor_model_2.pkl
PHETHPTOX3,0,0.0,regressor_model_2.pkl
ALATA_L,0,0.0,regressor_model_2.pkl
MEPCT_1,0,0.0,regressor_model_2.pkl
PDH,0,0.0,regressor_model_2.pkl
MALS,0,0.0,regressor_model_2.pkl
ANHMK,1,0.0,regressor_model_2.pkl
RECOAH7,0,0.0,regressor_model_2.pkl
GLUDxi,1,0.0,regressor_model_2.pkl
TRPS1_copy2,0,0.0,regressor_model_2.pkl
ALLTN,0,0.0,regressor_model_2.pkl
NDPK5,1,0.0,regressor_model_2.pkl
HISTD,0,0.001501641775990098,regressor_model_2.pkl
ME2,0,0.0,regressor_model_2.pkl
GLXCL,0,0.0,regressor_model_2.pkl
PRPPS,0,0.0,regressor_model_2.pkl
URIH,0,0.0,regressor_model_2.pkl
PPCK,0,0.0027875792025602803,regressor_model_2.pkl
ALAR,0,0.002253298242205183,regressor_model_2.pkl
HPYRI,0,0.0,regressor_model_2.pkl
PRAIi_copy1,0,0.0,regressor_model_2.pkl
CSPMDDH,0,0.0,regressor_model_2.pkl
MAN1PT2,0,0.0,regressor_model_2.pkl
HCO3E,0,0.0,regressor_model_2.pkl
DHAD1_copy1,0,0.0,regressor_model_2.pkl
APPAT,0,0.0,regressor_model_2.pkl
ADPT,0,0.0,regressor_model_2.pkl
PRASCSi_copy2,0,0.0,regressor_model_2.pkl
CBPS,0,0.0,regressor_model_2.pkl
FRDO7r,0,0.0027209747353048597,regressor_model_2.pkl
TRSARr,0,0.0,regressor_model_2.pkl
G5SD_copy1,0,0.0,regressor_model_2.pkl
GLNS_copy2,0,0.0,regressor_model_2.pkl
FRDO6r,0,0.0,regressor_model_2.pkl
MDH,0,0.0,regressor_model_2.pkl
PPM,0,0.0,regressor_model_2.pkl
PTRCTA2,1,0.07333641694568035,regressor_model_2.pkl
DMALRED,0,0.0,regressor_model_2.pkl
G3PD2,0,0.0,regressor_model_2.pkl
DLYSPYRAT,1,0.001370008131044669,regressor_model_2.pkl
DHSKDH,0,0.0,regressor_model_2.pkl
VALDHr,1,0.0,regressor_model_2.pkl
MEPCT,0,0.0,regressor_model_2.pkl
LSERDHr,0,0.0,regressor_model_2.pkl
G6PDH2r,0,0.0019910513459814555,regressor_model_2.pkl
DHQTi_copy1,0,0.0,regressor_model_2.pkl
DHQTi_copy2,0,0.0,regressor_model_2.pkl
HPYRRx,0,0.0,regressor_model_2.pkl
GLUDy,0,0.0,regressor_model_2.pkl
LTDCL,1,0.0,regressor_model_2.pkl
H2CO3D2,1,0.0,regressor_model_2.pkl
GAPD,0,0.0,regressor_model_2.pkl
SSALy,0,0.0,regressor_model_2.pkl
GLYCTO1,0,0.0,regressor_model_2.pkl
ACS,0,0.0,regressor_model_2.pkl
PDHa,1,0.0,regressor_model_2.pkl
HEPCT,0,0.0,regressor_model_2.pkl
SERAT_copy1,0,0.0,regressor_model_2.pkl
VALTA,0,0.0,regressor_model_2.pkl
SUCOAS,0,0.0,regressor_model_2.pkl
FRDO4r,0,0.0,regressor_model_2.pkl
GLNS_copy1,0,0.0,regressor_model_2.pkl
ILEDHr_1,0,0.0,regressor_model_2.pkl
ENO,0,0.0,regressor_model_2.pkl
RBK,0,0.0,regressor_model_2.pkl
ALATRS,0,0.0,regressor_model_2.pkl
PTPATi,0,0.0,regressor_model_2.pkl
FDH,0,0.0,regressor_model_2.pkl
NDPK3,0,0.0,regressor_model_2.pkl
DHAD1_copy2,0,0.0,regressor_model_2.pkl
PHETA1,0,0.0,regressor_model_2.pkl
FALDM,0,0.0,regressor_model_2.pkl
PPND,0,0.009783812201222904,regressor_model_2.pkl
PPK,0,0.0,regressor_model_2.pkl
PPA,0,0.0,regressor_model_2.pkl
PRASCSi_copy1,0,0.0,regressor_model_2.pkl
AROH,0,0.0,regressor_model_2.pkl
GLUSy,1,0.0,regressor_model_2.pkl
GLYALDDr,0,0.0,regressor_model_2.pkl
LLEUDr,0,0.0021044655950013306,regressor_model_2.pkl
AGMDA,0,0.0,regressor_model_2.pkl
GLYCK,0,0.0,regressor_model_2.pkl
FE3DCITR,0,0.0,regressor_model_2.pkl
TRPS1_copy1,0,0.0,regressor_model_2.pkl
AKGDH,1,0.06126735435625005,regressor_model_2.pkl
IDPh_1,0,0.002024194870229151,regressor_model_2.pkl
DLYSOXGAT,0,0.0,regressor_model_2.pkl
NDP8,0,0.0,regressor_model_2.pkl
TALA,1,0.04117791954315437,regressor_model_2.pkl
URO_c,0,0.0,regressor_model_2.pkl
PGI,0,0.0,regressor_model_2.pkl
ICL,1,0.09488108966961326,regressor_model_2.pkl
PSCVT_copy1,0,0.0,regressor_model_2.pkl
PGK,0,0.0029643082797190185,regressor_model_2.pkl
HDH,1,0.0,regressor_model_2.pkl
ALDD1,0,0.0,regressor_model_2.pkl
FE3DCITCH,1,0.0,regressor_model_2.pkl
AGPOP,0,0.0,regressor_model_2.pkl
PRAIi_copy2,1,0.0,regressor_model_2.pkl
CBMKr,0,0.0,regressor_model_2.pkl
1PPDCRc,0,0.0,regressor_model_2.pkl
GAPDi_nadp,0,0.0,regressor_model_2.pkl
FE3PYOVDL,0,0.0,regressor_model_2.pkl
PGM,0,0.0,regressor_model_2.pkl
PMANM,0,0.0,regressor_model_2.pkl
ILETA,0,0.0,regressor_model_2.pkl
LEUTA,0,0.0,regressor_model_2.pkl
R15BPK,0,0.0,regressor_model_2.pkl
LYSRC,0,0.0,regressor_model_2.pkl
OXOADLR,0,0.0,regressor_model_2.pkl
TRPS3,0,0.0,regressor_model_2.pkl
H2CO3D,0,0.0,regressor_model_2.pkl
SERAT_copy2,0,0.0,regressor_model_2.pkl
HSK,0,0.0,regressor_model_2.pkl
PPNDH,1,0.0,regressor_model_2.pkl
PSCVT_copy2,0,0.0,regressor_model_2.pkl
G5SD_copy2,0,0.0,regressor_model_2.pkl
ADK1,0,0.0,regressor_model_2.pkl
NTD4,0,0.0,regressor_model_2.pkl
PHETHPTOX3,1,0.0,regressor_model_2.pkl
ALATA_L,0,0.0,regressor_model_2.pkl
MEPCT_1,0,0.0,regressor_model_2.pkl
PDH,0,0.0,regressor_model_2.pkl
MALS,0,0.0,regressor_model_2.pkl
ANHMK,0,0.0,regressor_model_2.pkl
RECOAH7,0,0.0,regressor_model_2.pkl
GLUDxi,0,0.0,regressor_model_2.pkl
TRPS1_copy2,0,0.0,regressor_model_2.pkl
ALLTN,0,0.0,regressor_model_2.pkl
NDPK5,1,0.0,regressor_model_2.pkl
HISTD,0,0.0,regressor_model_2.pkl
ME2,0,0.0,regressor_model_2.pkl
GLXCL,0,0.0,regressor_model_2.pkl
PRPPS,0,0.0,regressor_model_2.pkl
URIH,0,0.002812778728332289,regressor_model_2.pkl
PPCK,0,0.003014353767795231,regressor_model_2.pkl
ALAR,0,0.0030829530026460494,regressor_model_2.pkl
HPYRI,0,0.0,regressor_model_2.pkl
PRAIi_copy1,0,0.0,regressor_model_2.pkl
CSPMDDH,0,0.0,regressor_model_2.pkl
MAN1PT2,1,0.0,regressor_model_2.pkl
HCO3E,0,0.0,regressor_model_2.pkl
DHAD1_copy1,0,0.0,regressor_model_2.pkl
APPAT,0,0.0,regressor_model_2.pkl
ADPT,0,0.0,regressor_model_2.pkl
PRASCSi_copy2,0,0.0,regressor_model_2.pkl
CBPS,0,0.0,regressor_model_2.pkl
FRDO7r,0,0.0,regressor_model_2.pkl
TRSARr,0,0.0,regressor_model_2.pkl
G5SD_copy1,0,0.0,regressor_model_2.pkl
GLNS_copy2,0,0.0,regressor_model_2.pkl
FRDO6r,0,0.0,regressor_model_2.pkl
MDH,0,0.0,regressor_model_2.pkl
PPM,0,0.0,regressor_model_2.pkl
PTRCTA2,1,0.03222861795330786,regressor_model_2.pkl
DMALRED,0,0.0,regressor_model_2.pkl
G3PD2,0,0.0,regressor_model_2.pkl
DLYSPYRAT,1,0.0,regressor_model_2.pkl
DHSKDH,0,0.0,regressor_model_2.pkl
VALDHr,1,0.0,regressor_model_2.pkl
MEPCT,0,0.0,regressor_model_2.pkl
LSERDHr,0,0.0,regressor_model_2.pkl
G6PDH2r,0,0.0,regressor_model_2.pkl
DHQTi_copy1,0,0.0,regressor_model_2.pkl
DHQTi_copy2,0,0.0,regressor_model_2.pkl
HPYRRx,0,0.0,regressor_model_2.pkl
GLUDy,0,0.0,regressor_model_2.pkl
LTDCL,1,0.0,regressor_model_2.pkl
H2CO3D2,0,0.0,regressor_model_2.pkl
GAPD,0,0.0,regressor_model_2.pkl
SSALy,0,0.020131400108180837,regressor_model_2.pkl
GLYCTO1,0,0.0,regressor_model_2.pkl
ACS,0,0.0,regressor_model_2.pkl
PDHa,0,0.0,regressor_model_2.pkl
HEPCT,0,0.0,regressor_model_2.pkl
SERAT_copy1,0,0.0,regressor_model_2.pkl
VALTA,0,0.0,regressor_model_2.pkl
SUCOAS,0,0.0,regressor_model_2.pkl
FRDO4r,0,0.0,regressor_model_2.pkl
GLNS_copy1,1,0.0,regressor_model_2.pkl
ILEDHr_1,0,0.0,regressor_model_2.pkl
ENO,0,0.0,regressor_model_2.pkl
RBK,0,0.0,regressor_model_2.pkl
ALATRS,0,0.0,regressor_model_2.pkl
PTPATi,0,0.0,regressor_model_2.pkl
FDH,0,0.0,regressor_model_2.pkl
NDPK3,0,0.0,regressor_model_2.pkl
DHAD1_copy2,0,0.0,regressor_model_2.pkl
PHETA1,0,0.0,regressor_model_2.pkl
FALDM,0,0.0,regressor_model_2.pkl
PPND,0,0.0084511104707167,regressor_model_2.pkl
PPK,0,0.0,regressor_model_2.pkl
PPA,0,0.0,regressor_model_2.pkl
PRASCSi_copy1,0,0.0,regressor_model_2.pkl
AROH,0,0.0,regressor_model_2.pkl
GLUSy,0,0.0,regressor_model_2.pkl
GLYALDDr,0,0.0,regressor_model_2.pkl
LLEUDr,0,0.0,regressor_model_2.pkl
AGMDA,0,0.0,regressor_model_2.pkl
GLYCK,0,0.0,regressor_model_2.pkl
FE3DCITR,0,0.0,regressor_model_2.pkl
TRPS1_copy1,0,0.0,regressor_model_2.pkl
AKGDH,1,0.07010119477680517,regressor_model_2.pkl
IDPh_1,0,0.0,regressor_model_2.pkl
DLYSOXGAT,0,0.0,regressor_model_2.pkl
NDP8,0,0.0,regressor_model_2.pkl
TALA,1,0.04087875596575604,regressor_model_2.pkl
URO_c,0,0.0,regressor_model_2.pkl
PGI,0,0.0,regressor_model_2.pkl
ICL,1,0.10556910605132468,regressor_model_2.pkl
PSCVT_copy1,0,0.0,regressor_model_2.pkl
PGK,0,0.0,regressor_model_2.pkl
HDH,1,0.0,regressor_model_2.pkl
ALDD1,0,0.0,regressor_model_2.pkl
FE3DCITCH,1,0.0,regressor_model_2.pkl
AGPOP,0,0.0,regressor_model_2.pkl
PRAIi_copy2,0,0.0,regressor_model_2.pkl
CBMKr,0,0.0,regressor_model_2.pkl
1PPDCRc,0,0.0,regressor_model_2.pkl
GAPDi_nadp,0,0.0,regressor_model_2.pkl
FE3PYOVDL,0,0.00369624875180435,regressor_model_2.pkl
PGM,0,0.0,regressor_model_2.pkl
PMANM,0,0.0,regressor_model_2.pkl
ILETA,0,0.0,regressor_model_2.pkl
LEUTA,0,0.0,regressor_model_2.pkl
R15BPK,0,0.0,regressor_model_2.pkl
LYSRC,0,0.0,regressor_model_2.pkl
OXOADLR,0,0.0,regressor_model_2.pkl
TRPS3,0,0.0,regressor_model_2.pkl
H2CO3D,0,0.0,regressor_model_2.pkl
SERAT_copy2,0,0.0,regressor_model_2.pkl
HSK,0,0.0,regressor_model_2.pkl
PPNDH,1,0.0,regressor_model_2.pkl
PSCVT_copy2,0,0.0,regressor_model_2.pkl
G5SD_copy2,0,0.0,regressor_model_2.pkl
ADK1,0,0.0,regressor_model_2.pkl
NTD4,0,0.0,regressor_model_2.pkl
PHETHPTOX3,0,0.0,regressor_model_2.pkl
ALATA_L,0,0.0,regressor_model_2.pkl
MEPCT_1,0,0.0,regressor_model_2.pkl
PDH,0,0.0,regressor_model_2.pkl
MALS,0,0.0,regressor_model_2.pkl
ANHMK,0,0.0,regressor_model_2.pkl
RECOAH7,0,0.0,regressor_model_2.pkl
GLUDxi,0,0.0,regressor_model_2.pkl
TRPS1_copy2,0,0.0,regressor_model_2.pkl
ALLTN,0,0.0,regressor_model_2.pkl
NDPK5,1,0.0,regressor_model_2.pkl
HISTD,0,0.0,regressor_model_2.pkl
ME2,0,0.0,regressor_model_2.pkl
GLXCL,0,0.0,regressor_model_2.pkl
PRPPS,0,0.0,regressor_model_2.pkl
URIH,0,0.0,regressor_model_2.pkl
PPCK,0,0.0039198857347327665,regressor_model_2.pkl
ALAR,0,0.004806311197224744,regressor_model_2.pkl
HPYRI,0,0.0,regressor_model_2.pkl
PRAIi_copy1,1,0.0,regressor_model_2.pkl
CSPMDDH,0,0.0,regressor_model_2.pkl
MAN1PT2,1,0.0,regressor_model_2.pkl
HCO3E,0,0.0,regressor_model_2.pkl
DHAD1_copy1,0,0.0,regressor_model_2.pkl
APPAT,0,0.0,regressor_model_2.pkl
ADPT,0,0.0,regressor_model_2.pkl
PRASCSi_copy2,0,0.0,regressor_model_2.pkl
CBPS,0,0.0,regressor_model_2.pkl
FRDO7r,0,0.0,regressor_model_2.pkl
TRSARr,0,0.0,regressor_model_2.pkl
G5SD_copy1,0,0.0,regressor_model_2.pkl
GLNS_copy2,0,0.0,regressor_model_2.pkl
FRDO6r,0,0.0,regressor_model_2.pkl
MDH,0,0.0,regressor_model_2.pkl
PPM,0,0.0,regressor_model_2.pkl
PTRCTA2,1,0.03405557356190629,regressor_model_2.pkl
DMALRED,0,0.0,regressor_model_2.pkl
G3PD2,0,0.0,regressor_model_2.pkl
DLYSPYRAT,0,0.0,regressor_model_2.pkl
DHSKDH,0,0.0,regressor_model_2.pkl
VALDHr,1,0.0,regressor_model_2.pkl
MEPCT,0,0.0015051604886737462,regressor_model_2.pkl
LSERDHr,0,0.0,regressor_model_2.pkl
G6PDH2r,0,0.0,regressor_model_2.pkl
DHQTi_copy1,0,0.0,regressor_model_2.pkl
DHQTi_copy2,0,0.0,regressor_model_2.pkl
HPYRRx,0,0.0,regressor_model_2.pkl
GLUDy,0,0.0,regressor_model_2.pkl
LTDCL,0,0.0,regressor_model_2.pkl
H2CO3D2,0,0.0,regressor_model_2.pkl
GAPD,0,0.0,regressor_model_2.pkl
SSALy,0,0.01860602059161094,regressor_model_2.pkl
GLYCTO1,0,0.0,regressor_model_2.pkl
ACS,0,0.0,regressor_model_2.pkl
PDHa,1,0.0,regressor_model_2.pkl
HEPCT,0,0.0,regressor_model_2.pkl
SERAT_copy1,0,0.0,regressor_model_2.pkl
VALTA,0,0.0,regressor_model_2.pkl
SUCOAS,0,0.0,regressor_model_2.pkl
FRDO4r,0,0.0,regressor_model_2.pkl
GLNS_copy1,1,0.0,regressor_model_2.pkl
ILEDHr_1,0,0.0,regressor_model_2.pkl
ENO,0,0.0,regressor_model_2.pkl
RBK,0,0.0,regressor_model_2.pkl
ALATRS,0,0.0,regressor_model_2.pkl
PTPATi,0,0.0,regressor_model_2.pkl
FDH,0,0.0,regressor_model_2.pkl
NDPK3,0,0.0,regressor_model_2.pkl
DHAD1_copy2,0,0.0,regressor_model_2.pkl
PHETA1,0,0.0,regressor_model_2.pkl
FALDM,0,0.0,regressor_model_2.pkl
PPND,0,0.008634821097488454,regressor_model_2.pkl
PPK,0,0.0,regressor_model_2.pkl
PPA,0,0.0,regressor_model_2.pkl
PRASCSi_copy1,0,0.0,regressor_model_2.pkl
AROH,0,0.0,regressor_model_2.pkl
GLUSy,0,0.0,regressor_model_2.pkl
GLYALDDr,0,0.0,regressor_model_2.pkl
LLEUDr,0,0.0,regressor_model_2.pkl
AGMDA,0,0.0,regressor_model_2.pkl
GLYCK,1,0.0,regressor_model_2.pkl
FE3DCITR,0,0.0015064137396055826,regressor_model_2.pkl
TRPS1_copy1,0,0.0,regressor_model_2.pkl
AKGDH,1,0.0689491328608156,regressor_model_2.pkl
IDPh_1,0,0.0,regressor_model_2.pkl
DLYSOXGAT,0,0.0,regressor_model_2.pkl
NDP8,0,0.0,regressor_model_2.pkl
TALA,1,0.0406828308967108,regressor_model_2.pkl
URO_c,0,0.0,regressor_model_2.pkl
PGI,0,0.0,regressor_model_2.pkl
ICL,1,0.10196254786069214,regressor_model_2.pkl
PSCVT_copy1,0,0.0,regressor_model_2.pkl
PGK,0,0.002117916606149871,regressor_model_2.pkl
HDH,0,0.0,regressor_model_2.pkl
ALDD1,0,0.0,regressor_model_2.pkl
FE3DCITCH,1,0.0,regressor_model_2.pkl
AGPOP,0,0.0,regressor_model_2.pkl
PRAIi_copy2,1,0.0015891363978691997,regressor_model_2.pkl
CBMKr,0,0.0,regressor_model_2.pkl
1PPDCRc,0,0.0,regressor_model_2.pkl
GAPDi_nadp,0,0.0,regressor_model_2.pkl
FE3PYOVDL,0,0.0,regressor_model_2.pkl
PGM,0,0.0,regressor_model_2.pkl
PMANM,0,0.0,regressor_model_2.pkl
ILETA,0,0.0,regressor_model_2.pkl
LEUTA,0,0.0,regressor_model_2.pkl
R15BPK,0,0.0,regressor_model_2.pkl
LYSRC,0,0.0,regressor_model_2.pkl
OXOADLR,1,0.0,regressor_model_2.pkl
TRPS3,0,0.0013689135202534306,regressor_model_2.pkl
H2CO3D,0,0.0,regressor_model_2.pkl
SERAT_copy2,0,0.0,regressor_model_2.pkl
HSK,0,0.0,regressor_model_2.pkl
PPNDH,0,0.0,regressor_model_2.pkl
PSCVT_copy2,0,0.0,regressor_model_2.pkl
G5SD_copy2,0,0.0,regressor_model_2.pkl
ADK1,0,0.0,regressor_model_2.pkl
NTD4,0,0.0,regressor_model_2.pkl
PHETHPTOX3,1,0.0,regressor_model_2.pkl
ALATA_L,0,0.0,regressor_model_2.pkl
MEPCT_1,0,0.0,regressor_model_2.pkl
PDH,0,0.0,regressor_model_2.pkl
MALS,0,0.0,regressor_model_2.pkl
ANHMK,0,0.0,regressor_model_2.pkl
RECOAH7,0,0.0,regressor_model_2.pkl
GLUDxi,0,0.0,regressor_model_2.pkl
TRPS1_copy2,0,0.0,regressor_model_2.pkl
ALLTN,0,0.0,regressor_model_2.pkl
NDPK5,0,0.0,regressor_model_2.pkl
HISTD,0,0.0,regressor_model_2.pkl
ME2,0,0.0,regressor_model_2.pkl
GLXCL,0,0.0,regressor_model_2.pkl
PRPPS,0,0.0,regressor_model_2.pkl
URIH,0,0.0,regressor_model_2.pkl
PPCK,0,0.00460716132238111,regressor_model_2.pkl
ALAR,0,0.0036489210998732462,regressor_model_2.pkl
HPYRI,0,0.0017439236822794127,regressor_model_2.pkl
PRAIi_copy1,0,0.0,regressor_model_2.pkl
CSPMDDH,0,0.0,regressor_model_2.pkl
MAN1PT2,0,0.0,regressor_model_2.pkl
HCO3E,0,0.0,regressor_model_2.pkl
DHAD1_copy1,0,0.0,regressor_model_2.pkl
APPAT,0,0.0,regressor_model_2.pkl
ADPT,0,0.0,regressor_model_2.pkl
PRASCSi_copy2,0,0.0,regressor_model_2.pkl
CBPS,0,0.0,regressor_model_2.pkl
FRDO7r,0,0.001322775762914452,regressor_model_2.pkl
TRSARr,0,0.0,regressor_model_2.pkl
G5SD_copy1,0,0.0,regressor_model_2.pkl
GLNS_copy2,0,0.0,regressor_model_2.pkl
FRDO6r,0,0.0,regressor_model_2.pkl
MDH,0,0.0,regressor_model_2.pkl
PPM,0,0.0,regressor_model_2.pkl
PTRCTA2,1,0.0641372192551775,regressor_model_2.pkl
DMALRED,0,0.0,regressor_model_2.pkl
G3PD2,0,0.0,regressor_model_2.pkl
DLYSPYRAT,1,0.0,regressor_model_2.pkl
DHSKDH,0,0.0009614211643943629,regressor_model_2.pkl
VALDHr,1,0.0,regressor_model_2.pkl
MEPCT,0,0.0,regressor_model_2.pkl
LSERDHr,0,0.0,regressor_model_2.pkl
G6PDH2r,0,0.0,regressor_model_2.pkl
DHQTi_copy1,0,0.0,regressor_model_2.pkl
DHQTi_copy2,0,0.0,regressor_model_2.pkl
HPYRRx,0,0.0,regressor_model_2.pkl
GLUDy,0,0.0,regressor_model_2.pkl
LTDCL,1,0.0,regressor_model_2.pkl
H2CO3D2,0,0.0,regressor_model_2.pkl
GAPD,0,0.0,regressor_model_2.pkl
SSALy,1,0.0,regressor_model_2.pkl
GLYCTO1,0,0.0,regressor_model_2.pkl
ACS,0,0.0,regressor_model_2.pkl
PDHa,1,0.0,regressor_model_2.pkl
HEPCT,0,0.0,regressor_model_2.pkl
SERAT_copy1,0,0.0,regressor_model_2.pkl
VALTA,0,0.0,regressor_model_2.pkl
SUCOAS,0,0.0,regressor_model_2.pkl
FRDO4r,0,0.0,regressor_model_2.pkl
GLNS_copy1,1,0.0,regressor_model_2.pkl
ILEDHr_1,0,0.0,regressor_model_2.pkl
ENO,0,0.0,regressor_model_2.pkl
RBK,0,0.0,regressor_model_2.pkl
ALATRS,0,0.0,regressor_model_2.pkl
PTPATi,0,0.0,regressor_model_2.pkl
FDH,0,0.0,regressor_model_2.pkl
NDPK3,0,0.0,regressor_model_2.pkl
DHAD1_copy2,0,0.0,regressor_model_2.pkl
PHETA1,0,0.0,regressor_model_2.pkl
FALDM,0,0.0,regressor_model_2.pkl
PPND,0,0.00664648596264024,regressor_model_2.pkl
PPK,0,0.0,regressor_model_2.pkl
PPA,0,0.0,regressor_model_2.pkl
PRASCSi_copy1,0,0.0,regressor_model_2.pkl
AROH,0,0.0,regressor_model_2.pkl
GLUSy,1,0.0,regressor_model_2.pkl
GLYALDDr,0,0.0,regressor_model_2.pkl
LLEUDr,0,0.0,regressor_model_2.pkl
AGMDA,0,0.0,regressor_model_2.pkl
GLYCK,0,0.0,regressor_model_2.pkl
FE3DCITR,0,0.0,regressor_model_2.pkl
TRPS1_copy1,0,0.0,regressor_model_2.pkl
AKGDH,1,0.05429157026761481,regressor_model_2.pkl
IDPh_1,0,0.0,regressor_model_2.pkl
DLYSOXGAT,0,0.0,regressor_model_2.pkl
NDP8,0,0.0,regressor_model_2.pkl
TALA,1,0.04484078815679212,regressor_model_2.pkl
URO_c,0,0.0,regressor_model_2.pkl
PGI,0,0.0,regressor_model_2.pkl
ICL,1,0.07842323133022652,regressor_model_2.pkl
PSCVT_copy1,0,0.0,regressor_model_2.pkl
PGK,0,0.002368221356664536,regressor_model_2.pkl
HDH,1,0.0,regressor_model_2.pkl
ALDD1,0,0.0,regressor_model_2.pkl
FE3DCITCH,1,0.0,regressor_model_2.pkl
AGPOP,0,0.0,regressor_model_2.pkl
PRAIi_copy2,1,0.0,regressor_model_2.pkl
CBMKr,0,0.0,regressor_model_2.pkl
1PPDCRc,0,-0.029211785662817853,regressor_model_2.pkl
GAPDi_nadp,0,0.0,regressor_model_2.pkl
FE3PYOVDL,0,0.0,regressor_model_2.pkl
PGM,0,0.0,regressor_model_2.pkl
PMANM,0,0.0,regressor_model_2.pkl
ILETA,0,0.0,regressor_model_2.pkl
LEUTA,0,0.0,regressor_model_2.pkl
R15BPK,0,0.0,regressor_model_2.pkl
LYSRC,0,0.0,regressor_model_2.pkl
OXOADLR,1,0.0,regressor_model_2.pkl
TRPS3,0,0.0,regressor_model_2.pkl
H2CO3D,0,0.0,regressor_model_2.pkl
SERAT_copy2,0,0.0,regressor_model_2.pkl
HSK,0,0.0,regressor_model_2.pkl
PPNDH,0,0.0,regressor_model_2.pkl
PSCVT_copy2,1,0.0,regressor_model_2.pkl
G5SD_copy2,0,0.0,regressor_model_2.pkl
ADK1,0,0.0,regressor_model_2.pkl
NTD4,0,0.0,regressor_model_2.pkl
PHETHPTOX3,0,0.0,regressor_model_2.pkl
ALATA_L,0,0.0,regressor_model_2.pkl
MEPCT_1,0,0.0,regressor_model_2.pkl
PDH,0,0.0,regressor_model_2.pkl
MALS,0,0.0021380824715031346,regressor_model_2.pkl
ANHMK,0,0.0,regressor_model_2.pkl
RECOAH7,0,0.0,regressor_model_2.pkl
GLUDxi,0,0.0,regressor_model_2.pkl
TRPS1_copy2,0,0.0,regressor_model_2.pkl
ALLTN,0,0.0,regressor_model_2.pkl
NDPK5,0,0.0,regressor_model_2.pkl
HISTD,0,0.001487897767713667,regressor_model_2.pkl
ME2,0,0.0,regressor_model_2.pkl
GLXCL,0,0.0,regressor_model_2.pkl
PRPPS,0,0.0,regressor_model_2.pkl
URIH,0,0.0,regressor_model_2.pkl
PPCK,0,0.004505794662667123,regressor_model_2.pkl
ALAR,0,0.0,regressor_model_2.pkl
HPYRI,0,0.0,regressor_model_2.pkl
PRAIi_copy1,0,0.0,regressor_model_2.pkl
CSPMDDH,0,0.0,regressor_model_2.pkl
MAN1PT2,1,0.0,regressor_model_2.pkl
HCO3E,0,0.0,regressor_model_2.pkl
DHAD1_copy1,0,0.0,regressor_model_2.pkl
APPAT,0,0.0,regressor_model_2.pkl
ADPT,0,0.0,regressor_model_2.pkl
PRASCSi_copy2,0,0.0,regressor_model_2.pkl
CBPS,0,0.0,regressor_model_2.pkl
FRDO7r,0,0.0,regressor_model_2.pkl
TRSARr,0,0.0,regressor_model_2.pkl
G5SD_copy1,0,0.0,regressor_model_2.pkl
GLNS_copy2,0,0.0,regressor_model_2.pkl
FRDO6r,0,0.0,regressor_model_2.pkl
MDH,0,0.0,regressor_model_2.pkl
PPM,0,0.0,regressor_model_2.pkl
PTRCTA2,1,0.026540611658318034,regressor_model_2.pkl
DMALRED,0,0.0,regressor_model_2.pkl
G3PD2,0,0.0,regressor_model_2.pkl
DLYSPYRAT,0,0.0,regressor_model_2.pkl
DHSKDH,0,0.0,regressor_model_2.pkl
VALDHr,1,0.0,regressor_model_2.pkl
MEPCT,0,0.0,regressor_model_2.pkl
LSERDHr,0,0.0,regressor_model_2.pkl
G6PDH2r,0,0.0,regressor_model_2.pkl
DHQTi_copy1,0,0.0,regressor_model_2.pkl
DHQTi_copy2,0,0.0,regressor_model_2.pkl
HPYRRx,0,0.0,regressor_model_2.pkl
GLUDy,0,0.0,regressor_model_2.pkl
LTDCL,1,0.0,regressor_model_2.pkl
H2CO3D2,0,0.0,regressor_model_2.pkl
GAPD,0,0.0,regressor_model_2.pkl
SSALy,1,0.01957146379205055,regressor_model_2.pkl
GLYCTO1,0,0.0026886189082431415,regressor_model_2.pkl
ACS,0,0.0,regressor_model_2.pkl
PDHa,0,0.0,regressor_model_2.pkl
HEPCT,0,0.0,regressor_model_2.pkl
SERAT_copy1,0,0.0,regressor_model_2.pkl
VALTA,0,0.0,regressor_model_2.pkl
SUCOAS,0,0.0,regressor_model_2.pkl
FRDO4r,0,0.0,regressor_model_2.pkl
GLNS_copy1,1,0.0,regressor_model_2.pkl
ILEDHr_1,0,0.0,regressor_model_2.pkl
ENO,0,0.0,regressor_model_2.pkl
RBK,0,0.0,regressor_model_2.pkl
ALATRS,0,0.0,regressor_model_2.pkl
PTPATi,0,0.0,regressor_model_2.pkl
FDH,0,0.0,regressor_model_2.pkl
NDPK3,0,0.0,regressor_model_2.pkl
DHAD1_copy2,0,0.0,regressor_model_2.pkl
PHETA1,0,0.0,regressor_model_2.pkl
FALDM,0,0.0,regressor_model_2.pkl
PPND,0,0.007537659875109985,regressor_model_2.pkl
PPK,0,0.0,regressor_model_2.pkl
PPA,0,0.0,regressor_model_2.pkl
PRASCSi_copy1,0,0.0,regressor_model_2.pkl
AROH,0,0.0,regressor_model_2.pkl
GLUSy,0,0.0,regressor_model_2.pkl
GLYALDDr,0,0.0,regressor_model_2.pkl
LLEUDr,0,0.0025256874068497587,regressor_model_2.pkl
AGMDA,0,0.0,regressor_model_2.pkl
GLYCK,0,0.0,regressor_model_2.pkl
FE3DCITR,0,0.0,regressor_model_2.pkl
TRPS1_copy1,0,0.0,regressor_model_2.pkl
AKGDH,1,0.05972646646575876,regressor_model_2.pkl
IDPh_1,0,0.0,regressor_model_2.pkl
DLYSOXGAT,0,0.0,regressor_model_2.pkl
NDP8,0,0.0,regressor_model_2.pkl
TALA,1,0.046130031112940235,regressor_model_2.pkl
URO_c,0,0.0,regressor_model_2.pkl
PGI,0,0.0,regressor_model_2.pkl
ICL,1,0.09623153981523612,regressor_model_2.pkl
PSCVT_copy1,0,0.0,regressor_model_2.pkl
PGK,0,0.0,regressor_model_2.pkl
HDH,0,0.0,regressor_model_2.pkl
ALDD1,0,0.0,regressor_model_2.pkl
FE3DCITCH,1,0.0,regressor_model_2.pkl
AGPOP,0,0.0,regressor_model_2.pkl
PRAIi_copy2,1,0.0,regressor_model_2.pkl
CBMKr,0,0.0027256648752281023,regressor_model_2.pkl
1PPDCRc,0,0.0,regressor_model_2.pkl
GAPDi_nadp,0,0.0,regressor_model_2.pkl
FE3PYOVDL,0,0.0,regressor_model_2.pkl
PGM,0,0.0,regressor_model_2.pkl
PMANM,0,0.0,regressor_model_2.pkl
ILETA,0,0.0,regressor_model_2.pkl
LEUTA,1,0.0,regressor_model_2.pkl
R15BPK,0,0.0,regressor_model_2.pkl
LYSRC,0,0.0,regressor_model_2.pkl
OXOADLR,1,0.0,regressor_model_2.pkl
TRPS3,0,0.0,regressor_model_2.pkl
H2CO3D,0,0.0,regressor_model_2.pkl
SERAT_copy2,1,-0.01746583754751808,regressor_model_2.pkl
HSK,0,0.0,regressor_model_2.pkl
PPNDH,1,0.0,regressor_model_2.pkl
PSCVT_copy2,0,0.0,regressor_model_2.pkl
G5SD_copy2,0,0.0,regressor_model_2.pkl
ADK1,0,0.0,regressor_model_2.pkl
NTD4,0,0.0,regressor_model_2.pkl
PHETHPTOX3,0,0.0,regressor_model_2.pkl
ALATA_L,0,0.0,regressor_model_2.pkl
MEPCT_1,0,0.0,regressor_model_2.pkl
PDH,0,0.0,regressor_model_2.pkl
MALS,0,0.0,regressor_model_2.pkl
ANHMK,0,0.0,regressor_model_2.pkl
RECOAH7,0,0.0,regressor_model_2.pkl
GLUDxi,0,0.0,regressor_model_2.pkl
TRPS1_copy2,0,0.0,regressor_model_2.pkl
ALLTN,0,0.0,regressor_model_2.pkl
NDPK5,1,0.0,regressor_model_2.pkl
HISTD,0,0.0,regressor_model_2.pkl
ME2,0,0.0,regressor_model_2.pkl
GLXCL,0,0.0,regressor_model_2.pkl
PRPPS,0,0.0,regressor_model_2.pkl
URIH,0,0.0,regressor_model_2.pkl
PPCK,0,0.003065710753346801,regressor_model_2.pkl
ALAR,0,0.0,regressor_model_2.pkl
HPYRI,1,0.0,regressor_model_2.pkl
PRAIi_copy1,0,0.0,regressor_model_2.pkl
CSPMDDH,0,0.0,regressor_model_2.pkl
MAN1PT2,0,0.0,regressor_model_2.pkl
HCO3E,0,0.0,regressor_model_2.pkl
DHAD1_copy1,0,0.0,regressor_model_2.pkl
APPAT,0,0.0,regressor_model_2.pkl
ADPT,0,0.0,regressor_model_2.pkl
PRASCSi_copy2,0,0.0,regressor_model_2.pkl
CBPS,0,0.0,regressor_model_2.pkl
FRDO7r,1,0.0,regressor_model_2.pkl
TRSARr,0,0.0,regressor_model_2.pkl
G5SD_copy1,0,0.0,regressor_model_2.pkl
GLNS_copy2,0,0.0,regressor_model_2.pkl
FRDO6r,0,0.0,regressor_model_2.pkl
MDH,0,0.0,regressor_model_2.pkl
PPM,0,0.0,regressor_model_2.pkl
PTRCTA2,1,0.031164112619442665,regressor_model_2.pkl
DMALRED,0,0.0,regressor_model_2.pkl
G3PD2,0,0.0018086782565663912,regressor_model_2.pkl
DLYSPYRAT,0,0.0,regressor_model_2.pkl
DHSKDH,0,0.0,regressor_model_2.pkl
VALDHr,1,0.0,regressor_model_2.pkl
MEPCT,0,0.0,regressor_model_2.pkl
LSERDHr,0,0.0,regressor_model_2.pkl
G6PDH2r,0,0.0,regressor_model_2.pkl
DHQTi_copy1,0,0.0014604702536550806,regressor_model_2.pkl
DHQTi_copy2,0,0.0,regressor_model_2.pkl
HPYRRx,0,0.0,regressor_model_2.pkl
GLUDy,0,0.0,regressor_model_2.pkl
LTDCL,0,0.0,regressor_model_2.pkl
H2CO3D2,0,0.0,regressor_model_2.pkl
GAPD,0,0.0,regressor_model_2.pkl
SSALy,1,0.01765567956989833,regressor_model_2.pkl
GLYCTO1,0,0.0009215339093277918,regressor_model_2.pkl
ACS,0,0.0,regressor_model_2.pkl
PDHa,1,0.0,regressor_model_2.pkl
HEPCT,0,0.0,regressor_model_2.pkl
SERAT_copy1,0,0.0,regressor_model_2.pkl
VALTA,0,0.0,regressor_model_2.pkl
SUCOAS,0,0.0,regressor_model_2.pkl
FRDO4r,0,0.0,regressor_model_2.pkl
GLNS_copy1,1,0.0,regressor_model_2.pkl
ILEDHr_1,0,0.0,regressor_model_2.pkl
ENO,0,0.0,regressor_model_2.pkl
RBK,0,0.0,regressor_model_2.pkl
ALATRS,0,0.0013253443611447534,regressor_model_2.pkl
PTPATi,0,0.001839756055133335,regressor_model_2.pkl
FDH,0,0.0,regressor_model_2.pkl
NDPK3,0,0.0,regressor_model_2.pkl
DHAD1_copy2,0,0.0,regressor_model_2.pkl
PHETA1,0,0.0,regressor_model_2.pkl
FALDM,0,0.0,regressor_model_2.pkl
PPND,0,0.008861101597616697,regressor_model_2.pkl
PPK,0,0.0,regressor_model_2.pkl
PPA,0,0.0,regressor_model_2.pkl
PRASCSi_copy1,0,0.0,regressor_model_2.pkl
AROH,0,0.0,regressor_model_2.pkl
GLUSy,0,0.0,regressor_model_2.pkl
GLYALDDr,0,0.0,regressor_model_2.pkl
LLEUDr,1,0.0,regressor_model_2.pkl
AGMDA,1,0.0,regressor_model_2.pkl
GLYCK,0,0.0,regressor_model_2.pkl
FE3DCITR,0,0.0,regressor_model_2.pkl
TRPS1_copy1,0,0.0,regressor_model_2.pkl
AKGDH,1,0.06897726132001263,regressor_model_2.pkl
IDPh_1,0,0.0,regressor_model_2.pkl
DLYSOXGAT,0,0.0,regressor_model_2.pkl
NDP8,0,0.0014747448489439699,regressor_model_2.pkl
TALA,1,0.03757901950924835,regressor_model_2.pkl
URO_c,0,0.0,regressor_model_2.pkl
PGI,0,0.0,regressor_model_2.pkl
ICL,1,0.10351781263338816,regressor_model_2.pkl
PSCVT_copy1,0,0.0,regressor_model_2.pkl
PGK,0,0.002882066865523059,regressor_model_2.pkl
HDH,0,0.0,regressor_model_2.pkl
ALDD1,0,0.0,regressor_model_2.pkl
FE3DCITCH,1,0.0,regressor_model_2.pkl
AGPOP,0,0.0,regressor_model_2.pkl
PRAIi_copy2,0,0.0,regressor_model_2.pkl
CBMKr,0,0.0,regressor_model_2.pkl
1PPDCRc,0,0.0011944137615872525,regressor_model_2.pkl
GAPDi_nadp,0,0.0,regressor_model_2.pkl
FE3PYOVDL,0,0.0,regressor_model_2.pkl
PGM,0,0.0,regressor_model_2.pkl
PMANM,0,0.0,regressor_model_2.pkl
ILETA,0,0.0,regressor_model_2.pkl
LEUTA,0,0.0,regressor_model_2.pkl
R15BPK,0,0.0,regressor_model_2.pkl
LYSRC,0,0.0,regressor_model_2.pkl
OXOADLR,1,0.0010471372786128468,regressor_model_2.pkl
TRPS3,0,0.0,regressor_model_2.pkl
H2CO3D,0,0.0,regressor_model_2.pkl
SERAT_copy2,1,0.0,regressor_model_2.pkl
HSK,1,0.0,regressor_model_2.pkl
PPNDH,0,0.0,regressor_model_2.pkl
PSCVT_copy2,0,0.0,regressor_model_2.pkl
G5SD_copy2,0,0.0,regressor_model_2.pkl
ADK1,0,0.0023632887936190184,regressor_model_2.pkl
NTD4,0,0.001740738048540501,regressor_model_2.pkl
PHETHPTOX3,1,0.0,regressor_model_2.pkl
ALATA_L,0,0.0,regressor_model_2.pkl
MEPCT_1,0,0.0,regressor_model_2.pkl
PDH,0,0.0,regressor_model_2.pkl
MALS,0,0.0,regressor_model_2.pkl
ANHMK,0,0.0,regressor_model_2.pkl
RECOAH7,0,0.0,regressor_model_2.pkl
GLUDxi,0,0.0,regressor_model_2.pkl
TRPS1_copy2,0,0.0,regressor_model_2.pkl
ALLTN,0,0.0,regressor_model_2.pkl
NDPK5,0,0.0,regressor_model_2.pkl
HISTD,0,0.0,regressor_model_2.pkl
ME2,0,0.0,regressor_model_2.pkl
GLXCL,0,0.0,regressor_model_2.pkl
PRPPS,0,0.0,regressor_model_2.pkl
URIH,0,0.0,regressor_model_2.pkl
PPCK,0,0.0009968832378854642,regressor_model_2.pkl
ALAR,0,0.0,regressor_model_2.pkl
HPYRI,0,0.0,regressor_model_2.pkl
PRAIi_copy1,0,0.0,regressor_model_2.pkl
CSPMDDH,0,0.0,regressor_model_2.pkl
MAN1PT2,1,0.0,regressor_model_2.pkl
HCO3E,0,0.0,regressor_model_2.pkl
DHAD1_copy1,0,0.0,regressor_model_2.pkl
APPAT,0,0.0,regressor_model_2.pkl
ADPT,0,0.0,regressor_model_2.pkl
PRASCSi_copy2,0,0.0,regressor_model_2.pkl
CBPS,0,0.0,regressor_model_2.pkl
FRDO7r,1,0.0009822004078352542,regressor_model_2.pkl
TRSARr,0,0.0,regressor_model_2.pkl
G5SD_copy1,0,0.0,regressor_model_2.pkl
GLNS_copy2,0,0.0,regressor_model_2.pkl
FRDO6r,0,0.0,regressor_model_2.pkl
MDH,0,0.0,regressor_model_2.pkl
PPM,0,0.0,regressor_model_2.pkl
PTRCTA2,1,-0.030502052296052917,regressor_model_2.pkl
DMALRED,0,0.0,regressor_model_2.pkl
G3PD2,0,0.0,regressor_model_2.pkl
DLYSPYRAT,0,0.0,regressor_model_2.pkl
DHSKDH,0,0.0,regressor_model_2.pkl
VALDHr,1,0.0,regressor_model_2.pkl
MEPCT,0,0.0,regressor_model_2.pkl
LSERDHr,0,0.0,regressor_model_2.pkl
G6PDH2r,0,0.0,regressor_model_2.pkl
DHQTi_copy1,0,0.0,regressor_model_2.pkl
DHQTi_copy2,0,0.0,regressor_model_2.pkl
HPYRRx,0,0.0,regressor_model_2.pkl
GLUDy,0,0.0,regressor_model_2.pkl
LTDCL,1,0.0,regressor_model_2.pkl
H2CO3D2,0,0.0,regressor_model_2.pkl
GAPD,0,0.0,regressor_model_2.pkl
SSALy,1,0.08180551893100611,regressor_model_2.pkl
GLYCTO1,0,0.0,regressor_model_2.pkl
ACS,0,0.0,regressor_model_2.pkl
PDHa,0,0.003714618880125156,regressor_model_2.pkl
HEPCT,0,0.0,regressor_model_2.pkl
SERAT_copy1,0,0.0,regressor_model_2.pkl
VALTA,0,0.0,regressor_model_2.pkl
SUCOAS,0,0.0,regressor_model_2.pkl
FRDO4r,0,0.0,regressor_model_2.pkl
GLNS_copy1,1,0.0,regressor_model_2.pkl
ILEDHr_1,0,0.0,regressor_model_2.pkl
ENO,0,0.0,regressor_model_2.pkl
RBK,0,0.0,regressor_model_2.pkl
ALATRS,0,0.0,regressor_model_2.pkl
PTPATi,0,0.0,regressor_model_2.pkl
FDH,0,0.0,regressor_model_2.pkl
NDPK3,0,0.0,regressor_model_2.pkl
DHAD1_copy2,0,0.0,regressor_model_2.pkl
PHETA1,0,0.0,regressor_model_2.pkl
FALDM,0,0.0,regressor_model_2.pkl
PPND,0,0.0,regressor_model_2.pkl
PPK,0,0.0,regressor_model_2.pkl
PPA,0,0.0,regressor_model_2.pkl
PRASCSi_copy1,0,0.0,regressor_model_2.pkl
AROH,0,0.0,regressor_model_2.pkl
GLUSy,0,0.0,regressor_model_2.pkl
GLYALDDr,0,0.0,regressor_model_2.pkl
LLEUDr,0,0.0,regressor_model_2.pkl
AGMDA,0,0.0,regressor_model_2.pkl
GLYCK,1,0.0,regressor_model_2.pkl
FE3DCITR,0,0.0,regressor_model_2.pkl
TRPS1_copy1,0,0.0,regressor_model_2.pkl
AKGDH,1,0.04950617713059041,regressor_model_2.pkl
IDPh_1,0,0.0,regressor_model_2.pkl
DLYSOXGAT,0,0.0,regressor_model_2.pkl
NDP8,0,0.0,regressor_model_2.pkl
TALA,1,0.021465195953439105,regressor_model_2.pkl
URO_c,0,0.0,regressor_model_2.pkl
PGI,0,0.0,regressor_model_2.pkl
ICL,1,0.0734027264674703,regressor_model_2.pkl
PSCVT_copy1,0,0.0,regressor_model_2.pkl
PGK,0,0.0,regressor_model_2.pkl
HDH,1,0.0,regressor_model_2.pkl
ALDD1,0,0.0,regressor_model_2.pkl
FE3DCITCH,1,0.0,regressor_model_2.pkl
AGPOP,0,0.0,regressor_model_2.pkl
PRAIi_copy2,0,0.0,regressor_model_2.pkl
CBMKr,0,0.0,regressor_model_2.pkl
1PPDCRc,0,0.0,regressor_model_2.pkl
GAPDi_nadp,0,0.0,regressor_model_2.pkl
FE3PYOVDL,0,0.0,regressor_model_2.pkl
PGM,0,0.0,regressor_model_2.pkl
PMANM,0,0.0,regressor_model_2.pkl
ILETA,1,0.0,regressor_model_2.pkl
LEUTA,0,0.0,regressor_model_2.pkl
R15BPK,0,0.0,regressor_model_2.pkl
LYSRC,0,0.0,regressor_model_2.pkl
OXOADLR,0,0.0,regressor_model_2.pkl
TRPS3,0,0.0,regressor_model_2.pkl
H2CO3D,0,0.0,regressor_model_2.pkl
SERAT_copy2,0,0.0,regressor_model_2.pkl
HSK,0,0.0,regressor_model_2.pkl
PPNDH,0,0.0,regressor_model_2.pkl
PSCVT_copy2,0,0.0,regressor_model_2.pkl
G5SD_copy2,0,0.0,regressor_model_2.pkl
ADK1,0,0.0,regressor_model_2.pkl
NTD4,0,0.0,regressor_model_2.pkl
PHETHPTOX3,1,0.0,regressor_model_2.pkl
ALATA_L,0,0.0,regressor_model_2.pkl
MEPCT_1,0,0.0,regressor_model_2.pkl
PDH,0,0.0,regressor_model_2.pkl
MALS,0,0.0,regressor_model_2.pkl
ANHMK,0,0.0,regressor_model_2.pkl
RECOAH7,0,0.0,regressor_model_2.pkl
GLUDxi,0,0.0,regressor_model_2.pkl
TRPS1_copy2,0,0.0,regressor_model_2.pkl
ALLTN,0,0.0,regressor_model_2.pkl
NDPK5,1,0.0,regressor_model_2.pkl
HISTD,0,0.0,regressor_model_2.pkl
ME2,0,0.0,regressor_model_2.pkl
GLXCL,0,0.0,regressor_model_2.pkl
PRPPS,0,0.0,regressor_model_2.pkl
URIH,0,0.0,regressor_model_2.pkl
PPCK,0,0.002148292306163785,regressor_model_2.pkl
ALAR,0,0.0,regressor_model_2.pkl
HPYRI,0,0.0,regressor_model_2.pkl
PRAIi_copy1,0,0.0,regressor_model_2.pkl
CSPMDDH,0,0.0,regressor_model_2.pkl
MAN1PT2,1,0.0,regressor_model_2.pkl
HCO3E,0,0.0,regressor_model_2.pkl
DHAD1_copy1,0,0.0,regressor_model_2.pkl
APPAT,0,0.0,regressor_model_2.pkl
ADPT,0,0.0,regressor_model_2.pkl
PRASCSi_copy2,0,0.0,regressor_model_2.pkl
CBPS,0,0.0,regressor_model_2.pkl
FRDO7r,0,0.0,regressor_model_2.pkl
TRSARr,0,0.0,regressor_model_2.pkl
G5SD_copy1,0,0.0,regressor_model_2.pkl
GLNS_copy2,0,0.0,regressor_model_2.pkl
FRDO6r,0,0.0,regressor_model_2.pkl
MDH,0,0.0,regressor_model_2.pkl
PPM,1,0.0,regressor_model_2.pkl
PTRCTA2,1,-0.025022638753205498,regressor_model_2.pkl
DMALRED,0,0.0,regressor_model_2.pkl
G3PD2,0,0.0,regressor_model_2.pkl
DLYSPYRAT,0,0.0,regressor_model_2.pkl
DHSKDH,0,0.0,regressor_model_2.pkl
VALDHr,1,0.0,regressor_model_2.pkl
MEPCT,0,0.0,regressor_model_2.pkl
LSERDHr,0,0.0,regressor_model_2.pkl
G6PDH2r,0,0.0,regressor_model_2.pkl
DHQTi_copy1,0,0.0,regressor_model_2.pkl
DHQTi_copy2,0,0.0,regressor_model_2.pkl
HPYRRx,0,0.0,regressor_model_2.pkl
GLUDy,0,0.0,regressor_model_2.pkl
LTDCL,1,0.0019687545078069624,regressor_model_2.pkl
H2CO3D2,0,0.0,regressor_model_2.pkl
GAPD,0,0.0,regressor_model_2.pkl
SSALy,1,0.09376556865702763,regressor_model_2.pkl
GLYCTO1,0,0.0,regressor_model_2.pkl
ACS,0,0.0,regressor_model_2.pkl
PDHa,1,0.0,regressor_model_2.pkl
HEPCT,0,0.0,regressor_model_2.pkl
SERAT_copy1,0,0.0,regressor_model_2.pkl
VALTA,0,0.0,regressor_model_2.pkl
SUCOAS,0,0.0,regressor_model_2.pkl
FRDO4r,0,0.0,regressor_model_2.pkl
GLNS_copy1,1,0.0,regressor_model_2.pkl
ILEDHr_1,0,0.0,regressor_model_2.pkl
ENO,0,0.0,regressor_model_2.pkl
RBK,0,0.0,regressor_model_2.pkl
ALATRS,0,0.0,regressor_model_2.pkl
PTPATi,0,0.0,regressor_model_2.pkl
FDH,0,0.0,regressor_model_2.pkl
NDPK3,0,0.0,regressor_model_2.pkl
DHAD1_copy2,0,0.0,regressor_model_2.pkl
PHETA1,0,0.0,regressor_model_2.pkl
FALDM,0,0.0,regressor_model_2.pkl
PPND,0,0.0,regressor_model_2.pkl
PPK,0,0.0,regressor_model_2.pkl
PPA,0,0.0,regressor_model_2.pkl
PRASCSi_copy1,1,0.0,regressor_model_2.pkl
AROH,0,0.0,regressor_model_2.pkl
GLUSy,0,0.0,regressor_model_2.pkl
GLYALDDr,0,0.0,regressor_model_2.pkl
LLEUDr,1,0.0,regressor_model_2.pkl
AGMDA,0,0.0015844862793391143,regressor_model_2.pkl
GLYCK,0,0.0,regressor_model_2.pkl
FE3DCITR,0,0.0,regressor_model_2.pkl
TRPS1_copy1,0,0.0,regressor_model_2.pkl
AKGDH,1,0.05997127393560539,regressor_model_2.pkl
IDPh_1,0,0.0,regressor_model_2.pkl
DLYSOXGAT,0,0.0,regressor_model_2.pkl
NDP8,0,0.0,regressor_model_2.pkl
TALA,1,0.027330672189926814,regressor_model_2.pkl
URO_c,0,0.0,regressor_model_2.pkl
PGI,0,0.0,regressor_model_2.pkl
ICL,1,0.08089963124446631,regressor_model_2.pkl
PSCVT_copy1,0,0.0,regressor_model_2.pkl
PGK,0,0.0030652799109754047,regressor_model_2.pkl
HDH,1,0.0,regressor_model_2.pkl
ALDD1,0,0.0,regressor_model_2.pkl
FE3DCITCH,1,0.0,regressor_model_2.pkl
AGPOP,0,0.0,regressor_model_2.pkl
PRAIi_copy2,1,0.0,regressor_model_2.pkl
CBMKr,0,0.0,regressor_model_2.pkl
1PPDCRc,0,0.0,regressor_model_2.pkl
GAPDi_nadp,0,0.002024183608228073,regressor_model_2.pkl
FE3PYOVDL,0,0.0,regressor_model_2.pkl
PGM,0,0.0,regressor_model_2.pkl
PMANM,0,0.0,regressor_model_2.pkl
ILETA,0,0.0,regressor_model_2.pkl
LEUTA,0,0.0,regressor_model_2.pkl
R15BPK,0,0.0,regressor_model_2.pkl
LYSRC,0,0.0,regressor_model_2.pkl
OXOADLR,1,0.0,regressor_model_2.pkl
TRPS3,0,0.0,regressor_model_2.pkl
H2CO3D,0,0.0,regressor_model_2.pkl
SERAT_copy2,0,0.0,regressor_model_2.pkl
HSK,0,0.0,regressor_model_2.pkl
PPNDH,0,0.005325723242334296,regressor_model_2.pkl
PSCVT_copy2,0,0.0,regressor_model_2.pkl
G5SD_copy2,0,0.0,regressor_model_2.pkl
ADK1,0,0.0,regressor_model_2.pkl
NTD4,0,0.0,regressor_model_2.pkl
PHETHPTOX3,1,0.0,regressor_model_2.pkl
ALATA_L,0,0.0,regressor_model_2.pkl
MEPCT_1,0,0.0,regressor_model_2.pkl
PDH,0,0.0,regressor_model_2.pkl
MALS,0,0.0,regressor_model_2.pkl
ANHMK,0,0.0,regressor_model_2.pkl
RECOAH7,0,0.0,regressor_model_2.pkl
GLUDxi,0,0.0,regressor_model_2.pkl
TRPS1_copy2,0,0.0018293696453590038,regressor_model_2.pkl
ALLTN,0,0.0,regressor_model_2.pkl
NDPK5,0,0.0026850447518839272,regressor_model_2.pkl
HISTD,0,0.0,regressor_model_2.pkl
ME2,0,0.0,regressor_model_2.pkl
GLXCL,0,0.0,regressor_model_2.pkl
PRPPS,0,0.0,regressor_model_2.pkl
URIH,0,0.0,regressor_model_2.pkl
PPCK,0,0.0,regressor_model_2.pkl
ALAR,0,0.0,regressor_model_2.pkl
HPYRI,0,0.0,regressor_model_2.pkl
PRAIi_copy1,0,0.0,regressor_model_2.pkl
CSPMDDH,0,0.0,regressor_model_2.pkl
MAN1PT2,1,0.0,regressor_model_2.pkl
HCO3E,0,0.0018805367251318872,regressor_model_2.pkl
DHAD1_copy1,0,0.0,regressor_model_2.pkl
APPAT,0,0.0,regressor_model_2.pkl
ADPT,0,0.0,regressor_model_2.pkl
PRASCSi_copy2,0,0.0,regressor_model_2.pkl
CBPS,0,0.0,regressor_model_2.pkl
FRDO7r,0,0.0,regressor_model_2.pkl
TRSARr,0,0.0,regressor_model_2.pkl
G5SD_copy1,0,0.0,regressor_model_2.pkl
GLNS_copy2,0,0.0,regressor_model_2.pkl
FRDO6r,0,0.0,regressor_model_2.pkl
MDH,0,0.0,regressor_model_2.pkl
PPM,0,0.0,regressor_model_2.pkl
PTRCTA2,0,-0.006513148075146232,regressor_model_2.pkl
DMALRED,1,0.0,regressor_model_2.pkl
G3PD2,0,0.0,regressor_model_2.pkl
DLYSPYRAT,1,0.0,regressor_model_2.pkl
DHSKDH,0,0.0,regressor_model_2.pkl
VALDHr,1,0.0,regressor_model_2.pkl
MEPCT,0,0.0,regressor_model_2.pkl
LSERDHr,0,0.0,regressor_model_2.pkl
G6PDH2r,0,0.0,regressor_model_2.pkl
DHQTi_copy1,0,0.0,regressor_model_2.pkl
DHQTi_copy2,1,0.0,regressor_model_2.pkl
HPYRRx,0,0.0,regressor_model_2.pkl
GLUDy,0,0.0,regressor_model_2.pkl
LTDCL,1,0.0,regressor_model_2.pkl
H2CO3D2,0,0.0,regressor_model_2.pkl
GAPD,0,0.0,regressor_model_2.pkl
SSALy,1,0.017904870311724868,regressor_model_2.pkl
GLYCTO1,0,0.0,regressor_model_2.pkl
ACS,1,0.0,regressor_model_2.pkl
PDHa,1,0.0,regressor_model_2.pkl
HEPCT,0,0.0,regressor_model_2.pkl
SERAT_copy1,0,0.0,regressor_model_2.pkl
VALTA,0,0.0,regressor_model_2.pkl
SUCOAS,0,0.03603106563117386,regressor_model_2.pkl
FRDO4r,0,0.0,regressor_model_2.pkl
GLNS_copy1,0,0.0,regressor_model_2.pkl
ILEDHr_1,1,0.0,regressor_model_2.pkl
ENO,0,0.0,regressor_model_2.pkl
RBK,0,0.0,regressor_model_2.pkl
ALATRS,0,0.0,regressor_model_2.pkl
PTPATi,0,0.0,regressor_model_2.pkl
FDH,0,0.0,regressor_model_2.pkl
NDPK3,0,0.0,regressor_model_2.pkl
DHAD1_copy2,0,0.0,regressor_model_2.pkl
PHETA1,0,0.0,regressor_model_2.pkl
FALDM,0,0.0,regressor_model_2.pkl
PPND,0,0.0,regressor_model_2.pkl
PPK,0,0.0,regressor_model_2.pkl
PPA,0,0.0,regressor_model_2.pkl
PRASCSi_copy1,0,0.0,regressor_model_2.pkl
AROH,0,0.0,regressor_model_2.pkl
GLUSy,1,0.0,regressor_model_2.pkl
GLYALDDr,0,0.0,regressor_model_2.pkl
LLEUDr,0,0.0,regressor_model_2.pkl
AGMDA,0,0.0,regressor_model_2.pkl
GLYCK,0,0.0,regressor_model_2.pkl
FE3DCITR,1,0.0,regressor_model_2.pkl
TRPS1_copy1,0,0.0,regressor_model_2.pkl
AKGDH,1,-0.026029033225786136,regressor_model_2.pkl
IDPh_1,0,0.0,regressor_model_2.pkl
DLYSOXGAT,0,-0.00296224978376257,regressor_model_2.pkl
NDP8,0,0.0,regressor_model_2.pkl
TALA,1,0.0,regressor_model_2.pkl
URO_c,0,0.0,regressor_model_2.pkl
PGI,0,0.002580049537730348,regressor_model_2.pkl
ICL,1,0.0406877054973736,regressor_model_2.pkl
PSCVT_copy1,0,0.0,regressor_model_2.pkl
PGK,0,0.0,regressor_model_2.pkl
HDH,0,0.0,regressor_model_2.pkl
ALDD1,0,0.0,regressor_model_2.pkl
FE3DCITCH,1,0.0,regressor_model_2.pkl
AGPOP,0,0.0,regressor_model_2.pkl
PRAIi_copy2,0,0.0,regressor_model_2.pkl
CBMKr,0,0.0,regressor_model_2.pkl
1PPDCRc,0,0.0,regressor_model_2.pkl
GAPDi_nadp,0,0.0,regressor_model_2.pkl
FE3PYOVDL,0,0.0,regressor_model_2.pkl
PGM,0,0.0,regressor_model_2.pkl
PMANM,0,0.0,regressor_model_2.pkl
ILETA,0,0.0,regressor_model_2.pkl
LEUTA,0,0.0,regressor_model_2.pkl
R15BPK,0,0.0,regressor_model_2.pkl
LYSRC,1,0.0,regressor_model_2.pkl
OXOADLR,1,0.0,regressor_model_2.pkl
TRPS3,1,0.0,regressor_model_2.pkl
H2CO3D,0,0.0,regressor_model_2.pkl
SERAT_copy2,0,0.0,regressor_model_2.pkl
HSK,0,0.0,regressor_model_2.pkl
PPNDH,0,0.0,regressor_model_2.pkl
PSCVT_copy2,0,0.0,regressor_model_2.pkl
G5SD_copy2,0,0.0,regressor_model_2.pkl
ADK1,0,0.0,regressor_model_2.pkl
NTD4,0,0.0,regressor_model_2.pkl
PHETHPTOX3,0,0.0,regressor_model_2.pkl
ALATA_L,0,0.0,regressor_model_2.pkl
MEPCT_1,0,0.0,regressor_model_2.pkl
PDH,0,0.0,regressor_model_2.pkl
MALS,0,0.0,regressor_model_2.pkl
ANHMK,0,0.0,regressor_model_2.pkl
RECOAH7,0,0.0,regressor_model_2.pkl
GLUDxi,0,0.0,regressor_model_2.pkl
TRPS1_copy2,0,0.0,regressor_model_2.pkl
ALLTN,0,0.0,regressor_model_2.pkl
NDPK5,1,0.0,regressor_model_2.pkl
HISTD,0,0.0,regressor_model_2.pkl
ME2,0,0.0,regressor_model_2.pkl
GLXCL,0,0.0,regressor_model_2.pkl
PRPPS,0,0.0,regressor_model_2.pkl
URIH,1,0.0014775921490494254,regressor_model_2.pkl
PPCK,0,0.0,regressor_model_2.pkl
ALAR,0,0.0,regressor_model_2.pkl
HPYRI,0,0.0,regressor_model_2.pkl
PRAIi_copy1,0,0.0,regressor_model_2.pkl
CSPMDDH,0,0.0,regressor_model_2.pkl
MAN1PT2,0,0.0,regressor_model_2.pkl
HCO3E,0,0.0,regressor_model_2.pkl
DHAD1_copy1,0,0.0,regressor_model_2.pkl
APPAT,0,0.0,regressor_model_2.pkl
ADPT,0,0.0,regressor_model_2.pkl
PRASCSi_copy2,0,0.0,regressor_model_2.pkl
CBPS,1,0.0,regressor_model_2.pkl
FRDO7r,0,0.0,regressor_model_2.pkl
TRSARr,0,0.0,regressor_model_2.pkl
G5SD_copy1,1,0.0,regressor_model_2.pkl
GLNS_copy2,0,0.0,regressor_model_2.pkl
FRDO6r,0,0.0,regressor_model_2.pkl
MDH,0,0.0,regressor_model_2.pkl
PPM,0,0.0,regressor_model_2.pkl
PTRCTA2,1,0.06467504554704175,regressor_model_2.pkl
DMALRED,0,0.0,regressor_model_2.pkl
G3PD2,0,0.0,regressor_model_2.pkl
DLYSPYRAT,1,0.0,regressor_model_2.pkl
DHSKDH,0,0.0,regressor_model_2.pkl
VALDHr,1,0.0,regressor_model_2.pkl
MEPCT,0,0.0,regressor_model_2.pkl
LSERDHr,0,0.0,regressor_model_2.pkl
G6PDH2r,0,0.024671772308246947,regressor_model_2.pkl
DHQTi_copy1,0,0.0,regressor_model_2.pkl
DHQTi_copy2,0,0.0,regressor_model_2.pkl
HPYRRx,0,0.0,regressor_model_2.pkl
GLUDy,0,0.0,regressor_model_2.pkl
LTDCL,0,0.0,regressor_model_2.pkl
H2CO3D2,0,0.0,regressor_model_2.pkl
GAPD,0,0.0,regressor_model_2.pkl
SSALy,0,0.0,regressor_model_2.pkl
GLYCTO1,0,0.0,regressor_model_2.pkl
ACS,0,0.0,regressor_model_2.pkl
PDHa,0,0.0,regressor_model_2.pkl
HEPCT,0,0.0,regressor_model_2.pkl
SERAT_copy1,0,0.0,regressor_model_2.pkl
VALTA,0,0.0,regressor_model_2.pkl
SUCOAS,0,0.002209018224401232,regressor_model_2.pkl
FRDO4r,0,0.0,regressor_model_2.pkl
GLNS_copy1,1,0.0,regressor_model_2.pkl
ILEDHr_1,0,0.0,regressor_model_2.pkl
ENO,0,0.0,regressor_model_2.pkl
RBK,0,0.0,regressor_model_2.pkl
ALATRS,0,0.0,regressor_model_2.pkl
PTPATi,0,0.0,regressor_model_2.pkl
FDH,0,0.0,regressor_model_2.pkl
NDPK3,0,0.0,regressor_model_2.pkl
DHAD1_copy2,0,0.0,regressor_model_2.pkl
PHETA1,0,0.0,regressor_model_2.pkl
FALDM,0,0.0,regressor_model_2.pkl
PPND,0,0.007355398450673583,regressor_model_2.pkl
PPK,0,0.0,regressor_model_2.pkl
PPA,0,0.0,regressor_model_2.pkl
PRASCSi_copy1,0,0.0,regressor_model_2.pkl
AROH,0,0.00343189597931958,regressor_model_2.pkl
GLUSy,0,0.0,regressor_model_2.pkl
GLYALDDr,0,0.0,regressor_model_2.pkl
LLEUDr,1,0.0,regressor_model_2.pkl
AGMDA,0,0.0,regressor_model_2.pkl
GLYCK,0,0.0025945238793416148,regressor_model_2.pkl
FE3DCITR,0,0.0,regressor_model_2.pkl
TRPS1_copy1,0,0.0,regressor_model_2.pkl
AKGDH,1,0.06128984493817694,regressor_model_2.pkl
IDPh_1,0,0.0,regressor_model_2.pkl
DLYSOXGAT,0,0.0,regressor_model_2.pkl
NDP8,0,0.0,regressor_model_2.pkl
TALA,1,0.0,regressor_model_2.pkl
URO_c,0,0.0,regressor_model_2.pkl
PGI,0,0.0,regressor_model_2.pkl
ICL,1,0.08551846861179262,regressor_model_2.pkl
PSCVT_copy1,0,0.0,regressor_model_2.pkl
PGK,0,0.0021030201797281505,regressor_model_2.pkl
HDH,1,0.0,regressor_model_2.pkl
ALDD1,0,0.0,regressor_model_2.pkl
FE3DCITCH,1,0.0,regressor_model_2.pkl
AGPOP,0,0.0,regressor_model_2.pkl
PRAIi_copy2,1,0.0,regressor_model_2.pkl
CBMKr,0,0.0,regressor_model_2.pkl
1PPDCRc,1,0.0,regressor_model_2.pkl
GAPDi_nadp,1,0.0,regressor_model_2.pkl
FE3PYOVDL,0,0.0,regressor_model_2.pkl
PGM,0,0.0,regressor_model_2.pkl
PMANM,0,0.0,regressor_model_2.pkl
ILETA,0,0.0,regressor_model_2.pkl
LEUTA,0,0.0,regressor_model_2.pkl
R15BPK,0,0.0,regressor_model_2.pkl
LYSRC,0,0.0,regressor_model_2.pkl
OXOADLR,1,0.0,regressor_model_2.pkl
TRPS3,0,0.0,regressor_model_2.pkl
H2CO3D,0,0.0,regressor_model_2.pkl
SERAT_copy2,0,0.0,regressor_model_2.pkl
HSK,0,0.0,regressor_model_2.pkl
PPNDH,0,0.0,regressor_model_2.pkl
PSCVT_copy2,0,0.0,regressor_model_2.pkl
G5SD_copy2,0,0.0,regressor_model_2.pkl
ADK1,0,0.0,regressor_model_2.pkl
NTD4,0,0.0,regressor_model_2.pkl
PHETHPTOX3,1,0.0016006806210913792,regressor_model_2.pkl
ALATA_L,0,0.0,regressor_model_2.pkl
MEPCT_1,0,0.0013527495027388725,regressor_model_2.pkl
PDH,0,0.0,regressor_model_2.pkl
MALS,0,0.0,regressor_model_2.pkl
ANHMK,0,0.0,regressor_model_2.pkl
RECOAH7,0,0.002527334095372008,regressor_model_2.pkl
GLUDxi,0,0.0,regressor_model_2.pkl
TRPS1_copy2,0,0.0,regressor_model_2.pkl
ALLTN,0,0.0,regressor_model_2.pkl
NDPK5,0,0.0,regressor_model_2.pkl
HISTD,0,0.0013484379157535145,regressor_model_2.pkl
ME2,0,0.0,regressor_model_2.pkl
GLXCL,0,0.0,regressor_model_2.pkl
PRPPS,0,0.0,regressor_model_2.pkl
URIH,0,0.0,regressor_model_2.pkl
PPCK,0,0.0,regressor_model_2.pkl
ALAR,0,0.0,regressor_model_2.pkl
HPYRI,0,0.0,regressor_model_2.pkl
PRAIi_copy1,0,0.0021729095724536056,regressor_model_2.pkl
CSPMDDH,0,0.0,regressor_model_2.pkl
MAN1PT2,0,0.0,regressor_model_2.pkl
HCO3E,0,0.0,regressor_model_2.pkl
DHAD1_copy1,0,0.0,regressor_model_2.pkl
APPAT,0,0.0,regressor_model_2.pkl
ADPT,0,0.0,regressor_model_2.pkl
PRASCSi_copy2,0,0.0015648374485987548,regressor_model_2.pkl
CBPS,0,0.0,regressor_model_2.pkl
FRDO7r,0,0.0,regressor_model_2.pkl
TRSARr,0,0.0,regressor_model_2.pkl
G5SD_copy1,0,0.0,regressor_model_2.pkl
GLNS_copy2,0,0.0,regressor_model_2.pkl
FRDO6r,0,0.0,regressor_model_2.pkl
MDH,0,0.0,regressor_model_2.pkl
PPM,0,0.0,regressor_model_2.pkl
PTRCTA2,1,0.06894514297757452,regressor_model_2.pkl
DMALRED,0,0.0,regressor_model_2.pkl
G3PD2,0,0.0,regressor_model_2.pkl
DLYSPYRAT,1,0.0,regressor_model_2.pkl
DHSKDH,0,0.0,regressor_model_2.pkl
VALDHr,1,0.003638275743357496,regressor_model_2.pkl
MEPCT,0,0.0,regressor_model_2.pkl
LSERDHr,1,0.0,regressor_model_2.pkl
G6PDH2r,0,0.0,regressor_model_2.pkl
DHQTi_copy1,1,0.0026775874612547626,regressor_model_2.pkl
DHQTi_copy2,0,0.0,regressor_model_2.pkl
HPYRRx,0,0.0,regressor_model_2.pkl
GLUDy,0,0.0,regressor_model_2.pkl
LTDCL,1,0.0,regressor_model_2.pkl
H2CO3D2,0,0.0,regressor_model_2.pkl
GAPD,0,0.0,regressor_model_2.pkl
SSALy,0,0.0,regressor_model_2.pkl
GLYCTO1,0,0.0,regressor_model_2.pkl
ACS,0,0.0,regressor_model_2.pkl
PDHa,0,0.0,regressor_model_2.pkl
HEPCT,0,0.0,regressor_model_2.pkl
SERAT_copy1,1,0.0025541231963933163,regressor_model_2.pkl
VALTA,0,0.0,regressor_model_2.pkl
SUCOAS,0,0.0,regressor_model_2.pkl
FRDO4r,0,0.0,regressor_model_2.pkl
GLNS_copy1,0,0.0,regressor_model_2.pkl
ILEDHr_1,0,0.0,regressor_model_2.pkl
ENO,0,0.0,regressor_model_2.pkl
RBK,0,0.0,regressor_model_2.pkl
ALATRS,0,0.0,regressor_model_2.pkl
PTPATi,0,0.0,regressor_model_2.pkl
FDH,0,0.0,regressor_model_2.pkl
NDPK3,0,0.0,regressor_model_2.pkl
DHAD1_copy2,0,0.0,regressor_model_2.pkl
PHETA1,0,0.0,regressor_model_2.pkl
FALDM,0,0.0,regressor_model_2.pkl
PPND,0,0.010189815698006796,regressor_model_2.pkl
PPK,0,0.0,regressor_model_2.pkl
PPA,0,0.0,regressor_model_2.pkl
PRASCSi_copy1,0,0.0,regressor_model_2.pkl
AROH,0,0.002664461433799572,regressor_model_2.pkl
GLUSy,0,0.0,regressor_model_2.pkl
GLYALDDr,0,0.0,regressor_model_2.pkl
LLEUDr,1,0.0,regressor_model_2.pkl
AGMDA,0,0.0,regressor_model_2.pkl
GLYCK,0,0.0,regressor_model_2.pkl
FE3DCITR,0,0.0035127123829977007,regressor_model_2.pkl
TRPS1_copy1,0,0.0,regressor_model_2.pkl
AKGDH,1,0.06138380203937453,regressor_model_2.pkl
IDPh_1,0,0.0,regressor_model_2.pkl
DLYSOXGAT,0,0.0,regressor_model_2.pkl
NDP8,0,0.0,regressor_model_2.pkl
TALA,1,0.0,regressor_model_2.pkl
URO_c,0,0.0,regressor_model_2.pkl
PGI,0,0.03968420869315025,regressor_model_2.pkl
ICL,1,0.09578830873389418,regressor_model_2.pkl
PSCVT_copy1,0,0.0,regressor_model_2.pkl
PGK,0,0.0,regressor_model_2.pkl
HDH,1,0.0,regressor_model_2.pkl
ALDD1,0,0.0,regressor_model_2.pkl
FE3DCITCH,1,0.0,regressor_model_2.pkl
AGPOP,0,0.0,regressor_model_2.pkl
PRAIi_copy2,1,0.0,regressor_model_2.pkl
CBMKr,0,0.0,regressor_model_2.pkl
1PPDCRc,0,0.0,regressor_model_2.pkl
GAPDi_nadp,0,0.0,regressor_model_2.pkl
FE3PYOVDL,0,0.0,regressor_model_2.pkl
PGM,0,0.0,regressor_model_2.pkl
PMANM,0,0.0,regressor_model_2.pkl
ILETA,0,0.0,regressor_model_2.pkl
LEUTA,0,0.0,regressor_model_2.pkl
R15BPK,0,0.0,regressor_model_2.pkl
LYSRC,0,0.0,regressor_model_2.pkl
OXOADLR,1,0.0,regressor_model_2.pkl
TRPS3,0,0.0,regressor_model_2.pkl
H2CO3D,0,0.0,regressor_model_2.pkl
SERAT_copy2,0,0.0,regressor_model_2.pkl
HSK,0,0.0,regressor_model_2.pkl
PPNDH,0,0.0,regressor_model_2.pkl
PSCVT_copy2,0,0.0,regressor_model_2.pkl
G5SD_copy2,0,0.0,regressor_model_2.pkl
ADK1,0,0.0,regressor_model_2.pkl
NTD4,0,0.0,regressor_model_2.pkl
PHETHPTOX3,0,0.0,regressor_model_2.pkl
ALATA_L,0,0.0,regressor_model_2.pkl
MEPCT_1,0,0.0,regressor_model_2.pkl
PDH,0,0.0,regressor_model_2.pkl
MALS,0,0.0,regressor_model_2.pkl
ANHMK,0,0.0,regressor_model_2.pkl
RECOAH7,0,0.0,regressor_model_2.pkl
GLUDxi,0,0.0,regressor_model_2.pkl
TRPS1_copy2,1,0.0,regressor_model_2.pkl
ALLTN,0,0.0,regressor_model_2.pkl
NDPK5,1,0.0,regressor_model_2.pkl
HISTD,0,0.0,regressor_model_2.pkl
ME2,0,0.0,regressor_model_2.pkl
GLXCL,0,0.0,regressor_model_2.pkl
PRPPS,0,0.0,regressor_model_2.pkl
URIH,0,0.0,regressor_model_2.pkl
PPCK,0,0.003114867341696534,regressor_model_2.pkl
ALAR,0,0.0017090927164596368,regressor_model_2.pkl
HPYRI,1,0.0,regressor_model_2.pkl
PRAIi_copy1,0,0.0,regressor_model_2.pkl
CSPMDDH,0,0.004644344983365745,regressor_model_2.pkl
MAN1PT2,1,0.0,regressor_model_2.pkl
HCO3E,0,0.0,regressor_model_2.pkl
DHAD1_copy1,0,0.0,regressor_model_2.pkl
APPAT,0,0.0,regressor_model_2.pkl
ADPT,0,0.0,regressor_model_2.pkl
PRASCSi_copy2,0,0.0,regressor_model_2.pkl
CBPS,0,0.0,regressor_model_2.pkl
FRDO7r,0,0.0,regressor_model_2.pkl
TRSARr,0,0.0,regressor_model_2.pkl
G5SD_copy1,0,0.0,regressor_model_2.pkl
GLNS_copy2,0,0.0,regressor_model_2.pkl
FRDO6r,0,0.0,regressor_model_2.pkl
MDH,0,0.0,regressor_model_2.pkl
PPM,0,0.0,regressor_model_2.pkl
PTRCTA2,1,0.07188537189308926,regressor_model_2.pkl
DMALRED,0,0.0,regressor_model_2.pkl
G3PD2,0,0.0033570520573344698,regressor_model_2.pkl
DLYSPYRAT,1,0.0,regressor_model_2.pkl
DHSKDH,0,0.0,regressor_model_2.pkl
VALDHr,1,0.0,regressor_model_2.pkl
MEPCT,0,0.0,regressor_model_2.pkl
LSERDHr,0,0.0,regressor_model_2.pkl
G6PDH2r,0,0.0,regressor_model_2.pkl
DHQTi_copy1,0,0.0,regressor_model_2.pkl
DHQTi_copy2,0,0.0,regressor_model_2.pkl
HPYRRx,0,0.0018817002127865569,regressor_model_2.pkl
GLUDy,0,0.0,regressor_model_2.pkl
LTDCL,0,0.0,regressor_model_2.pkl
H2CO3D2,0,0.0,regressor_model_2.pkl
GAPD,0,0.0,regressor_model_2.pkl
SSALy,1,0.0,regressor_model_2.pkl
GLYCTO1,0,0.0,regressor_model_2.pkl
ACS,0,0.0,regressor_model_2.pkl
PDHa,0,0.0,regressor_model_2.pkl
HEPCT,0,0.0,regressor_model_2.pkl
SERAT_copy1,0,0.0,regressor_model_2.pkl
VALTA,0,0.0,regressor_model_2.pkl
SUCOAS,0,0.0,regressor_model_2.pkl
FRDO4r,0,0.0,regressor_model_2.pkl
GLNS_copy1,0,0.0,regressor_model_2.pkl
ILEDHr_1,0,0.0,regressor_model_2.pkl
ENO,0,0.0,regressor_model_2.pkl
RBK,0,0.0,regressor_model_2.pkl
ALATRS,0,0.0,regressor_model_2.pkl
PTPATi,0,0.0,regressor_model_2.pkl
FDH,0,0.0,regressor_model_2.pkl
NDPK3,0,0.0,regressor_model_2.pkl
DHAD1_copy2,0,0.0,regressor_model_2.pkl
PHETA1,0,0.0,regressor_model_2.pkl
FALDM,0,0.0,regressor_model_2.pkl
PPND,0,0.00852626920324462,regressor_model_2.pkl
PPK,0,0.0,regressor_model_2.pkl
PPA,0,0.0,regressor_model_2.pkl
PRASCSi_copy1,0,0.0,regressor_model_2.pkl
AROH,0,0.0,regressor_model_2.pkl
GLUSy,0,0.0,regressor_model_2.pkl
GLYALDDr,0,0.0,regressor_model_2.pkl
LLEUDr,0,0.0,regressor_model_2.pkl
AGMDA,0,0.0,regressor_model_2.pkl
GLYCK,0,0.002027662162524266,regressor_model_2.pkl
FE3DCITR,0,0.0,regressor_model_2.pkl
TRPS1_copy1,0,0.0023249267776123657,regressor_model_2.pkl
AKGDH,1,0.060639709931595356,regressor_model_2.pkl
IDPh_1,0,0.0,regressor_model_2.pkl
DLYSOXGAT,0,0.0,regressor_model_2.pkl
NDP8,0,0.0,regressor_model_2.pkl
TALA,1,0.0,regressor_model_2.pkl
URO_c,0,0.0,regressor_model_2.pkl
PGI,0,0.03891682483344589,regressor_model_2.pkl
ICL,1,0.09271251666348958,regressor_model_2.pkl
PSCVT_copy1,0,0.0,regressor_model_2.pkl
PGK,0,0.0024299033857495345,regressor_model_2.pkl
HDH,1,0.0,regressor_model_2.pkl
ALDD1,0,0.0,regressor_model_2.pkl
FE3DCITCH,1,0.0,regressor_model_2.pkl
AGPOP,0,0.0,regressor_model_2.pkl
PRAIi_copy2,1,0.0,regressor_model_2.pkl
CBMKr,0,0.0,regressor_model_2.pkl
1PPDCRc,0,0.0035328570487986235,regressor_model_2.pkl
GAPDi_nadp,0,0.0,regressor_model_2.pkl
FE3PYOVDL,0,0.0,regressor_model_2.pkl
PGM,0,0.0,regressor_model_2.pkl
PMANM,0,0.0,regressor_model_2.pkl
ILETA,0,0.0,regressor_model_2.pkl
LEUTA,0,0.0,regressor_model_2.pkl
R15BPK,0,0.0,regressor_model_2.pkl
LYSRC,0,0.0,regressor_model_2.pkl
OXOADLR,0,0.0,regressor_model_2.pkl
TRPS3,0,0.0,regressor_model_2.pkl
H2CO3D,1,0.0,regressor_model_2.pkl
SERAT_copy2,0,0.0,regressor_model_2.pkl
HSK,0,0.0,regressor_model_2.pkl
PPNDH,0,0.0,regressor_model_2.pkl
PSCVT_copy2,0,0.0,regressor_model_2.pkl
G5SD_copy2,0,0.0,regressor_model_2.pkl
ADK1,0,0.0,regressor_model_2.pkl
NTD4,0,0.0,regressor_model_2.pkl
PHETHPTOX3,0,0.0014379349444928783,regressor_model_2.pkl
ALATA_L,0,0.0,regressor_model_2.pkl
MEPCT_1,0,0.0,regressor_model_2.pkl
PDH,0,0.0,regressor_model_2.pkl
MALS,0,0.0,regressor_model_2.pkl
ANHMK,0,0.0,regressor_model_2.pkl
RECOAH7,0,0.0,regressor_model_2.pkl
GLUDxi,0,0.0,regressor_model_2.pkl
TRPS1_copy2,0,0.0,regressor_model_2.pkl
ALLTN,0,0.0,regressor_model_2.pkl
NDPK5,1,0.0,regressor_model_2.pkl
HISTD,0,0.0,regressor_model_2.pkl
ME2,0,0.0,regressor_model_2.pkl
GLXCL,0,0.0,regressor_model_2.pkl
PRPPS,0,0.0,regressor_model_2.pkl
URIH,0,0.004298697340003119,regressor_model_2.pkl
PPCK,0,0.003671693623787054,regressor_model_2.pkl
ALAR,0,0.0035255794697309217,regressor_model_2.pkl
HPYRI,1,0.0,regressor_model_2.pkl
PRAIi_copy1,0,0.0,regressor_model_2.pkl
CSPMDDH,0,0.0,regressor_model_2.pkl
MAN1PT2,0,0.0,regressor_model_2.pkl
HCO3E,0,0.0,regressor_model_2.pkl
DHAD1_copy1,0,0.0,regressor_model_2.pkl
APPAT,0,0.0,regressor_model_2.pkl
ADPT,0,0.0,regressor_model_2.pkl
PRASCSi_copy2,0,0.0,regressor_model_2.pkl
CBPS,0,0.0,regressor_model_2.pkl
FRDO7r,0,0.0,regressor_model_2.pkl
TRSARr,0,0.0,regressor_model_2.pkl
G5SD_copy1,0,0.0,regressor_model_2.pkl
GLNS_copy2,0,0.0,regressor_model_2.pkl
FRDO6r,0,0.0,regressor_model_2.pkl
MDH,0,0.0,regressor_model_2.pkl
PPM,0,0.0,regressor_model_2.pkl
PTRCTA2,1,0.033834018459535556,regressor_model_2.pkl
DMALRED,0,0.0,regressor_model_2.pkl
G3PD2,0,0.0021316482157000037,regressor_model_2.pkl
DLYSPYRAT,1,0.0,regressor_model_2.pkl
DHSKDH,0,0.0,regressor_model_2.pkl
VALDHr,1,0.0,regressor_model_2.pkl
MEPCT,0,0.0,regressor_model_2.pkl
LSERDHr,0,0.0,regressor_model_2.pkl
G6PDH2r,0,0.0,regressor_model_2.pkl
DHQTi_copy1,0,0.002785537722370874,regressor_model_2.pkl
DHQTi_copy2,0,0.0,regressor_model_2.pkl
HPYRRx,0,0.0,regressor_model_2.pkl
GLUDy,0,0.0,regressor_model_2.pkl
LTDCL,1,0.0,regressor_model_2.pkl
H2CO3D2,1,0.0,regressor_model_2.pkl
GAPD,0,0.0,regressor_model_2.pkl
SSALy,1,0.01787768784864309,regressor_model_2.pkl
GLYCTO1,0,0.0,regressor_model_2.pkl
ACS,0,0.0,regressor_model_2.pkl
PDHa,1,0.0,regressor_model_2.pkl
HEPCT,0,0.0,regressor_model_2.pkl
SERAT_copy1,0,0.0,regressor_model_2.pkl
VALTA,0,0.0,regressor_model_2.pkl
SUCOAS,0,0.0,regressor_model_2.pkl
FRDO4r,0,0.0,regressor_model_2.pkl
GLNS_copy1,1,0.0,regressor_model_2.pkl
ILEDHr_1,0,0.0,regressor_model_2.pkl
ENO,0,0.0,regressor_model_2.pkl
RBK,0,0.0,regressor_model_2.pkl
ALATRS,0,0.0,regressor_model_2.pkl
PTPATi,0,0.0,regressor_model_2.pkl
FDH,0,0.0,regressor_model_2.pkl
NDPK3,0,0.0,regressor_model_2.pkl
DHAD1_copy2,0,0.0,regressor_model_2.pkl
PHETA1,0,0.0,regressor_model_2.pkl
FALDM,0,0.0,regressor_model_2.pkl
PPND,0,0.010468212328879482,regressor_model_2.pkl
PPK,0,0.0,regressor_model_2.pkl
PPA,0,0.0,regressor_model_2.pkl
PRASCSi_copy1,0,0.0,regressor_model_2.pkl
AROH,0,0.0,regressor_model_2.pkl
GLUSy,0,0.0,regressor_model_2.pkl
GLYALDDr,0,0.0,regressor_model_2.pkl
LLEUDr,0,0.0,regressor_model_2.pkl
AGMDA,0,0.0,regressor_model_2.pkl
GLYCK,0,0.0,regressor_model_2.pkl
FE3DCITR,0,0.0,regressor_model_2.pkl
TRPS1_copy1,0,0.0,regressor_model_2.pkl
AKGDH,1,0.06823009549155916,regressor_model_2.pkl
IDPh_1,0,0.0,regressor_model_2.pkl
DLYSOXGAT,0,0.0,regressor_model_2.pkl
NDP8,0,0.0,regressor_model_2.pkl
TALA,1,0.045337949826823,regressor_model_2.pkl
URO_c,0,0.0,regressor_model_2.pkl
PGI,0,0.0,regressor_model_2.pkl
ICL,1,0.10814910452459758,regressor_model_2.pkl
PSCVT_copy1,0,0.0,regressor_model_2.pkl
PGK,0,0.0034436992987964374,regressor_model_2.pkl
HDH,0,0.0,regressor_model_2.pkl
ALDD1,0,0.0,regressor_model_2.pkl
FE3DCITCH,1,0.0,regressor_model_2.pkl
AGPOP,0,0.0,regressor_model_2.pkl
PRAIi_copy2,1,0.0,regressor_model_2.pkl
CBMKr,0,0.0,regressor_model_2.pkl
1PPDCRc,0,0.0,regressor_model_2.pkl
GAPDi_nadp,0,0.0,regressor_model_2.pkl
FE3PYOVDL,0,0.0,regressor_model_2.pkl
PGM,0,0.0,regressor_model_2.pkl
PMANM,0,0.0018331948694298979,regressor_model_2.pkl
ILETA,1,0.0,regressor_model_2.pkl
LEUTA,0,0.0,regressor_model_2.pkl
R15BPK,0,0.0,regressor_model_2.pkl
LYSRC,0,0.0,regressor_model_2.pkl
OXOADLR,1,0.0,regressor_model_2.pkl
TRPS3,0,0.0,regressor_model_2.pkl
H2CO3D,1,0.0,regressor_model_2.pkl
SERAT_copy2,1,0.0,regressor_model_2.pkl
HSK,0,0.0,regressor_model_2.pkl
PPNDH,0,0.0,regressor_model_2.pkl
PSCVT_copy2,0,0.0,regressor_model_2.pkl
G5SD_copy2,0,0.0,regressor_model_2.pkl
ADK1,0,0.0,regressor_model_2.pkl
NTD4,0,0.0,regressor_model_2.pkl
PHETHPTOX3,1,0.0,regressor_model_2.pkl
ALATA_L,0,0.0,regressor_model_2.pkl
MEPCT_1,0,0.0,regressor_model_2.pkl
PDH,0,0.0,regressor_model_2.pkl
MALS,0,0.0,regressor_model_2.pkl
ANHMK,0,0.0,regressor_model_2.pkl
RECOAH7,0,0.0,regressor_model_2.pkl
GLUDxi,0,0.0,regressor_model_2.pkl
TRPS1_copy2,0,0.0,regressor_model_2.pkl
ALLTN,0,0.0,regressor_model_2.pkl
NDPK5,0,0.0,regressor_model_2.pkl
HISTD,0,0.0,regressor_model_2.pkl
ME2,0,0.0,regressor_model_2.pkl
GLXCL,0,0.0,regressor_model_2.pkl
PRPPS,0,0.0,regressor_model_2.pkl
URIH,0,0.0,regressor_model_2.pkl
PPCK,0,0.0058367596581023135,regressor_model_2.pkl
ALAR,0,0.004050261822670542,regressor_model_2.pkl
HPYRI,0,0.0,regressor_model_2.pkl
PRAIi_copy1,0,0.0,regressor_model_2.pkl
CSPMDDH,0,0.0,regressor_model_2.pkl
MAN1PT2,1,0.0,regressor_model_2.pkl
HCO3E,0,0.0,regressor_model_2.pkl
DHAD1_copy1,0,0.0,regressor_model_2.pkl
APPAT,0,0.0,regressor_model_2.pkl
ADPT,0,0.0,regressor_model_2.pkl
PRASCSi_copy2,0,0.0,regressor_model_2.pkl
CBPS,0,0.0,regressor_model_2.pkl
FRDO7r,1,0.0,regressor_model_2.pkl
TRSARr,0,0.0,regressor_model_2.pkl
G5SD_copy1,0,0.0,regressor_model_2.pkl
GLNS_copy2,0,0.0,regressor_model_2.pkl
FRDO6r,0,0.0,regressor_model_2.pkl
MDH,0,0.0,regressor_model_2.pkl
PPM,0,0.0,regressor_model_2.pkl
PTRCTA2,1,-0.03670425275141594,regressor_model_2.pkl
DMALRED,0,0.0,regressor_model_2.pkl
G3PD2,0,0.0,regressor_model_2.pkl
DLYSPYRAT,1,0.0,regressor_model_2.pkl
DHSKDH,0,0.0,regressor_model_2.pkl
VALDHr,1,0.0,regressor_model_2.pkl
MEPCT,0,0.0,regressor_model_2.pkl
LSERDHr,0,0.0,regressor_model_2.pkl
G6PDH2r,0,0.0,regressor_model_2.pkl
DHQTi_copy1,0,0.0,regressor_model_2.pkl
DHQTi_copy2,0,0.0,regressor_model_2.pkl
HPYRRx,0,0.0,regressor_model_2.pkl
GLUDy,0,0.0,regressor_model_2.pkl
LTDCL,1,0.0,regressor_model_2.pkl
H2CO3D2,0,0.0,regressor_model_2.pkl
GAPD,0,0.0,regressor_model_2.pkl
SSALy,0,0.06683034348836593,regressor_model_2.pkl
GLYCTO1,0,0.0,regressor_model_2.pkl
ACS,0,0.0,regressor_model_2.pkl
PDHa,1,0.0,regressor_model_2.pkl
HEPCT,0,0.0,regressor_model_2.pkl
SERAT_copy1,0,0.0,regressor_model_2.pkl
VALTA,0,0.0,regressor_model_2.pkl
SUCOAS,0,0.0,regressor_model_2.pkl
FRDO4r,0,0.0,regressor_model_2.pkl
GLNS_copy1,1,0.0,regressor_model_2.pkl
ILEDHr_1,0,0.0,regressor_model_2.pkl
ENO,0,0.0,regressor_model_2.pkl
RBK,0,0.0,regressor_model_2.pkl
ALATRS,0,0.0,regressor_model_2.pkl
PTPATi,0,0.0,regressor_model_2.pkl
FDH,0,0.0,regressor_model_2.pkl
NDPK3,0,0.0,regressor_model_2.pkl
DHAD1_copy2,0,0.0,regressor_model_2.pkl
PHETA1,0,0.0,regressor_model_2.pkl
FALDM,0,0.0,regressor_model_2.pkl
PPND,0,0.0,regressor_model_2.pkl
PPK,0,0.0,regressor_model_2.pkl
PPA,0,0.0,regressor_model_2.pkl
PRASCSi_copy1,0,0.0,regressor_model_2.pkl
AROH,0,0.0,regressor_model_2.pkl
GLUSy,0,0.0,regressor_model_2.pkl
GLYALDDr,0,0.0,regressor_model_2.pkl
LLEUDr,0,0.0,regressor_model_2.pkl
AGMDA,0,0.0,regressor_model_2.pkl
GLYCK,0,0.0,regressor_model_2.pkl
FE3DCITR,0,0.0,regressor_model_2.pkl
TRPS1_copy1,0,0.0,regressor_model_2.pkl
AKGDH,1,0.04205104844744779,regressor_model_2.pkl
IDPh_1,0,0.0,regressor_model_2.pkl
DLYSOXGAT,0,0.0,regressor_model_2.pkl
NDP8,0,0.0,regressor_model_2.pkl
TALA,1,0.020234042068012235,regressor_model_2.pkl
URO_c,0,0.0,regressor_model_2.pkl
PGI,0,0.0,regressor_model_2.pkl
ICL,1,0.0650901288677741,regressor_model_2.pkl
PSCVT_copy1,0,0.0,regressor_model_2.pkl
PGK,0,0.0,regressor_model_2.pkl
HDH,0,0.0036354400432641602,regressor_model_2.pkl
ALDD1,0,0.0,regressor_model_2.pkl
FE3DCITCH,0,0.0,regressor_model_2.pkl
AGPOP,0,0.0,regressor_model_2.pkl
PRAIi_copy2,1,0.0,regressor_model_2.pkl
CBMKr,0,0.0,regressor_model_2.pkl
1PPDCRc,0,0.0,regressor_model_2.pkl
GAPDi_nadp,0,0.0,regressor_model_2.pkl
FE3PYOVDL,0,0.0,regressor_model_2.pkl
PGM,0,0.0,regressor_model_2.pkl
PMANM,0,0.0,regressor_model_2.pkl
ILETA,0,0.0,regressor_model_2.pkl
LEUTA,0,-0.02272904245954687,regressor_model_2.pkl
R15BPK,0,0.0,regressor_model_2.pkl
LYSRC,0,0.0,regressor_model_2.pkl
OXOADLR,1,0.0,regressor_model_2.pkl
TRPS3,0,0.0,regressor_model_2.pkl
H2CO3D,0,0.0,regressor_model_2.pkl
SERAT_copy2,0,0.0,regressor_model_2.pkl
HSK,0,0.0,regressor_model_2.pkl
PPNDH,1,0.00329368056299212,regressor_model_2.pkl
PSCVT_copy2,0,0.0,regressor_model_2.pkl
G5SD_copy2,0,0.0,regressor_model_2.pkl
ADK1,0,0.0,regressor_model_2.pkl
NTD4,0,0.0,regressor_model_2.pkl
PHETHPTOX3,0,0.0,regressor_model_2.pkl
ALATA_L,0,0.0,regressor_model_2.pkl
MEPCT_1,0,0.0,regressor_model_2.pkl
PDH,0,0.0,regressor_model_2.pkl
MALS,1,0.0,regressor_model_2.pkl
ANHMK,0,0.0,regressor_model_2.pkl
RECOAH7,0,0.0,regressor_model_2.pkl
GLUDxi,0,0.0,regressor_model_2.pkl
TRPS1_copy2,0,0.0,regressor_model_2.pkl
ALLTN,0,0.0,regressor_model_2.pkl
NDPK5,1,0.0,regressor_model_2.pkl
HISTD,0,0.0,regressor_model_2.pkl
ME2,0,0.0,regressor_model_2.pkl
GLXCL,0,0.0,regressor_model_2.pkl
PRPPS,0,0.0,regressor_model_2.pkl
URIH,0,0.0,regressor_model_2.pkl
PPCK,0,0.0023781486628691173,regressor_model_2.pkl
ALAR,0,0.0,regressor_model_2.pkl
HPYRI,0,0.0,regressor_model_2.pkl
PRAIi_copy1,0,0.0,regressor_model_2.pkl
CSPMDDH,0,0.0,regressor_model_2.pkl
MAN1PT2,1,0.0,regressor_model_2.pkl
HCO3E,0,0.0,regressor_model_2.pkl
DHAD1_copy1,0,0.0,regressor_model_2.pkl
APPAT,0,0.0,regressor_model_2.pkl
ADPT,0,0.0,regressor_model_2.pkl
PRASCSi_copy2,0,0.0,regressor_model_2.pkl
CBPS,0,0.0,regressor_model_2.pkl
FRDO7r,0,0.0,regressor_model_2.pkl
TRSARr,0,0.0,regressor_model_2.pkl
G5SD_copy1,0,0.0,regressor_model_2.pkl
GLNS_copy2,0,0.0,regressor_model_2.pkl
FRDO6r,0,0.0,regressor_model_2.pkl
MDH,0,0.0,regressor_model_2.pkl
PPM,0,0.0,regressor_model_2.pkl
PTRCTA2,1,0.06028059631725941,regressor_model_2.pkl
DMALRED,0,0.0,regressor_model_2.pkl
G3PD2,0,0.0,regressor_model_2.pkl
DLYSPYRAT,1,0.0,regressor_model_2.pkl
DHSKDH,0,0.0,regressor_model_2.pkl
VALDHr,1,0.0,regressor_model_2.pkl
MEPCT,0,0.0,regressor_model_2.pkl
LSERDHr,0,0.0,regressor_model_2.pkl
G6PDH2r,0,0.0,regressor_model_2.pkl
DHQTi_copy1,0,0.0,regressor_model_2.pkl
DHQTi_copy2,0,0.0,regressor_model_2.pkl
HPYRRx,0,0.0,regressor_model_2.pkl
GLUDy,0,0.0,regressor_model_2.pkl
LTDCL,0,0.0,regressor_model_2.pkl
H2CO3D2,0,0.0,regressor_model_2.pkl
GAPD,0,0.0,regressor_model_2.pkl
SSALy,1,0.0,regressor_model_2.pkl
GLYCTO1,1,0.0,regressor_model_2.pkl
ACS,0,0.0,regressor_model_2.pkl
PDHa,1,0.0,regressor_model_2.pkl
HEPCT,0,0.0,regressor_model_2.pkl
SERAT_copy1,0,0.0,regressor_model_2.pkl
VALTA,0,0.0,regressor_model_2.pkl
SUCOAS,0,0.0,regressor_model_2.pkl
FRDO4r,0,0.0,regressor_model_2.pkl
GLNS_copy1,1,0.0,regressor_model_2.pkl
ILEDHr_1,0,0.0,regressor_model_2.pkl
ENO,0,0.0,regressor_model_2.pkl
RBK,0,0.0,regressor_model_2.pkl
ALATRS,0,0.0,regressor_model_2.pkl
PTPATi,0,0.0,regressor_model_2.pkl
FDH,0,0.0,regressor_model_2.pkl
NDPK3,0,0.0,regressor_model_2.pkl
DHAD1_copy2,0,0.0,regressor_model_2.pkl
PHETA1,0,0.0,regressor_model_2.pkl
FALDM,0,0.0,regressor_model_2.pkl
PPND,0,0.005921296369766073,regressor_model_2.pkl
PPK,0,0.0,regressor_model_2.pkl
PPA,0,0.0,regressor_model_2.pkl
PRASCSi_copy1,0,0.0,regressor_model_2.pkl
AROH,0,0.0,regressor_model_2.pkl
GLUSy,0,0.0,regressor_model_2.pkl
GLYALDDr,0,0.0,regressor_model_2.pkl
LLEUDr,0,0.0,regressor_model_2.pkl
AGMDA,0,0.0,regressor_model_2.pkl
GLYCK,0,0.0,regressor_model_2.pkl
FE3DCITR,0,0.0,regressor_model_2.pkl
TRPS1_copy1,0,0.0,regressor_model_2.pkl
AKGDH,1,0.051266247134883244,regressor_model_2.pkl
IDPh_1,0,0.0,regressor_model_2.pkl
DLYSOXGAT,0,0.0,regressor_model_2.pkl
NDP8,0,0.0,regressor_model_2.pkl
TALA,1,0.047633607183849236,regressor_model_2.pkl
URO_c,0,0.0,regressor_model_2.pkl
PGI,0,0.0,regressor_model_2.pkl
ICL,1,0.0799134115832717,regressor_model_2.pkl
PSCVT_copy1,0,0.0,regressor_model_2.pkl
PGK,0,0.0025719097999052608,regressor_model_2.pkl
HDH,0,0.0,regressor_model_2.pkl
ALDD1,0,0.0,regressor_model_2.pkl
FE3DCITCH,0,0.0,regressor_model_2.pkl
AGPOP,0,0.0,regressor_model_2.pkl
PRAIi_copy2,1,0.0,regressor_model_2.pkl
CBMKr,0,0.0,regressor_model_2.pkl
1PPDCRc,1,-0.029789812530925858,regressor_model_2.pkl
GAPDi_nadp,0,0.0,regressor_model_2.pkl
FE3PYOVDL,0,0.0,regressor_model_2.pkl
PGM,0,0.0,regressor_model_2.pkl
PMANM,0,0.0,regressor_model_2.pkl
ILETA,0,0.0,regressor_model_2.pkl
LEUTA,0,0.0,regressor_model_2.pkl
R15BPK,0,0.0,regressor_model_2.pkl
LYSRC,0,0.0,regressor_model_2.pkl
OXOADLR,1,0.0015476708895912025,regressor_model_2.pkl
TRPS3,0,0.0,regressor_model_2.pkl
H2CO3D,1,0.0,regressor_model_2.pkl
SERAT_copy2,0,0.0010334200797596416,regressor_model_2.pkl
HSK,0,0.0,regressor_model_2.pkl
PPNDH,1,0.0,regressor_model_2.pkl
PSCVT_copy2,0,0.0,regressor_model_2.pkl
G5SD_copy2,0,0.0,regressor_model_2.pkl
ADK1,0,0.0,regressor_model_2.pkl
NTD4,0,0.0,regressor_model_2.pkl
PHETHPTOX3,1,0.0,regressor_model_2.pkl
ALATA_L,0,0.0,regressor_model_2.pkl
MEPCT_1,0,0.0,regressor_model_2.pkl
PDH,0,0.0,regressor_model_2.pkl
MALS,0,0.0,regressor_model_2.pkl
ANHMK,0,0.0,regressor_model_2.pkl
RECOAH7,0,0.0,regressor_model_2.pkl
GLUDxi,0,0.0,regressor_model_2.pkl
TRPS1_copy2,0,0.0,regressor_model_2.pkl
ALLTN,0,0.0,regressor_model_2.pkl
NDPK5,0,0.0,regressor_model_2.pkl
HISTD,0,0.0,regressor_model_2.pkl
ME2,0,0.0,regressor_model_2.pkl
GLXCL,0,0.0,regressor_model_2.pkl
PRPPS,0,0.0,regressor_model_2.pkl
URIH,0,0.0,regressor_model_2.pkl
PPCK,0,0.0,regressor_model_2.pkl
ALAR,0,0.0021521455529375233,regressor_model_2.pkl
HPYRI,1,0.0,regressor_model_2.pkl
PRAIi_copy1,0,0.0,regressor_model_2.pkl
CSPMDDH,0,0.0,regressor_model_2.pkl
MAN1PT2,1,0.0,regressor_model_2.pkl
HCO3E,0,0.0,regressor_model_2.pkl
DHAD1_copy1,0,0.0,regressor_model_2.pkl
APPAT,0,0.0,regressor_model_2.pkl
ADPT,0,0.0,regressor_model_2.pkl
PRASCSi_copy2,0,0.0,regressor_model_2.pkl
CBPS,0,0.0,regressor_model_2.pkl
FRDO7r,0,0.0,regressor_model_2.pkl
TRSARr,0,0.0,regressor_model_2.pkl
G5SD_copy1,0,0.0,regressor_model_2.pkl
GLNS_copy2,0,0.0,regressor_model_2.pkl
FRDO6r,0,0.0,regressor_model_2.pkl
MDH,0,0.0,regressor_model_2.pkl
PPM,0,0.0,regressor_model_2.pkl
PTRCTA2,1,0.042752609339653316,regressor_model_2.pkl
DMALRED,0,0.0,regressor_model_2.pkl
G3PD2,0,0.0,regressor_model_2.pkl
DLYSPYRAT,0,0.0,regressor_model_2.pkl
DHSKDH,0,0.0,regressor_model_2.pkl
VALDHr,1,0.0004525806594045835,regressor_model_2.pkl
MEPCT,0,0.0010390279826614074,regressor_model_2.pkl
LSERDHr,0,0.0,regressor_model_2.pkl
G6PDH2r,0,0.0,regressor_model_2.pkl
DHQTi_copy1,0,0.0,regressor_model_2.pkl
DHQTi_copy2,0,0.0,regressor_model_2.pkl
HPYRRx,0,0.0,regressor_model_2.pkl
GLUDy,0,0.0,regressor_model_2.pkl
LTDCL,1,0.0,regressor_model_2.pkl
H2CO3D2,0,0.0,regressor_model_2.pkl
GAPD,1,0.0,regressor_model_2.pkl
SSALy,1,0.0,regressor_model_2.pkl
GLYCTO1,0,0.0,regressor_model_2.pkl
ACS,0,0.0,regressor_model_2.pkl
PDHa,1,0.0,regressor_model_2.pkl
HEPCT,0,0.0,regressor_model_2.pkl
SERAT_copy1,0,0.0,regressor_model_2.pkl
VALTA,0,0.0,regressor_model_2.pkl
SUCOAS,0,0.0,regressor_model_2.pkl
FRDO4r,0,0.0,regressor_model_2.pkl
GLNS_copy1,1,0.0,regressor_model_2.pkl
ILEDHr_1,0,0.0,regressor_model_2.pkl
ENO,0,0.0,regressor_model_2.pkl
RBK,0,0.0,regressor_model_2.pkl
ALATRS,0,0.0,regressor_model_2.pkl
PTPATi,0,0.0,regressor_model_2.pkl
FDH,0,0.0,regressor_model_2.pkl
NDPK3,0,0.0,regressor_model_2.pkl
DHAD1_copy2,0,0.0,regressor_model_2.pkl
PHETA1,0,0.0,regressor_model_2.pkl
FALDM,0,0.0,regressor_model_2.pkl
PPND,0,0.004877705633870401,regressor_model_2.pkl
PPK,0,0.0,regressor_model_2.pkl
PPA,0,0.0,regressor_model_2.pkl
PRASCSi_copy1,0,0.0,regressor_model_2.pkl
AROH,0,0.0,regressor_model_2.pkl
GLUSy,0,0.0,regressor_model_2.pkl
GLYALDDr,0,0.0,regressor_model_2.pkl
LLEUDr,1,0.0,regressor_model_2.pkl
AGMDA,0,0.0,regressor_model_2.pkl
GLYCK,1,0.0,regressor_model_2.pkl
FE3DCITR,0,0.0,regressor_model_2.pkl
TRPS1_copy1,0,0.0,regressor_model_2.pkl
AKGDH,1,0.037810054441044655,regressor_model_2.pkl
IDPh_1,0,0.0,regressor_model_2.pkl
DLYSOXGAT,0,0.0,regressor_model_2.pkl
NDP8,0,0.0,regressor_model_2.pkl
TALA,1,0.021275333338651628,regressor_model_2.pkl
URO_c,0,0.0,regressor_model_2.pkl
PGI,0,0.0,regressor_model_2.pkl
ICL,1,0.06096706146601143,regressor_model_2.pkl
PSCVT_copy1,0,0.0,regressor_model_2.pkl
PGK,0,0.0010468737844659994,regressor_model_2.pkl
HDH,1,0.0,regressor_model_2.pkl
ALDD1,0,0.0,regressor_model_2.pkl
FE3DCITCH,0,0.0,regressor_model_2.pkl
AGPOP,0,0.0,regressor_model_2.pkl
PRAIi_copy2,1,0.0020496345067596558,regressor_model_2.pkl
CBMKr,0,0.0,regressor_model_2.pkl
1PPDCRc,0,0.0,regressor_model_2.pkl
GAPDi_nadp,0,0.0,regressor_model_2.pkl
FE3PYOVDL,0,0.0,regressor_model_2.pkl
PGM,0,0.0,regressor_model_2.pkl
PMANM,0,0.0,regressor_model_2.pkl
ILETA,0,0.0,regressor_model_2.pkl
LEUTA,0,0.0,regressor_model_2.pkl
R15BPK,0,0.0,regressor_model_2.pkl
LYSRC,0,0.0,regressor_model_2.pkl
OXOADLR,1,0.0,regressor_model_2.pkl
TRPS3,0,0.0,regressor_model_2.pkl
H2CO3D,0,0.0,regressor_model_2.pkl
SERAT_copy2,0,0.0,regressor_model_2.pkl
HSK,0,0.0,regressor_model_2.pkl
PPNDH,0,0.001435353477046497,regressor_model_2.pkl
PSCVT_copy2,0,0.0008851646270859473,regressor_model_2.pkl
G5SD_copy2,0,0.0,regressor_model_2.pkl
ADK1,0,0.0,regressor_model_2.pkl
NTD4,0,0.0,regressor_model_2.pkl
PHETHPTOX3,0,0.0,regressor_model_2.pkl
ALATA_L,0,0.0,regressor_model_2.pkl
MEPCT_1,1,0.0,regressor_model_2.pkl
PDH,0,0.0,regressor_model_2.pkl
MALS,1,0.001374344186801257,regressor_model_2.pkl
ANHMK,0,0.0,regressor_model_2.pkl
RECOAH7,0,0.0,regressor_model_2.pkl
GLUDxi,0,0.0,regressor_model_2.pkl
TRPS1_copy2,0,0.0,regressor_model_2.pkl
ALLTN,0,0.0,regressor_model_2.pkl
NDPK5,1,0.0,regressor_model_2.pkl
HISTD,0,0.0,regressor_model_2.pkl
ME2,0,0.0,regressor_model_2.pkl
GLXCL,0,0.0,regressor_model_2.pkl
PRPPS,0,0.0,regressor_model_2.pkl
URIH,0,0.0,regressor_model_2.pkl
PPCK,0,0.0009483191380701446,regressor_model_2.pkl
ALAR,0,0.0,regressor_model_2.pkl
HPYRI,1,0.0,regressor_model_2.pkl
PRAIi_copy1,0,-0.06517244945696613,regressor_model_2.pkl
CSPMDDH,0,0.0010376831273649597,regressor_model_2.pkl
MAN1PT2,1,0.0,regressor_model_2.pkl
HCO3E,1,0.0,regressor_model_2.pkl
DHAD1_copy1,0,0.0,regressor_model_2.pkl
APPAT,0,0.0,regressor_model_2.pkl
ADPT,0,0.0,regressor_model_2.pkl
PRASCSi_copy2,0,0.0,regressor_model_2.pkl
CBPS,0,0.0,regressor_model_2.pkl
FRDO7r,0,0.0,regressor_model_2.pkl
TRSARr,0,0.0,regressor_model_2.pkl
G5SD_copy1,0,0.0,regressor_model_2.pkl
GLNS_copy2,0,0.0,regressor_model_2.pkl
FRDO6r,0,0.0,regressor_model_2.pkl
MDH,0,0.0,regressor_model_2.pkl
PPM,0,0.001411891092601758,regressor_model_2.pkl
PTRCTA2,1,0.0370685653006662,regressor_model_2.pkl
DMALRED,0,0.0,regressor_model_2.pkl
G3PD2,0,0.0,regressor_model_2.pkl
DLYSPYRAT,1,0.0,regressor_model_2.pkl
DHSKDH,0,0.0,regressor_model_2.pkl
VALDHr,0,0.0,regressor_model_2.pkl
MEPCT,0,0.0,regressor_model_2.pkl
LSERDHr,1,0.0,regressor_model_2.pkl
G6PDH2r,0,0.0,regressor_model_2.pkl
DHQTi_copy1,0,0.0,regressor_model_2.pkl
DHQTi_copy2,0,0.0,regressor_model_2.pkl
HPYRRx,0,0.0,regressor_model_2.pkl
GLUDy,0,0.0,regressor_model_2.pkl
LTDCL,1,0.0,regressor_model_2.pkl
H2CO3D2,0,0.0,regressor_model_2.pkl
GAPD,0,0.0,regressor_model_2.pkl
SSALy,0,0.014511251126422611,regressor_model_2.pkl
GLYCTO1,0,0.0,regressor_model_2.pkl
ACS,0,0.0,regressor_model_2.pkl
PDHa,0,0.0,regressor_model_2.pkl
HEPCT,0,0.0,regressor_model_2.pkl
SERAT_copy1,0,0.0,regressor_model_2.pkl
VALTA,0,0.0,regressor_model_2.pkl
SUCOAS,0,0.0,regressor_model_2.pkl
FRDO4r,0,0.0,regressor_model_2.pkl
GLNS_copy1,0,0.0,regressor_model_2.pkl
ILEDHr_1,0,0.0,regressor_model_2.pkl
ENO,0,0.0,regressor_model_2.pkl
RBK,0,0.0,regressor_model_2.pkl
ALATRS,0,0.0,regressor_model_2.pkl
PTPATi,0,0.0,regressor_model_2.pkl
FDH,0,0.0,regressor_model_2.pkl
NDPK3,0,0.0,regressor_model_2.pkl
DHAD1_copy2,0,0.0,regressor_model_2.pkl
PHETA1,0,0.0,regressor_model_2.pkl
FALDM,0,0.0,regressor_model_2.pkl
PPND,0,0.0058220255378465735,regressor_model_2.pkl
PPK,0,0.0,regressor_model_2.pkl
PPA,0,0.0,regressor_model_2.pkl
PRASCSi_copy1,0,0.0,regressor_model_2.pkl
AROH,0,0.0,regressor_model_2.pkl
GLUSy,0,0.0,regressor_model_2.pkl
GLYALDDr,0,0.0,regressor_model_2.pkl
LLEUDr,0,0.0,regressor_model_2.pkl
AGMDA,0,0.0,regressor_model_2.pkl
GLYCK,0,0.0,regressor_model_2.pkl
FE3DCITR,1,0.0,regressor_model_2.pkl
TRPS1_copy1,0,0.0,regressor_model_2.pkl
AKGDH,1,0.06114003382748317,regressor_model_2.pkl
IDPh_1,0,0.0,regressor_model_2.pkl
DLYSOXGAT,0,0.0,regressor_model_2.pkl
NDP8,0,0.0,regressor_model_2.pkl
TALA,1,0.048883181172329045,regressor_model_2.pkl
URO_c,0,0.0,regressor_model_2.pkl
PGI,0,0.0,regressor_model_2.pkl
ICL,1,0.09330347282823032,regressor_model_2.pkl
PSCVT_copy1,0,0.0,regressor_model_2.pkl
PGK,0,0.0,regressor_model_2.pkl
HDH,0,0.0,regressor_model_2.pkl
ALDD1,0,0.0,regressor_model_2.pkl
FE3DCITCH,0,0.0,regressor_model_2.pkl
AGPOP,0,0.0,regressor_model_2.pkl
PRAIi_copy2,1,0.0,regressor_model_2.pkl
CBMKr,0,0.0,regressor_model_2.pkl
1PPDCRc,0,0.0,regressor_model_2.pkl
GAPDi_nadp,0,0.0,regressor_model_2.pkl
FE3PYOVDL,0,0.0,regressor_model_2.pkl
PGM,0,0.0,regressor_model_2.pkl
PMANM,0,0.0,regressor_model_2.pkl
ILETA,0,0.0,regressor_model_2.pkl
LEUTA,0,0.0,regressor_model_2.pkl
R15BPK,0,0.0,regressor_model_2.pkl
LYSRC,0,0.0,regressor_model_2.pkl
OXOADLR,1,0.0,regressor_model_2.pkl
TRPS3,0,0.0,regressor_model_2.pkl
H2CO3D,0,0.0,regressor_model_2.pkl
SERAT_copy2,0,-0.020581564799796677,regressor_model_2.pkl
HSK,0,0.0,regressor_model_2.pkl
PPNDH,1,0.003313441015465776,regressor_model_2.pkl
PSCVT_copy2,0,0.0,regressor_model_2.pkl
G5SD_copy2,0,0.0,regressor_model_2.pkl
ADK1,0,0.0,regressor_model_2.pkl
NTD4,0,0.0,regressor_model_2.pkl
PHETHPTOX3,1,0.0,regressor_model_2.pkl
ALATA_L,0,0.0,regressor_model_2.pkl
MEPCT_1,0,0.0,regressor_model_2.pkl
PDH,0,0.0,regressor_model_2.pkl
MALS,1,0.0,regressor_model_2.pkl
ANHMK,0,0.0,regressor_model_2.pkl
RECOAH7,0,0.0,regressor_model_2.pkl
GLUDxi,0,0.0,regressor_model_2.pkl
TRPS1_copy2,0,0.0,regressor_model_2.pkl
ALLTN,0,0.0,regressor_model_2.pkl
NDPK5,1,0.0,regressor_model_2.pkl
HISTD,0,0.0,regressor_model_2.pkl
ME2,0,0.0,regressor_model_2.pkl
GLXCL,0,0.0,regressor_model_2.pkl
PRPPS,0,0.0,regressor_model_2.pkl
URIH,0,0.0,regressor_model_2.pkl
PPCK,0,0.005351921882977256,regressor_model_2.pkl
ALAR,0,0.0,regressor_model_2.pkl
HPYRI,0,0.0,regressor_model_2.pkl
PRAIi_copy1,0,0.0,regressor_model_2.pkl
CSPMDDH,0,0.0,regressor_model_2.pkl
MAN1PT2,1,0.0,regressor_model_2.pkl
HCO3E,0,0.0,regressor_model_2.pkl
DHAD1_copy1,0,0.0,regressor_model_2.pkl
APPAT,0,0.0,regressor_model_2.pkl
ADPT,0,0.0,regressor_model_2.pkl
PRASCSi_copy2,0,0.0,regressor_model_2.pkl
CBPS,0,0.0,regressor_model_2.pkl
FRDO7r,0,0.0,regressor_model_2.pkl
TRSARr,0,0.0,regressor_model_2.pkl
G5SD_copy1,0,0.0,regressor_model_2.pkl
GLNS_copy2,0,0.0,regressor_model_2.pkl
FRDO6r,0,0.0,regressor_model_2.pkl
MDH,0,0.0,regressor_model_2.pkl
PPM,0,0.0,regressor_model_2.pkl
PTRCTA2,1,0.030486890318165344,regressor_model_2.pkl
DMALRED,0,0.0,regressor_model_2.pkl
G3PD2,0,0.0,regressor_model_2.pkl
DLYSPYRAT,1,0.0,regressor_model_2.pkl
DHSKDH,0,0.0,regressor_model_2.pkl
VALDHr,1,0.0,regressor_model_2.pkl
MEPCT,0,0.0013068454849271894,regressor_model_2.pkl
LSERDHr,0,0.0,regressor_model_2.pkl
G6PDH2r,0,0.0,regressor_model_2.pkl
DHQTi_copy1,0,0.0,regressor_model_2.pkl
DHQTi_copy2,0,0.0,regressor_model_2.pkl
HPYRRx,0,0.0,regressor_model_2.pkl
GLUDy,0,0.0,regressor_model_2.pkl
LTDCL,1,0.0,regressor_model_2.pkl
H2CO3D2,0,0.0,regressor_model_2.pkl
GAPD,0,0.001340998930149477,regressor_model_2.pkl
SSALy,1,0.0211091239734714,regressor_model_2.pkl
GLYCTO1,0,0.0,regressor_model_2.pkl
ACS,0,0.0011578863719157743,regressor_model_2.pkl
PDHa,1,0.0,regressor_model_2.pkl
HEPCT,0,0.0,regressor_model_2.pkl
SERAT_copy1,0,0.0,regressor_model_2.pkl
VALTA,0,0.0,regressor_model_2.pkl
SUCOAS,0,0.0,regressor_model_2.pkl
FRDO4r,0,0.0,regressor_model_2.pkl
GLNS_copy1,1,0.0,regressor_model_2.pkl
ILEDHr_1,0,0.0,regressor_model_2.pkl
ENO,0,0.0,regressor_model_2.pkl
RBK,0,0.0,regressor_model_2.pkl
ALATRS,0,0.0,regressor_model_2.pkl
PTPATi,0,0.0,regressor_model_2.pkl
FDH,0,0.0,regressor_model_2.pkl
NDPK3,0,0.0,regressor_model_2.pkl
DHAD1_copy2,0,0.0,regressor_model_2.pkl
PHETA1,0,0.0,regressor_model_2.pkl
FALDM,0,0.0,regressor_model_2.pkl
PPND,0,0.00538711146167663,regressor_model_2.pkl
PPK,0,0.0,regressor_model_2.pkl
PPA,0,0.0,regressor_model_2.pkl
PRASCSi_copy1,0,0.0,regressor_model_2.pkl
AROH,0,0.0,regressor_model_2.pkl
GLUSy,0,0.0,regressor_model_2.pkl
GLYALDDr,0,0.0,regressor_model_2.pkl
LLEUDr,1,0.001206293517548251,regressor_model_2.pkl
AGMDA,0,0.0,regressor_model_2.pkl
GLYCK,0,0.0,regressor_model_2.pkl
FE3DCITR,0,0.0,regressor_model_2.pkl
TRPS1_copy1,0,0.0,regressor_model_2.pkl
AKGDH,1,0.06966491074948329,regressor_model_2.pkl
IDPh_1,0,0.0,regressor_model_2.pkl
DLYSOXGAT,0,0.0,regressor_model_2.pkl
NDP8,0,0.0,regressor_model_2.pkl
TALA,1,0.04042875920066816,regressor_model_2.pkl
URO_c,0,0.0,regressor_model_2.pkl
PGI,0,0.0,regressor_model_2.pkl
ICL,1,0.10674367362506504,regressor_model_2.pkl
PSCVT_copy1,0,0.0015524187950026803,regressor_model_2.pkl
PGK,0,0.0032504808215181365,regressor_model_2.pkl
HDH,1,0.0,regressor_model_2.pkl
ALDD1,0,0.0,regressor_model_2.pkl
FE3DCITCH,0,0.0,regressor_model_2.pkl
AGPOP,0,0.0,regressor_model_2.pkl
PRAIi_copy2,1,0.0,regressor_model_2.pkl
CBMKr,0,0.0,regressor_model_2.pkl
1PPDCRc,0,0.0,regressor_model_2.pkl
GAPDi_nadp,0,0.0,regressor_model_2.pkl
FE3PYOVDL,0,0.0014602886825216945,regressor_model_2.pkl
PGM,0,0.0,regressor_model_2.pkl
PMANM,0,0.002254012230421389,regressor_model_2.pkl
ILETA,0,0.0,regressor_model_2.pkl
LEUTA,0,0.0,regressor_model_2.pkl
R15BPK,0,0.0,regressor_model_2.pkl
LYSRC,0,0.0,regressor_model_2.pkl
OXOADLR,1,0.0,regressor_model_2.pkl
TRPS3,0,0.0,regressor_model_2.pkl
H2CO3D,0,0.0,regressor_model_2.pkl
SERAT_copy2,0,0.0,regressor_model_2.pkl
HSK,0,0.0,regressor_model_2.pkl
PPNDH,1,0.0,regressor_model_2.pkl
PSCVT_copy2,0,0.0,regressor_model_2.pkl
G5SD_copy2,0,0.0,regressor_model_2.pkl
ADK1,0,0.0,regressor_model_2.pkl
NTD4,0,0.0,regressor_model_2.pkl
PHETHPTOX3,1,0.0,regressor_model_2.pkl
ALATA_L,0,0.0,regressor_model_2.pkl
MEPCT_1,0,0.0,regressor_model_2.pkl
PDH,0,0.0,regressor_model_2.pkl
MALS,1,0.0,regressor_model_2.pkl
ANHMK,0,0.0,regressor_model_2.pkl
RECOAH7,0,0.0019047705055654223,regressor_model_2.pkl
GLUDxi,0,0.0,regressor_model_2.pkl
TRPS1_copy2,0,0.0,regressor_model_2.pkl
ALLTN,0,0.0,regressor_model_2.pkl
NDPK5,0,0.0,regressor_model_2.pkl
HISTD,0,0.0,regressor_model_2.pkl
ME2,0,0.0,regressor_model_2.pkl
GLXCL,0,0.0,regressor_model_2.pkl
PRPPS,0,0.0,regressor_model_2.pkl
URIH,0,0.0,regressor_model_2.pkl
PPCK,0,0.0030394004151079075,regressor_model_2.pkl
ALAR,0,0.0014178855360463373,regressor_model_2.pkl
HPYRI,0,0.0,regressor_model_2.pkl
PRAIi_copy1,0,0.0,regressor_model_2.pkl
CSPMDDH,0,0.0,regressor_model_2.pkl
MAN1PT2,0,0.0,regressor_model_2.pkl
HCO3E,0,0.0,regressor_model_2.pkl
DHAD1_copy1,0,0.0,regressor_model_2.pkl
APPAT,0,0.0,regressor_model_2.pkl
ADPT,0,0.0,regressor_model_2.pkl
PRASCSi_copy2,0,0.0,regressor_model_2.pkl
CBPS,0,0.0017832666498447593,regressor_model_2.pkl
FRDO7r,0,0.0,regressor_model_2.pkl
TRSARr,0,0.0005696024360182239,regressor_model_2.pkl
G5SD_copy1,0,0.0,regressor_model_2.pkl
GLNS_copy2,0,0.0,regressor_model_2.pkl
FRDO6r,0,0.0,regressor_model_2.pkl
MDH,0,0.0,regressor_model_2.pkl
PPM,0,0.0,regressor_model_2.pkl
PTRCTA2,0,0.0674354514557512,regressor_model_2.pkl
DMALRED,0,0.0,regressor_model_2.pkl
G3PD2,0,0.0032614634351726336,regressor_model_2.pkl
DLYSPYRAT,0,0.0,regressor_model_2.pkl
DHSKDH,0,0.0,regressor_model_2.pkl
VALDHr,1,0.0,regressor_model_2.pkl
MEPCT,0,0.0,regressor_model_2.pkl
LSERDHr,1,0.0,regressor_model_2.pkl
G6PDH2r,0,0.0,regressor_model_2.pkl
DHQTi_copy1,0,0.0,regressor_model_2.pkl
DHQTi_copy2,0,0.0,regressor_model_2.pkl
HPYRRx,0,0.0,regressor_model_2.pkl
GLUDy,0,0.0,regressor_model_2.pkl
LTDCL,1,0.0,regressor_model_2.pkl
H2CO3D2,0,0.0,regressor_model_2.pkl
GAPD,0,0.0,regressor_model_2.pkl
SSALy,1,0.0,regressor_model_2.pkl
GLYCTO1,0,0.0,regressor_model_2.pkl
ACS,0,0.0,regressor_model_2.pkl
PDHa,1,0.0,regressor_model_2.pkl
HEPCT,0,0.0,regressor_model_2.pkl
SERAT_copy1,0,0.0,regressor_model_2.pkl
VALTA,0,0.0,regressor_model_2.pkl
SUCOAS,0,0.0,regressor_model_2.pkl
FRDO4r,0,0.0,regressor_model_2.pkl
GLNS_copy1,0,0.0,regressor_model_2.pkl
ILEDHr_1,0,0.0,regressor_model_2.pkl
ENO,0,0.0,regressor_model_2.pkl
RBK,0,0.0,regressor_model_2.pkl
ALATRS,0,0.0,regressor_model_2.pkl
PTPATi,0,0.0,regressor_model_2.pkl
FDH,0,0.0,regressor_model_2.pkl
NDPK3,0,0.0,regressor_model_2.pkl
DHAD1_copy2,0,0.0,regressor_model_2.pkl
PHETA1,0,0.0,regressor_model_2.pkl
FALDM,0,0.0,regressor_model_2.pkl
PPND,0,0.008618536132587699,regressor_model_2.pkl
PPK,0,0.0,regressor_model_2.pkl
PPA,0,0.0,regressor_model_2.pkl
PRASCSi_copy1,0,0.0,regressor_model_2.pkl
AROH,0,0.0,regressor_model_2.pkl
GLUSy,0,0.0,regressor_model_2.pkl
GLYALDDr,0,0.0,regressor_model_2.pkl
LLEUDr,0,0.0,regressor_model_2.pkl
AGMDA,0,0.0,regressor_model_2.pkl
GLYCK,0,0.0,regressor_model_2.pkl
FE3DCITR,1,0.0,regressor_model_2.pkl
TRPS1_copy1,0,0.0,regressor_model_2.pkl
AKGDH,1,0.0578567173807148,regressor_model_2.pkl
IDPh_1,0,0.0,regressor_model_2.pkl
DLYSOXGAT,0,0.0,regressor_model_2.pkl
NDP8,0,0.0,regressor_model_2.pkl
TALA,1,0.039254819370225014,regressor_model_2.pkl
URO_c,0,0.0,regressor_model_2.pkl
PGI,0,0.0,regressor_model_2.pkl
ICL,1,0.08626098523686979,regressor_model_2.pkl
PSCVT_copy1,0,0.0,regressor_model_2.pkl
PGK,0,0.0,regressor_model_2.pkl
HDH,1,0.0,regressor_model_2.pkl
ALDD1,0,0.0,regressor_model_2.pkl
FE3DCITCH,0,0.0,regressor_model_2.pkl
AGPOP,0,0.0,regressor_model_2.pkl
PRAIi_copy2,1,0.0,regressor_model_2.pkl
CBMKr,0,0.0,regressor_model_2.pkl
1PPDCRc,0,0.0,regressor_model_2.pkl
GAPDi_nadp,0,0.0,regressor_model_2.pkl
FE3PYOVDL,0,0.0,regressor_model_2.pkl
PGM,0,0.0,regressor_model_2.pkl
PMANM,0,0.0,regressor_model_2.pkl
ILETA,0,0.0,regressor_model_2.pkl
LEUTA,0,0.0,regressor_model_2.pkl
R15BPK,0,0.0,regressor_model_2.pkl
LYSRC,0,0.0,regressor_model_2.pkl
OXOADLR,0,0.0,regressor_model_2.pkl
TRPS3,0,0.0,regressor_model_2.pkl
H2CO3D,0,0.0,regressor_model_2.pkl
SERAT_copy2,0,0.0,regressor_model_2.pkl
HSK,0,0.0,regressor_model_2.pkl
PPNDH,0,0.0,regressor_model_2.pkl
PSCVT_copy2,0,0.0,regressor_model_2.pkl
G5SD_copy2,0,0.0,regressor_model_2.pkl
ADK1,0,0.0,regressor_model_2.pkl
NTD4,1,0.0,regressor_model_2.pkl
PHETHPTOX3,1,0.0,regressor_model_2.pkl
ALATA_L,0,0.0,regressor_model_2.pkl
MEPCT_1,0,0.0,regressor_model_2.pkl
PDH,0,0.0,regressor_model_2.pkl
MALS,1,0.0,regressor_model_2.pkl
ANHMK,0,0.0,regressor_model_2.pkl
RECOAH7,0,0.0,regressor_model_2.pkl
GLUDxi,0,0.0,regressor_model_2.pkl
TRPS1_copy2,0,0.0,regressor_model_2.pkl
ALLTN,0,0.0,regressor_model_2.pkl
NDPK5,1,0.0,regressor_model_2.pkl
HISTD,0,0.0,regressor_model_2.pkl
ME2,0,0.0,regressor_model_2.pkl
GLXCL,1,0.0,regressor_model_2.pkl
PRPPS,0,0.0,regressor_model_2.pkl
URIH,0,0.0,regressor_model_2.pkl
PPCK,0,0.0,regressor_model_2.pkl
ALAR,0,0.0,regressor_model_2.pkl
HPYRI,1,0.0,regressor_model_2.pkl
PRAIi_copy1,0,0.0,regressor_model_2.pkl
CSPMDDH,0,0.0,regressor_model_2.pkl
MAN1PT2,1,0.0,regressor_model_2.pkl
HCO3E,0,0.0,regressor_model_2.pkl
DHAD1_copy1,0,0.0,regressor_model_2.pkl
APPAT,0,0.0,regressor_model_2.pkl
ADPT,0,0.0,regressor_model_2.pkl
PRASCSi_copy2,0,0.0,regressor_model_2.pkl
CBPS,0,0.0,regressor_model_2.pkl
FRDO7r,0,0.0,regressor_model_2.pkl
TRSARr,0,0.0,regressor_model_2.pkl
G5SD_copy1,0,0.0,regressor_model_2.pkl
GLNS_copy2,0,0.0,regressor_model_2.pkl
FRDO6r,0,0.0,regressor_model_2.pkl
MDH,0,0.0,regressor_model_2.pkl
PPM,0,0.0,regressor_model_2.pkl
PTRCTA2,1,0.07188782277869334,regressor_model_2.pkl
DMALRED,0,0.0,regressor_model_2.pkl
G3PD2,0,0.0029687419741670678,regressor_model_2.pkl
DLYSPYRAT,0,0.0,regressor_model_2.pkl
DHSKDH,0,0.0,regressor_model_2.pkl
VALDHr,1,0.0020057159242068616,regressor_model_2.pkl
MEPCT,0,0.0,regressor_model_2.pkl
LSERDHr,0,0.0,regressor_model_2.pkl
G6PDH2r,0,0.0,regressor_model_2.pkl
DHQTi_copy1,0,0.0,regressor_model_2.pkl
DHQTi_copy2,0,0.0,regressor_model_2.pkl
HPYRRx,0,0.0,regressor_model_2.pkl
GLUDy,0,0.0,regressor_model_2.pkl
LTDCL,1,0.0,regressor_model_2.pkl
H2CO3D2,0,0.0,regressor_model_2.pkl
GAPD,0,0.0,regressor_model_2.pkl
SSALy,1,0.0,regressor_model_2.pkl
GLYCTO1,0,0.0,regressor_model_2.pkl
ACS,0,0.0,regressor_model_2.pkl
PDHa,1,0.0,regressor_model_2.pkl
HEPCT,0,0.0,regressor_model_2.pkl
SERAT_copy1,0,0.0016661910743881654,regressor_model_2.pkl
VALTA,0,0.0,regressor_model_2.pkl
SUCOAS,0,0.0023295935080528203,regressor_model_2.pkl
FRDO4r,0,0.0,regressor_model_2.pkl
GLNS_copy1,1,0.0,regressor_model_2.pkl
ILEDHr_1,0,0.0,regressor_model_2.pkl
ENO,0,0.0013482841288397875,regressor_model_2.pkl
RBK,0,0.0,regressor_model_2.pkl
ALATRS,0,0.0,regressor_model_2.pkl
PTPATi,0,0.0,regressor_model_2.pkl
FDH,0,0.0,regressor_model_2.pkl
NDPK3,0,0.0,regressor_model_2.pkl
DHAD1_copy2,0,0.0,regressor_model_2.pkl
PHETA1,0,0.0,regressor_model_2.pkl
FALDM,0,0.0,regressor_model_2.pkl
PPND,0,0.008058566667612677,regressor_model_2.pkl
PPK,0,0.0,regressor_model_2.pkl
PPA,0,0.0,regressor_model_2.pkl
PRASCSi_copy1,0,0.0,regressor_model_2.pkl
AROH,0,0.002148774292488887,regressor_model_2.pkl
GLUSy,0,0.0,regressor_model_2.pkl
GLYALDDr,1,0.0,regressor_model_2.pkl
LLEUDr,1,0.0,regressor_model_2.pkl
AGMDA,0,0.0,regressor_model_2.pkl
GLYCK,0,0.0,regressor_model_2.pkl
FE3DCITR,0,0.0,regressor_model_2.pkl
TRPS1_copy1,0,0.0,regressor_model_2.pkl
AKGDH,1,0.05929148475456304,regressor_model_2.pkl
IDPh_1,0,0.003137153338012714,regressor_model_2.pkl
DLYSOXGAT,0,0.0,regressor_model_2.pkl
NDP8,0,0.0,regressor_model_2.pkl
TALA,1,0.040332928914632346,regressor_model_2.pkl
URO_c,0,0.0,regressor_model_2.pkl
PGI,0,0.0,regressor_model_2.pkl
ICL,1,0.09822611649280144,regressor_model_2.pkl
PSCVT_copy1,0,0.0,regressor_model_2.pkl
PGK,0,0.0011436692592305686,regressor_model_2.pkl
HDH,1,0.0014874096182497672,regressor_model_2.pkl
ALDD1,0,0.0,regressor_model_2.pkl
FE3DCITCH,0,0.0,regressor_model_2.pkl
AGPOP,0,0.0018441359135281889,regressor_model_2.pkl
PRAIi_copy2,0,0.0,regressor_model_2.pkl
CBMKr,0,0.0,regressor_model_2.pkl
1PPDCRc,0,0.0,regressor_model_2.pkl
GAPDi_nadp,0,0.0,regressor_model_2.pkl
FE3PYOVDL,0,0.0,regressor_model_2.pkl
PGM,0,0.0,regressor_model_2.pkl
PMANM,0,0.0,regressor_model_2.pkl
ILETA,0,0.0,regressor_model_2.pkl
LEUTA,0,0.0,regressor_model_2.pkl
R15BPK,0,0.0,regressor_model_2.pkl
LYSRC,0,0.0,regressor_model_2.pkl
OXOADLR,1,0.0,regressor_model_2.pkl
TRPS3,0,0.0,regressor_model_2.pkl
H2CO3D,0,0.0,regressor_model_2.pkl
SERAT_copy2,1,0.0,regressor_model_2.pkl
HSK,0,0.0,regressor_model_2.pkl
PPNDH,1,0.0,regressor_model_2.pkl
PSCVT_copy2,0,0.0,regressor_model_2.pkl
G5SD_copy2,0,0.0,regressor_model_2.pkl
ADK1,0,0.0,regressor_model_2.pkl
NTD4,0,0.0,regressor_model_2.pkl
PHETHPTOX3,1,0.0,regressor_model_2.pkl
ALATA_L,0,0.0,regressor_model_2.pkl
MEPCT_1,0,0.0,regressor_model_2.pkl
PDH,0,0.0,regressor_model_2.pkl
MALS,1,0.0,regressor_model_2.pkl
ANHMK,0,0.0,regressor_model_2.pkl
RECOAH7,0,0.0,regressor_model_2.pkl
GLUDxi,0,0.0,regressor_model_2.pkl
TRPS1_copy2,0,0.0,regressor_model_2.pkl
ALLTN,0,0.0,regressor_model_2.pkl
NDPK5,0,0.0,regressor_model_2.pkl
HISTD,0,0.0,regressor_model_2.pkl
ME2,0,0.0,regressor_model_2.pkl
GLXCL,0,0.0,regressor_model_2.pkl
PRPPS,0,0.0,regressor_model_2.pkl
URIH,0,0.0,regressor_model_2.pkl
PPCK,0,0.0,regressor_model_2.pkl
ALAR,0,0.0029868571617346264,regressor_model_2.pkl
HPYRI,0,0.0,regressor_model_2.pkl
PRAIi_copy1,0,0.0,regressor_model_2.pkl
CSPMDDH,0,0.0,regressor_model_2.pkl
MAN1PT2,1,0.0,regressor_model_2.pkl
HCO3E,1,0.0,regressor_model_2.pkl
DHAD1_copy1,0,0.0,regressor_model_2.pkl
APPAT,0,0.0,regressor_model_2.pkl
ADPT,0,0.0,regressor_model_2.pkl
PRASCSi_copy2,0,0.0,regressor_model_2.pkl
CBPS,0,0.0,regressor_model_2.pkl
FRDO7r,0,0.0,regressor_model_2.pkl
TRSARr,0,0.0,regressor_model_2.pkl
G5SD_copy1,0,0.0,regressor_model_2.pkl
GLNS_copy2,0,0.0,regressor_model_2.pkl
FRDO6r,0,0.0,regressor_model_2.pkl
MDH,0,0.001170070576044402,regressor_model_2.pkl
PPM,0,0.0,regressor_model_2.pkl
PTRCTA2,1,0.07122608645217894,regressor_model_2.pkl
DMALRED,0,0.0,regressor_model_2.pkl
G3PD2,0,0.0,regressor_model_2.pkl
DLYSPYRAT,1,0.0,regressor_model_2.pkl
DHSKDH,0,0.0,regressor_model_2.pkl
VALDHr,1,0.0,regressor_model_2.pkl
MEPCT,0,0.0,regressor_model_2.pkl
LSERDHr,0,0.0,regressor_model_2.pkl
G6PDH2r,0,0.0,regressor_model_2.pkl
DHQTi_copy1,0,0.0,regressor_model_2.pkl
DHQTi_copy2,0,0.0,regressor_model_2.pkl
HPYRRx,0,0.0,regressor_model_2.pkl
GLUDy,0,0.0,regressor_model_2.pkl
LTDCL,1,0.0,regressor_model_2.pkl
H2CO3D2,0,0.0,regressor_model_2.pkl
GAPD,0,0.0,regressor_model_2.pkl
SSALy,0,0.0,regressor_model_2.pkl
GLYCTO1,0,0.0,regressor_model_2.pkl
ACS,0,0.0,regressor_model_2.pkl
PDHa,1,0.0,regressor_model_2.pkl
HEPCT,0,0.0,regressor_model_2.pkl
SERAT_copy1,0,0.0,regressor_model_2.pkl
VALTA,0,0.0,regressor_model_2.pkl
SUCOAS,0,0.0,regressor_model_2.pkl
FRDO4r,0,0.0,regressor_model_2.pkl
GLNS_copy1,1,0.0,regressor_model_2.pkl
ILEDHr_1,0,0.0,regressor_model_2.pkl
ENO,0,0.0,regressor_model_2.pkl
RBK,0,0.0,regressor_model_2.pkl
ALATRS,0,0.0,regressor_model_2.pkl
PTPATi,0,0.0,regressor_model_2.pkl
FDH,0,0.0,regressor_model_2.pkl
NDPK3,0,0.0,regressor_model_2.pkl
DHAD1_copy2,0,0.0,regressor_model_2.pkl
PHETA1,0,0.0,regressor_model_2.pkl
FALDM,0,0.0,regressor_model_2.pkl
PPND,0,0.010137052202522857,regressor_model_2.pkl
PPK,0,0.0,regressor_model_2.pkl
PPA,0,0.0,regressor_model_2.pkl
PRASCSi_copy1,0,0.0,regressor_model_2.pkl
AROH,0,0.0,regressor_model_2.pkl
GLUSy,0,0.0,regressor_model_2.pkl
GLYALDDr,0,0.0,regressor_model_2.pkl
LLEUDr,1,0.0,regressor_model_2.pkl
AGMDA,0,0.0,regressor_model_2.pkl
GLYCK,0,0.0,regressor_model_2.pkl
FE3DCITR,0,0.0,regressor_model_2.pkl
TRPS1_copy1,0,0.0,regressor_model_2.pkl
AKGDH,1,0.06525057048618879,regressor_model_2.pkl
IDPh_1,0,0.0,regressor_model_2.pkl
DLYSOXGAT,0,0.0,regressor_model_2.pkl
NDP8,0,0.0,regressor_model_2.pkl
TALA,1,0.039524198351116174,regressor_model_2.pkl
URO_c,0,0.0,regressor_model_2.pkl
PGI,0,0.0,regressor_model_2.pkl
ICL,1,0.09261653502194368,regressor_model_2.pkl
PSCVT_copy1,0,0.0,regressor_model_2.pkl
PGK,0,0.004380177921621542,regressor_model_2.pkl
HDH,1,0.0,regressor_model_2.pkl
ALDD1,0,0.0,regressor_model_2.pkl
FE3DCITCH,0,0.0,regressor_model_2.pkl
AGPOP,0,0.0,regressor_model_2.pkl
PRAIi_copy2,0,0.0,regressor_model_2.pkl
CBMKr,0,0.0,regressor_model_2.pkl
1PPDCRc,0,0.0,regressor_model_2.pkl
GAPDi_nadp,0,0.0,regressor_model_2.pkl
FE3PYOVDL,0,0.0,regressor_model_2.pkl
PGM,0,0.0,regressor_model_2.pkl
PMANM,0,0.0,regressor_model_2.pkl
ILETA,0,0.0,regressor_model_2.pkl
LEUTA,0,0.0,regressor_model_2.pkl
R15BPK,0,0.0,regressor_model_2.pkl
LYSRC,0,0.0,regressor_model_2.pkl
OXOADLR,1,0.0,regressor_model_2.pkl
TRPS3,0,0.0,regressor_model_2.pkl
H2CO3D,1,0.0,regressor_model_2.pkl
SERAT_copy2,1,0.0,regressor_model_2.pkl
HSK,0,0.0,regressor_model_2.pkl
PPNDH,1,0.0,regressor_model_2.pkl
PSCVT_copy2,0,0.0,regressor_model_2.pkl
G5SD_copy2,0,0.0,regressor_model_2.pkl
ADK1,0,0.0,regressor_model_2.pkl
NTD4,0,0.0,regressor_model_2.pkl
PHETHPTOX3,0,0.0,regressor_model_2.pkl
ALATA_L,0,0.0,regressor_model_2.pkl
MEPCT_1,0,0.0,regressor_model_2.pkl
PDH,0,0.0,regressor_model_2.pkl
MALS,0,0.0,regressor_model_2.pkl
ANHMK,0,0.0,regressor_model_2.pkl
RECOAH7,0,0.0,regressor_model_2.pkl
GLUDxi,0,0.0,regressor_model_2.pkl
TRPS1_copy2,0,0.0,regressor_model_2.pkl
ALLTN,0,0.0,regressor_model_2.pkl
NDPK5,1,0.0,regressor_model_2.pkl
HISTD,0,0.0,regressor_model_2.pkl
ME2,0,0.0,regressor_model_2.pkl
GLXCL,0,0.0,regressor_model_2.pkl
PRPPS,0,0.0,regressor_model_2.pkl
URIH,0,0.0,regressor_model_2.pkl
PPCK,0,0.0,regressor_model_2.pkl
ALAR,0,0.0,regressor_model_2.pkl
HPYRI,0,0.0,regressor_model_2.pkl
PRAIi_copy1,0,0.0,regressor_model_2.pkl
CSPMDDH,0,0.0,regressor_model_2.pkl
MAN1PT2,1,0.0,regressor_model_2.pkl
HCO3E,0,0.0,regressor_model_2.pkl
DHAD1_copy1,0,0.0,regressor_model_2.pkl
APPAT,0,0.0,regressor_model_2.pkl
ADPT,0,0.0,regressor_model_2.pkl
PRASCSi_copy2,0,0.0,regressor_model_2.pkl
CBPS,0,0.0,regressor_model_2.pkl
FRDO7r,0,0.0,regressor_model_2.pkl
TRSARr,0,0.0,regressor_model_2.pkl
G5SD_copy1,0,0.0,regressor_model_2.pkl
GLNS_copy2,0,0.0,regressor_model_2.pkl
FRDO6r,0,0.0,regressor_model_2.pkl
MDH,0,0.0,regressor_model_2.pkl
PPM,1,0.0,regressor_model_2.pkl
PTRCTA2,0,0.021127543942810537,regressor_model_2.pkl
DMALRED,0,0.0,regressor_model_2.pkl
G3PD2,0,0.0,regressor_model_2.pkl
DLYSPYRAT,0,0.0,regressor_model_2.pkl
DHSKDH,0,0.0,regressor_model_2.pkl
VALDHr,1,0.0,regressor_model_2.pkl
MEPCT,0,0.0,regressor_model_2.pkl
LSERDHr,0,0.0019174210362210096,regressor_model_2.pkl
G6PDH2r,0,0.0,regressor_model_2.pkl
DHQTi_copy1,0,0.0,regressor_model_2.pkl
DHQTi_copy2,0,0.0,regressor_model_2.pkl
HPYRRx,0,0.0,regressor_model_2.pkl
GLUDy,0,0.0,regressor_model_2.pkl
LTDCL,1,0.0,regressor_model_2.pkl
H2CO3D2,0,0.0,regressor_model_2.pkl
GAPD,0,0.0,regressor_model_2.pkl
SSALy,1,0.020208494464426196,regressor_model_2.pkl
GLYCTO1,0,0.0,regressor_model_2.pkl
ACS,0,0.0,regressor_model_2.pkl
PDHa,1,0.0,regressor_model_2.pkl
HEPCT,0,0.0,regressor_model_2.pkl
SERAT_copy1,0,0.0,regressor_model_2.pkl
VALTA,0,0.0,regressor_model_2.pkl
SUCOAS,0,0.0,regressor_model_2.pkl
FRDO4r,0,0.0,regressor_model_2.pkl
GLNS_copy1,1,0.0,regressor_model_2.pkl
ILEDHr_1,0,0.0,regressor_model_2.pkl
ENO,0,0.0,regressor_model_2.pkl
RBK,0,0.0,regressor_model_2.pkl
ALATRS,0,0.0,regressor_model_2.pkl
PTPATi,0,0.0,regressor_model_2.pkl
FDH,0,0.0,regressor_model_2.pkl
NDPK3,0,0.0,regressor_model_2.pkl
DHAD1_copy2,0,0.0,regressor_model_2.pkl
PHETA1,0,0.0,regressor_model_2.pkl
FALDM,0,0.0,regressor_model_2.pkl
PPND,0,0.005508234723698212,regressor_model_2.pkl
PPK,0,0.0,regressor_model_2.pkl
PPA,0,0.0,regressor_model_2.pkl
PRASCSi_copy1,0,0.0,regressor_model_2.pkl
AROH,0,0.0,regressor_model_2.pkl
GLUSy,0,0.0,regressor_model_2.pkl
GLYALDDr,0,0.0,regressor_model_2.pkl
LLEUDr,1,0.0,regressor_model_2.pkl
AGMDA,0,0.0,regressor_model_2.pkl
GLYCK,0,0.0,regressor_model_2.pkl
FE3DCITR,0,0.0,regressor_model_2.pkl
TRPS1_copy1,0,0.0,regressor_model_2.pkl
AKGDH,1,0.060563654538871775,regressor_model_2.pkl
IDPh_1,0,0.0,regressor_model_2.pkl
DLYSOXGAT,0,0.0,regressor_model_2.pkl
NDP8,0,0.0,regressor_model_2.pkl
TALA,1,0.0441973031442854,regressor_model_2.pkl
URO_c,0,0.0,regressor_model_2.pkl
PGI,0,0.0,regressor_model_2.pkl
ICL,1,0.0952083463475901,regressor_model_2.pkl
PSCVT_copy1,0,0.0,regressor_model_2.pkl
PGK,0,0.0025966387425809074,regressor_model_2.pkl
HDH,0,0.0,regressor_model_2.pkl
ALDD1,0,0.0,regressor_model_2.pkl
FE3DCITCH,0,0.0,regressor_model_2.pkl
AGPOP,0,0.0,regressor_model_2.pkl
PRAIi_copy2,0,0.0,regressor_model_2.pkl
CBMKr,0,0.0,regressor_model_2.pkl
1PPDCRc,0,0.0,regressor_model_2.pkl
GAPDi_nadp,0,0.0,regressor_model_2.pkl
FE3PYOVDL,0,0.0012676997073776503,regressor_model_2.pkl
PGM,0,0.0,regressor_model_2.pkl
PMANM,0,0.0,regressor_model_2.pkl
ILETA,0,0.0,regressor_model_2.pkl
LEUTA,0,0.0,regressor_model_2.pkl
R15BPK,0,0.0,regressor_model_2.pkl
LYSRC,0,0.0,regressor_model_2.pkl
OXOADLR,1,0.0,regressor_model_2.pkl
TRPS3,0,0.0,regressor_model_2.pkl
H2CO3D,0,0.0,regressor_model_2.pkl
SERAT_copy2,0,0.0,regressor_model_2.pkl
HSK,0,0.0,regressor_model_2.pkl
PPNDH,1,0.0,regressor_model_2.pkl
PSCVT_copy2,0,0.0,regressor_model_2.pkl
G5SD_copy2,0,0.0,regressor_model_2.pkl
ADK1,0,0.0,regressor_model_2.pkl
NTD4,0,0.0,regressor_model_2.pkl
PHETHPTOX3,1,0.0,regressor_model_2.pkl
ALATA_L,0,0.0,regressor_model_2.pkl
MEPCT_1,0,0.0,regressor_model_2.pkl
PDH,0,0.0,regressor_model_2.pkl
MALS,0,0.0,regressor_model_2.pkl
ANHMK,0,0.0,regressor_model_2.pkl
RECOAH7,0,0.0,regressor_model_2.pkl
GLUDxi,0,0.0,regressor_model_2.pkl
TRPS1_copy2,0,0.0,regressor_model_2.pkl
ALLTN,0,0.0,regressor_model_2.pkl
NDPK5,0,0.0,regressor_model_2.pkl
HISTD,0,0.0,regressor_model_2.pkl
ME2,0,0.0,regressor_model_2.pkl
GLXCL,0,0.0,regressor_model_2.pkl
PRPPS,0,0.0,regressor_model_2.pkl
URIH,0,0.0,regressor_model_2.pkl
PPCK,0,0.0013555244336552197,regressor_model_2.pkl
ALAR,0,0.0,regressor_model_2.pkl
HPYRI,0,0.0,regressor_model_2.pkl
PRAIi_copy1,0,0.0,regressor_model_2.pkl
CSPMDDH,0,0.0,regressor_model_2.pkl
MAN1PT2,1,0.0,regressor_model_2.pkl
HCO3E,0,0.0,regressor_model_2.pkl
DHAD1_copy1,0,0.0,regressor_model_2.pkl
APPAT,0,0.0,regressor_model_2.pkl
ADPT,0,0.0,regressor_model_2.pkl
PRASCSi_copy2,0,0.0,regressor_model_2.pkl
CBPS,0,0.0,regressor_model_2.pkl
FRDO7r,0,0.0,regressor_model_2.pkl
TRSARr,0,0.0,regressor_model_2.pkl
G5SD_copy1,0,0.0,regressor_model_2.pkl
GLNS_copy2,0,0.0,regressor_model_2.pkl
FRDO6r,0,0.0,regressor_model_2.pkl
MDH,0,0.0,regressor_model_2.pkl
PPM,0,0.0,regressor_model_2.pkl
PTRCTA2,0,-0.029155160191029948,regressor_model_2.pkl
DMALRED,0,0.0,regressor_model_2.pkl
G3PD2,0,0.0,regressor_model_2.pkl
DLYSPYRAT,0,0.0,regressor_model_2.pkl
DHSKDH,0,0.0,regressor_model_2.pkl
VALDHr,1,0.0,regressor_model_2.pkl
MEPCT,0,0.0,regressor_model_2.pkl
LSERDHr,0,0.0,regressor_model_2.pkl
G6PDH2r,0,0.0,regressor_model_2.pkl
DHQTi_copy1,0,0.0,regressor_model_2.pkl
DHQTi_copy2,0,0.0,regressor_model_2.pkl
HPYRRx,0,0.0,regressor_model_2.pkl
GLUDy,0,0.0,regressor_model_2.pkl
LTDCL,0,0.0,regressor_model_2.pkl
H2CO3D2,0,0.0,regressor_model_2.pkl
GAPD,0,0.0,regressor_model_2.pkl
SSALy,1,0.08287788362727826,regressor_model_2.pkl
GLYCTO1,0,0.0,regressor_model_2.pkl
ACS,0,0.0,regressor_model_2.pkl
PDHa,1,0.0034108667199239406,regressor_model_2.pkl
HEPCT,0,0.0,regressor_model_2.pkl
SERAT_copy1,0,0.0,regressor_model_2.pkl
VALTA,0,0.0,regressor_model_2.pkl
SUCOAS,0,0.0,regressor_model_2.pkl
FRDO4r,0,0.0,regressor_model_2.pkl
GLNS_copy1,1,0.0,regressor_model_2.pkl
ILEDHr_1,0,0.0,regressor_model_2.pkl
ENO,0,0.0,regressor_model_2.pkl
RBK,0,0.0,regressor_model_2.pkl
ALATRS,0,0.0,regressor_model_2.pkl
PTPATi,0,0.0,regressor_model_2.pkl
FDH,0,0.0,regressor_model_2.pkl
NDPK3,0,0.001768766012383235,regressor_model_2.pkl
DHAD1_copy2,0,0.0,regressor_model_2.pkl
PHETA1,0,0.0,regressor_model_2.pkl
FALDM,0,0.0,regressor_model_2.pkl
PPND,0,0.0,regressor_model_2.pkl
PPK,0,0.0,regressor_model_2.pkl
PPA,0,0.0,regressor_model_2.pkl
PRASCSi_copy1,0,0.0,regressor_model_2.pkl
AROH,0,0.0,regressor_model_2.pkl
GLUSy,0,0.0,regressor_model_2.pkl
GLYALDDr,0,0.0,regressor_model_2.pkl
LLEUDr,0,0.0,regressor_model_2.pkl
AGMDA,0,0.0,regressor_model_2.pkl
GLYCK,0,0.0,regressor_model_2.pkl
FE3DCITR,0,0.0,regressor_model_2.pkl
TRPS1_copy1,0,0.0,regressor_model_2.pkl
AKGDH,1,0.04846249092150964,regressor_model_2.pkl
IDPh_1,0,0.0,regressor_model_2.pkl
DLYSOXGAT,0,0.0,regressor_model_2.pkl
NDP8,0,0.0,regressor_model_2.pkl
TALA,1,0.023518551774497454,regressor_model_2.pkl
URO_c,0,0.0,regressor_model_2.pkl
PGI,0,0.0,regressor_model_2.pkl
ICL,1,0.07512542741154127,regressor_model_2.pkl
PSCVT_copy1,0,0.0,regressor_model_2.pkl
PGK,0,0.0,regressor_model_2.pkl
HDH,0,0.0,regressor_model_2.pkl
ALDD1,0,0.0,regressor_model_2.pkl
FE3DCITCH,0,0.0,regressor_model_2.pkl
AGPOP,0,0.0,regressor_model_2.pkl
PRAIi_copy2,1,0.0,regressor_model_2.pkl
CBMKr,0,0.0,regressor_model_2.pkl
1PPDCRc,0,0.0,regressor_model_2.pkl
GAPDi_nadp,0,0.0,regressor_model_2.pkl
FE3PYOVDL,0,0.0,regressor_model_2.pkl
PGM,0,0.0,regressor_model_2.pkl
PMANM,0,0.0,regressor_model_2.pkl
ILETA,0,0.0,regressor_model_2.pkl
LEUTA,0,0.0,regressor_model_2.pkl
R15BPK,0,0.0,regressor_model_2.pkl
LYSRC,0,0.0,regressor_model_2.pkl
OXOADLR,0,0.0,regressor_model_2.pkl
TRPS3,0,0.0,regressor_model_2.pkl
H2CO3D,0,0.0,regressor_model_2.pkl
SERAT_copy2,0,0.0,regressor_model_2.pkl
HSK,0,0.0,regressor_model_2.pkl
PPNDH,0,0.0,regressor_model_2.pkl
PSCVT_copy2,0,0.0,regressor_model_2.pkl
G5SD_copy2,0,0.0,regressor_model_2.pkl
ADK1,0,0.0,regressor_model_2.pkl
NTD4,0,0.0,regressor_model_2.pkl
PHETHPTOX3,0,0.0,regressor_model_2.pkl
ALATA_L,0,0.0,regressor_model_2.pkl
MEPCT_1,0,0.0,regressor_model_2.pkl
PDH,0,0.0,regressor_model_2.pkl
MALS,0,0.0,regressor_model_2.pkl
ANHMK,0,0.0,regressor_model_2.pkl
RECOAH7,0,0.0,regressor_model_2.pkl
GLUDxi,0,0.0,regressor_model_2.pkl
TRPS1_copy2,0,0.0011811899344066846,regressor_model_2.pkl
ALLTN,1,0.0,regressor_model_2.pkl
NDPK5,0,0.0,regressor_model_2.pkl
HISTD,0,0.0,regressor_model_2.pkl
ME2,0,0.0,regressor_model_2.pkl
GLXCL,0,0.0,regressor_model_2.pkl
PRPPS,0,0.0,regressor_model_2.pkl
URIH,0,0.0,regressor_model_2.pkl
PPCK,0,0.0,regressor_model_2.pkl
ALAR,0,0.0,regressor_model_2.pkl
HPYRI,0,0.0,regressor_model_2.pkl
PRAIi_copy1,0,0.0,regressor_model_2.pkl
CSPMDDH,0,0.0,regressor_model_2.pkl
MAN1PT2,1,0.0,regressor_model_2.pkl
HCO3E,0,0.0,regressor_model_2.pkl
DHAD1_copy1,0,0.0,regressor_model_2.pkl
APPAT,0,0.0,regressor_model_2.pkl
ADPT,0,0.0,regressor_model_2.pkl
PRASCSi_copy2,0,0.0,regressor_model_2.pkl
CBPS,0,0.0,regressor_model_2.pkl
FRDO7r,0,0.0019303178897042078,regressor_model_2.pkl
TRSARr,0,0.0,regressor_model_2.pkl
G5SD_copy1,0,0.0023806610254428207,regressor_model_2.pkl
GLNS_copy2,0,0.0,regressor_model_2.pkl
FRDO6r,0,0.0,regressor_model_2.pkl
MDH,0,0.0,regressor_model_2.pkl
PPM,0,0.0,regressor_model_2.pkl
PTRCTA2,1,0.012203121192801767,regressor_model_3.pkl
DMALRED,0,0.0,regressor_model_3.pkl
G3PD2,0,0.0,regressor_model_3.pkl
DLYSPYRAT,0,0.004941410893595207,regressor_model_3.pkl
DHSKDH,0,0.0,regressor_model_3.pkl
VALDHr,1,-0.007889595493588647,regressor_model_3.pkl
MEPCT,0,0.0,regressor_model_3.pkl
LSERDHr,0,0.0,regressor_model_3.pkl
G6PDH2r,1,0.0,regressor_model_3.pkl
DHQTi_copy1,1,0.0,regressor_model_3.pkl
DHQTi_copy2,0,0.0,regressor_model_3.pkl
HPYRRx,1,0.0,regressor_model_3.pkl
GLUDy,1,0.0,regressor_model_3.pkl
LTDCL,0,0.0,regressor_model_3.pkl
H2CO3D2,0,0.0,regressor_model_3.pkl
GAPD,0,0.0,regressor_model_3.pkl
SSALy,1,0.0288725179055855,regressor_model_3.pkl
GLYCTO1,0,0.0,regressor_model_3.pkl
ACS,0,0.0,regressor_model_3.pkl
PDHa,0,0.0,regressor_model_3.pkl
HEPCT,0,0.0,regressor_model_3.pkl
SERAT_copy1,0,0.0,regressor_model_3.pkl
VALTA,0,0.0,regressor_model_3.pkl
SUCOAS,1,0.09806132928619524,regressor_model_3.pkl
FRDO4r,0,0.0,regressor_model_3.pkl
GLNS_copy1,0,0.0,regressor_model_3.pkl
ILEDHr_1,0,0.0,regressor_model_3.pkl
ENO,0,0.0,regressor_model_3.pkl
RBK,0,0.0,regressor_model_3.pkl
ALATRS,0,0.0,regressor_model_3.pkl
PTPATi,1,0.0,regressor_model_3.pkl
FDH,0,0.0,regressor_model_3.pkl
NDPK3,0,0.0,regressor_model_3.pkl
DHAD1_copy2,0,0.0,regressor_model_3.pkl
PHETA1,0,0.0,regressor_model_3.pkl
FALDM,0,0.0,regressor_model_3.pkl
PPND,0,0.0,regressor_model_3.pkl
PPK,1,0.0,regressor_model_3.pkl
PPA,1,0.0,regressor_model_3.pkl
PRASCSi_copy1,0,0.0,regressor_model_3.pkl
AROH,0,0.0,regressor_model_3.pkl
GLUSy,1,0.0,regressor_model_3.pkl
GLYALDDr,0,0.0,regressor_model_3.pkl
LLEUDr,0,0.0,regressor_model_3.pkl
AGMDA,0,0.0,regressor_model_3.pkl
GLYCK,0,0.0,regressor_model_3.pkl
FE3DCITR,1,0.0,regressor_model_3.pkl
TRPS1_copy1,0,0.0,regressor_model_3.pkl
AKGDH,0,0.008833125544384342,regressor_model_3.pkl
IDPh_1,0,0.0,regressor_model_3.pkl
DLYSOXGAT,0,0.0,regressor_model_3.pkl
NDP8,0,0.0,regressor_model_3.pkl
TALA,1,0.017062504370491293,regressor_model_3.pkl
URO_c,1,0.0,regressor_model_3.pkl
PGI,0,0.0,regressor_model_3.pkl
ICL,1,0.045843925584187095,regressor_model_3.pkl
PSCVT_copy1,0,0.0,regressor_model_3.pkl
PGK,0,0.0,regressor_model_3.pkl
HDH,0,0.0,regressor_model_3.pkl
ALDD1,0,0.0,regressor_model_3.pkl
FE3DCITCH,0,0.0,regressor_model_3.pkl
AGPOP,1,0.0,regressor_model_3.pkl
PRAIi_copy2,0,0.0,regressor_model_3.pkl
CBMKr,0,0.0,regressor_model_3.pkl
1PPDCRc,0,0.0,regressor_model_3.pkl
GAPDi_nadp,0,0.0,regressor_model_3.pkl
FE3PYOVDL,0,0.0,regressor_model_3.pkl
PGM,0,0.0,regressor_model_3.pkl
PMANM,1,0.0,regressor_model_3.pkl
ILETA,0,0.0,regressor_model_3.pkl
LEUTA,0,0.0,regressor_model_3.pkl
R15BPK,1,0.0,regressor_model_3.pkl
LYSRC,0,0.0,regressor_model_3.pkl
OXOADLR,0,0.0,regressor_model_3.pkl
TRPS3,0,0.0,regressor_model_3.pkl
H2CO3D,0,0.0,regressor_model_3.pkl
SERAT_copy2,1,0.0,regressor_model_3.pkl
HSK,1,0.0,regressor_model_3.pkl
PPNDH,0,0.0,regressor_model_3.pkl
PSCVT_copy2,0,0.0,regressor_model_3.pkl
G5SD_copy2,0,0.0,regressor_model_3.pkl
ADK1,0,0.0,regressor_model_3.pkl
NTD4,0,0.0,regressor_model_3.pkl
PHETHPTOX3,0,0.0,regressor_model_3.pkl
ALATA_L,0,0.0,regressor_model_3.pkl
MEPCT_1,1,0.0,regressor_model_3.pkl
PDH,0,0.0,regressor_model_3.pkl
MALS,0,0.0,regressor_model_3.pkl
ANHMK,0,0.0,regressor_model_3.pkl
RECOAH7,0,0.0,regressor_model_3.pkl
GLUDxi,0,0.0,regressor_model_3.pkl
TRPS1_copy2,1,0.0,regressor_model_3.pkl
ALLTN,0,0.0,regressor_model_3.pkl
NDPK5,0,0.0,regressor_model_3.pkl
HISTD,1,-0.006455698901282671,regressor_model_3.pkl
ME2,0,0.0,regressor_model_3.pkl
GLXCL,0,0.0,regressor_model_3.pkl
PRPPS,0,0.0,regressor_model_3.pkl
URIH,1,0.0,regressor_model_3.pkl
PPCK,0,0.0,regressor_model_3.pkl
ALAR,1,-0.013467008671807279,regressor_model_3.pkl
HPYRI,0,0.0,regressor_model_3.pkl
PRAIi_copy1,0,0.0,regressor_model_3.pkl
CSPMDDH,0,0.0,regressor_model_3.pkl
MAN1PT2,0,0.0,regressor_model_3.pkl
HCO3E,0,0.0,regressor_model_3.pkl
DHAD1_copy1,0,0.0,regressor_model_3.pkl
APPAT,0,0.0,regressor_model_3.pkl
ADPT,1,0.0,regressor_model_3.pkl
PRASCSi_copy2,0,0.0,regressor_model_3.pkl
CBPS,0,0.0,regressor_model_3.pkl
FRDO7r,0,0.0,regressor_model_3.pkl
TRSARr,0,0.0,regressor_model_3.pkl
G5SD_copy1,0,0.0,regressor_model_3.pkl
GLNS_copy2,0,0.0,regressor_model_3.pkl
FRDO6r,0,0.0,regressor_model_3.pkl
MDH,1,0.0,regressor_model_3.pkl
PPM,0,0.0,regressor_model_3.pkl
PTRCTA2,1,0.007947089397861363,regressor_model_3.pkl
DMALRED,0,0.0,regressor_model_3.pkl
G3PD2,0,0.0,regressor_model_3.pkl
DLYSPYRAT,0,0.0,regressor_model_3.pkl
DHSKDH,0,0.0,regressor_model_3.pkl
VALDHr,0,0.0,regressor_model_3.pkl
MEPCT,0,0.0,regressor_model_3.pkl
LSERDHr,0,0.0,regressor_model_3.pkl
G6PDH2r,1,0.007364885209133532,regressor_model_3.pkl
DHQTi_copy1,0,0.0,regressor_model_3.pkl
DHQTi_copy2,0,0.0,regressor_model_3.pkl
HPYRRx,0,0.0,regressor_model_3.pkl
GLUDy,0,0.0,regressor_model_3.pkl
LTDCL,1,0.0,regressor_model_3.pkl
H2CO3D2,0,0.0,regressor_model_3.pkl
GAPD,0,0.0,regressor_model_3.pkl
SSALy,1,0.07550329171584252,regressor_model_3.pkl
GLYCTO1,0,0.0,regressor_model_3.pkl
ACS,0,0.0,regressor_model_3.pkl
PDHa,1,0.0,regressor_model_3.pkl
HEPCT,1,0.0,regressor_model_3.pkl
SERAT_copy1,0,0.0,regressor_model_3.pkl
VALTA,1,0.0,regressor_model_3.pkl
SUCOAS,1,0.0,regressor_model_3.pkl
FRDO4r,0,0.0,regressor_model_3.pkl
GLNS_copy1,0,0.0,regressor_model_3.pkl
ILEDHr_1,1,0.0,regressor_model_3.pkl
ENO,0,0.0,regressor_model_3.pkl
RBK,0,0.0,regressor_model_3.pkl
ALATRS,0,0.0,regressor_model_3.pkl
PTPATi,0,0.0,regressor_model_3.pkl
FDH,0,0.0,regressor_model_3.pkl
NDPK3,0,0.0,regressor_model_3.pkl
DHAD1_copy2,0,0.0,regressor_model_3.pkl
PHETA1,0,0.0,regressor_model_3.pkl
FALDM,0,0.0,regressor_model_3.pkl
PPND,0,0.0,regressor_model_3.pkl
PPK,0,0.0,regressor_model_3.pkl
PPA,0,0.0,regressor_model_3.pkl
PRASCSi_copy1,0,0.0,regressor_model_3.pkl
AROH,0,0.0,regressor_model_3.pkl
GLUSy,0,0.0,regressor_model_3.pkl
GLYALDDr,1,0.0,regressor_model_3.pkl
LLEUDr,0,0.0,regressor_model_3.pkl
AGMDA,1,0.0,regressor_model_3.pkl
GLYCK,0,0.0,regressor_model_3.pkl
FE3DCITR,0,0.0,regressor_model_3.pkl
TRPS1_copy1,1,0.0,regressor_model_3.pkl
AKGDH,0,0.08154182982595663,regressor_model_3.pkl
IDPh_1,1,0.0,regressor_model_3.pkl
DLYSOXGAT,0,0.0,regressor_model_3.pkl
NDP8,0,0.0,regressor_model_3.pkl
TALA,1,0.02037438362190149,regressor_model_3.pkl
URO_c,0,0.0,regressor_model_3.pkl
PGI,1,0.0,regressor_model_3.pkl
ICL,1,0.04440754450082468,regressor_model_3.pkl
PSCVT_copy1,0,0.0,regressor_model_3.pkl
PGK,0,0.0,regressor_model_3.pkl
HDH,0,0.0,regressor_model_3.pkl
ALDD1,0,0.0,regressor_model_3.pkl
FE3DCITCH,0,0.0,regressor_model_3.pkl
AGPOP,0,0.0,regressor_model_3.pkl
PRAIi_copy2,1,0.0,regressor_model_3.pkl
CBMKr,0,0.0,regressor_model_3.pkl
1PPDCRc,0,0.0,regressor_model_3.pkl
GAPDi_nadp,0,0.0,regressor_model_3.pkl
FE3PYOVDL,0,0.0,regressor_model_3.pkl
PGM,0,0.0,regressor_model_3.pkl
PMANM,0,0.0,regressor_model_3.pkl
ILETA,0,0.0,regressor_model_3.pkl
LEUTA,0,0.0,regressor_model_3.pkl
R15BPK,0,0.0,regressor_model_3.pkl
LYSRC,0,0.0,regressor_model_3.pkl
OXOADLR,0,0.0,regressor_model_3.pkl
TRPS3,1,0.0,regressor_model_3.pkl
H2CO3D,0,0.0,regressor_model_3.pkl
SERAT_copy2,1,0.0,regressor_model_3.pkl
HSK,0,0.0,regressor_model_3.pkl
PPNDH,0,0.0,regressor_model_3.pkl
PSCVT_copy2,0,0.0,regressor_model_3.pkl
G5SD_copy2,0,0.0,regressor_model_3.pkl
ADK1,1,0.0,regressor_model_3.pkl
NTD4,0,0.0,regressor_model_3.pkl
PHETHPTOX3,0,0.0,regressor_model_3.pkl
ALATA_L,1,0.0,regressor_model_3.pkl
MEPCT_1,0,0.0,regressor_model_3.pkl
PDH,0,0.0,regressor_model_3.pkl
MALS,0,0.0,regressor_model_3.pkl
ANHMK,1,0.0,regressor_model_3.pkl
RECOAH7,0,0.0,regressor_model_3.pkl
GLUDxi,0,0.0,regressor_model_3.pkl
TRPS1_copy2,0,0.0,regressor_model_3.pkl
ALLTN,0,0.0,regressor_model_3.pkl
NDPK5,0,0.0,regressor_model_3.pkl
HISTD,0,-0.03975810347843123,regressor_model_3.pkl
ME2,0,0.0,regressor_model_3.pkl
GLXCL,0,0.0,regressor_model_3.pkl
PRPPS,0,0.0,regressor_model_3.pkl
URIH,0,0.0,regressor_model_3.pkl
PPCK,0,0.0,regressor_model_3.pkl
ALAR,0,0.0,regressor_model_3.pkl
HPYRI,0,0.0,regressor_model_3.pkl
PRAIi_copy1,0,0.0,regressor_model_3.pkl
CSPMDDH,1,0.0,regressor_model_3.pkl
MAN1PT2,0,0.0,regressor_model_3.pkl
HCO3E,0,0.0,regressor_model_3.pkl
DHAD1_copy1,0,0.0,regressor_model_3.pkl
APPAT,0,0.0,regressor_model_3.pkl
ADPT,1,0.0,regressor_model_3.pkl
PRASCSi_copy2,0,0.0,regressor_model_3.pkl
CBPS,0,0.0,regressor_model_3.pkl
FRDO7r,0,0.0,regressor_model_3.pkl
TRSARr,0,0.0,regressor_model_3.pkl
G5SD_copy1,0,0.0,regressor_model_3.pkl
GLNS_copy2,0,0.0,regressor_model_3.pkl
FRDO6r,1,0.0,regressor_model_3.pkl
MDH,1,0.0,regressor_model_3.pkl
PPM,0,0.0,regressor_model_3.pkl
PTRCTA2,0,0.08073560029091342,regressor_model_3.pkl
DMALRED,0,0.0,regressor_model_3.pkl
G3PD2,0,0.0,regressor_model_3.pkl
DLYSPYRAT,0,0.0,regressor_model_3.pkl
DHSKDH,1,0.0,regressor_model_3.pkl
VALDHr,0,0.0,regressor_model_3.pkl
MEPCT,0,0.0,regressor_model_3.pkl
LSERDHr,0,0.0,regressor_model_3.pkl
G6PDH2r,0,0.0,regressor_model_3.pkl
DHQTi_copy1,0,0.0,regressor_model_3.pkl
DHQTi_copy2,0,0.0,regressor_model_3.pkl
HPYRRx,0,0.0,regressor_model_3.pkl
GLUDy,1,0.0,regressor_model_3.pkl
LTDCL,0,0.0,regressor_model_3.pkl
H2CO3D2,0,0.0,regressor_model_3.pkl
GAPD,0,0.0,regressor_model_3.pkl
SSALy,1,0.0,regressor_model_3.pkl
GLYCTO1,0,0.0,regressor_model_3.pkl
ACS,0,0.0,regressor_model_3.pkl
PDHa,0,0.0,regressor_model_3.pkl
HEPCT,1,0.0,regressor_model_3.pkl
SERAT_copy1,0,0.0,regressor_model_3.pkl
VALTA,0,0.0,regressor_model_3.pkl
SUCOAS,1,0.0020076890858343847,regressor_model_3.pkl
FRDO4r,0,0.0,regressor_model_3.pkl
GLNS_copy1,0,0.0,regressor_model_3.pkl
ILEDHr_1,0,0.0,regressor_model_3.pkl
ENO,0,0.0,regressor_model_3.pkl
RBK,1,0.0,regressor_model_3.pkl
ALATRS,1,0.0,regressor_model_3.pkl
PTPATi,0,0.0,regressor_model_3.pkl
FDH,1,0.0,regressor_model_3.pkl
NDPK3,0,0.0,regressor_model_3.pkl
DHAD1_copy2,1,0.0,regressor_model_3.pkl
PHETA1,0,0.0,regressor_model_3.pkl
FALDM,1,0.0,regressor_model_3.pkl
PPND,0,0.0,regressor_model_3.pkl
PPK,0,0.0,regressor_model_3.pkl
PPA,0,0.0,regressor_model_3.pkl
PRASCSi_copy1,0,0.0,regressor_model_3.pkl
AROH,0,-0.019932438012571944,regressor_model_3.pkl
GLUSy,0,0.0,regressor_model_3.pkl
GLYALDDr,0,0.0,regressor_model_3.pkl
LLEUDr,0,0.0014244604422813108,regressor_model_3.pkl
AGMDA,0,0.0,regressor_model_3.pkl
GLYCK,0,0.0,regressor_model_3.pkl
FE3DCITR,0,0.0,regressor_model_3.pkl
TRPS1_copy1,0,0.0,regressor_model_3.pkl
AKGDH,0,0.09576604743476361,regressor_model_3.pkl
IDPh_1,0,0.0,regressor_model_3.pkl
DLYSOXGAT,0,0.0,regressor_model_3.pkl
NDP8,0,0.0,regressor_model_3.pkl
TALA,0,0.0,regressor_model_3.pkl
URO_c,0,0.0,regressor_model_3.pkl
PGI,1,0.024306976336400277,regressor_model_3.pkl
ICL,1,0.05482961361631447,regressor_model_3.pkl
PSCVT_copy1,0,0.0,regressor_model_3.pkl
PGK,0,0.0,regressor_model_3.pkl
HDH,1,0.0,regressor_model_3.pkl
ALDD1,0,0.0,regressor_model_3.pkl
FE3DCITCH,0,0.0,regressor_model_3.pkl
AGPOP,0,0.0,regressor_model_3.pkl
PRAIi_copy2,0,0.0,regressor_model_3.pkl
CBMKr,1,0.0,regressor_model_3.pkl
1PPDCRc,0,0.006403823758736546,regressor_model_3.pkl
GAPDi_nadp,0,0.0,regressor_model_3.pkl
FE3PYOVDL,0,0.0,regressor_model_3.pkl
PGM,0,0.0,regressor_model_3.pkl
PMANM,0,0.0,regressor_model_3.pkl
ILETA,0,0.0,regressor_model_3.pkl
LEUTA,0,0.0,regressor_model_3.pkl
R15BPK,0,0.0,regressor_model_3.pkl
LYSRC,0,0.0,regressor_model_3.pkl
OXOADLR,0,0.0,regressor_model_3.pkl
TRPS3,1,0.0,regressor_model_3.pkl
H2CO3D,0,0.0,regressor_model_3.pkl
SERAT_copy2,0,0.0,regressor_model_3.pkl
HSK,0,0.0,regressor_model_3.pkl
PPNDH,0,0.0025295794735346144,regressor_model_3.pkl
PSCVT_copy2,0,0.0,regressor_model_3.pkl
G5SD_copy2,0,0.0,regressor_model_3.pkl
ADK1,0,0.0,regressor_model_3.pkl
NTD4,0,0.0,regressor_model_3.pkl
PHETHPTOX3,0,0.005206434517355326,regressor_model_3.pkl
ALATA_L,1,0.0,regressor_model_3.pkl
MEPCT_1,1,0.0,regressor_model_3.pkl
PDH,0,0.0,regressor_model_3.pkl
MALS,1,0.0,regressor_model_3.pkl
ANHMK,0,0.0,regressor_model_3.pkl
RECOAH7,0,0.0,regressor_model_3.pkl
GLUDxi,0,0.0,regressor_model_3.pkl
TRPS1_copy2,0,0.0,regressor_model_3.pkl
ALLTN,1,0.0,regressor_model_3.pkl
NDPK5,0,0.0029431758174955553,regressor_model_3.pkl
HISTD,0,0.0,regressor_model_3.pkl
ME2,0,0.0,regressor_model_3.pkl
GLXCL,0,0.0,regressor_model_3.pkl
PRPPS,0,0.0,regressor_model_3.pkl
URIH,1,0.004110544313570019,regressor_model_3.pkl
PPCK,0,0.003525933869361342,regressor_model_3.pkl
ALAR,0,0.0,regressor_model_3.pkl
HPYRI,0,0.0,regressor_model_3.pkl
PRAIi_copy1,0,0.0,regressor_model_3.pkl
CSPMDDH,0,0.0,regressor_model_3.pkl
MAN1PT2,0,0.0,regressor_model_3.pkl
HCO3E,0,0.0,regressor_model_3.pkl
DHAD1_copy1,0,0.0,regressor_model_3.pkl
APPAT,0,0.0,regressor_model_3.pkl
ADPT,0,0.0,regressor_model_3.pkl
PRASCSi_copy2,1,0.0,regressor_model_3.pkl
CBPS,0,0.0,regressor_model_3.pkl
FRDO7r,0,0.0,regressor_model_3.pkl
TRSARr,0,0.0,regressor_model_3.pkl
G5SD_copy1,0,0.0,regressor_model_3.pkl
GLNS_copy2,1,0.0,regressor_model_3.pkl
FRDO6r,1,0.0,regressor_model_3.pkl
MDH,1,0.0,regressor_model_3.pkl
PPM,0,0.0,regressor_model_3.pkl
PTRCTA2,0,0.0995652536040388,regressor_model_3.pkl
DMALRED,0,0.0,regressor_model_3.pkl
G3PD2,0,0.0,regressor_model_3.pkl
DLYSPYRAT,0,0.0,regressor_model_3.pkl
DHSKDH,0,0.0,regressor_model_3.pkl
VALDHr,1,0.0,regressor_model_3.pkl
MEPCT,0,0.0,regressor_model_3.pkl
LSERDHr,1,0.0,regressor_model_3.pkl
G6PDH2r,1,0.0,regressor_model_3.pkl
DHQTi_copy1,0,0.0,regressor_model_3.pkl
DHQTi_copy2,0,0.0,regressor_model_3.pkl
HPYRRx,0,0.0,regressor_model_3.pkl
GLUDy,0,0.0,regressor_model_3.pkl
LTDCL,0,0.0,regressor_model_3.pkl
H2CO3D2,0,0.0,regressor_model_3.pkl
GAPD,0,0.0,regressor_model_3.pkl
SSALy,1,0.0,regressor_model_3.pkl
GLYCTO1,0,0.0,regressor_model_3.pkl
ACS,0,0.0,regressor_model_3.pkl
PDHa,0,0.0,regressor_model_3.pkl
HEPCT,0,0.0,regressor_model_3.pkl
SERAT_copy1,0,0.0,regressor_model_3.pkl
VALTA,0,0.0,regressor_model_3.pkl
SUCOAS,0,0.0,regressor_model_3.pkl
FRDO4r,1,0.0,regressor_model_3.pkl
GLNS_copy1,0,0.0,regressor_model_3.pkl
ILEDHr_1,0,0.0,regressor_model_3.pkl
ENO,0,0.0,regressor_model_3.pkl
RBK,0,0.0,regressor_model_3.pkl
ALATRS,0,0.0,regressor_model_3.pkl
PTPATi,0,0.0,regressor_model_3.pkl
FDH,0,0.0,regressor_model_3.pkl
NDPK3,0,0.0,regressor_model_3.pkl
DHAD1_copy2,0,0.0,regressor_model_3.pkl
PHETA1,0,0.0,regressor_model_3.pkl
FALDM,0,0.0,regressor_model_3.pkl
PPND,0,0.0,regressor_model_3.pkl
PPK,1,0.0,regressor_model_3.pkl
PPA,0,0.0,regressor_model_3.pkl
PRASCSi_copy1,0,0.0,regressor_model_3.pkl
AROH,0,0.0,regressor_model_3.pkl
GLUSy,0,0.0,regressor_model_3.pkl
GLYALDDr,0,0.0,regressor_model_3.pkl
LLEUDr,1,0.0,regressor_model_3.pkl
AGMDA,0,0.0,regressor_model_3.pkl
GLYCK,0,0.0,regressor_model_3.pkl
FE3DCITR,0,0.0,regressor_model_3.pkl
TRPS1_copy1,0,0.0,regressor_model_3.pkl
AKGDH,1,0.10916821427366392,regressor_model_3.pkl
IDPh_1,0,0.0,regressor_model_3.pkl
DLYSOXGAT,0,0.0,regressor_model_3.pkl
NDP8,0,0.0,regressor_model_3.pkl
TALA,1,0.0,regressor_model_3.pkl
URO_c,0,0.0,regressor_model_3.pkl
PGI,0,0.04018448057856435,regressor_model_3.pkl
ICL,1,0.06699842765312708,regressor_model_3.pkl
PSCVT_copy1,0,0.0,regressor_model_3.pkl
PGK,0,0.0,regressor_model_3.pkl
HDH,0,0.0,regressor_model_3.pkl
ALDD1,0,0.0,regressor_model_3.pkl
FE3DCITCH,0,0.0,regressor_model_3.pkl
AGPOP,0,0.0,regressor_model_3.pkl
PRAIi_copy2,0,0.0,regressor_model_3.pkl
CBMKr,0,0.0,regressor_model_3.pkl
1PPDCRc,0,0.0,regressor_model_3.pkl
GAPDi_nadp,0,0.0,regressor_model_3.pkl
FE3PYOVDL,0,0.0,regressor_model_3.pkl
PGM,0,0.0,regressor_model_3.pkl
PMANM,1,0.0,regressor_model_3.pkl
ILETA,0,0.0,regressor_model_3.pkl
LEUTA,0,0.0,regressor_model_3.pkl
R15BPK,0,0.0,regressor_model_3.pkl
LYSRC,0,0.0,regressor_model_3.pkl
OXOADLR,0,0.0,regressor_model_3.pkl
TRPS3,0,0.0,regressor_model_3.pkl
H2CO3D,0,0.0,regressor_model_3.pkl
SERAT_copy2,0,0.0,regressor_model_3.pkl
HSK,1,0.0,regressor_model_3.pkl
PPNDH,0,0.0,regressor_model_3.pkl
PSCVT_copy2,0,0.0,regressor_model_3.pkl
G5SD_copy2,0,0.0,regressor_model_3.pkl
ADK1,0,0.0,regressor_model_3.pkl
NTD4,0,0.0,regressor_model_3.pkl
PHETHPTOX3,0,0.0,regressor_model_3.pkl
ALATA_L,1,0.0,regressor_model_3.pkl
MEPCT_1,0,0.0,regressor_model_3.pkl
PDH,0,0.0,regressor_model_3.pkl
MALS,0,0.0,regressor_model_3.pkl
ANHMK,0,0.0,regressor_model_3.pkl
RECOAH7,1,0.0,regressor_model_3.pkl
GLUDxi,0,0.0,regressor_model_3.pkl
TRPS1_copy2,1,0.0,regressor_model_3.pkl
ALLTN,0,0.0,regressor_model_3.pkl
NDPK5,0,0.0,regressor_model_3.pkl
HISTD,1,0.0,regressor_model_3.pkl
ME2,0,0.0,regressor_model_3.pkl
GLXCL,0,0.0,regressor_model_3.pkl
PRPPS,0,0.0,regressor_model_3.pkl
URIH,0,0.0,regressor_model_3.pkl
PPCK,0,0.0,regressor_model_3.pkl
ALAR,0,0.0,regressor_model_3.pkl
HPYRI,0,0.0,regressor_model_3.pkl
PRAIi_copy1,0,0.0,regressor_model_3.pkl
CSPMDDH,0,0.0,regressor_model_3.pkl
MAN1PT2,0,0.0,regressor_model_3.pkl
HCO3E,0,0.0,regressor_model_3.pkl
DHAD1_copy1,0,0.0,regressor_model_3.pkl
APPAT,0,0.0,regressor_model_3.pkl
ADPT,0,0.0,regressor_model_3.pkl
PRASCSi_copy2,0,0.0,regressor_model_3.pkl
CBPS,0,0.0,regressor_model_3.pkl
FRDO7r,0,0.0,regressor_model_3.pkl
TRSARr,0,0.0,regressor_model_3.pkl
G5SD_copy1,0,0.0,regressor_model_3.pkl
GLNS_copy2,0,0.0,regressor_model_3.pkl
FRDO6r,0,0.0,regressor_model_3.pkl
MDH,0,0.0,regressor_model_3.pkl
PPM,0,0.0,regressor_model_3.pkl
PTRCTA2,1,0.04921181145984638,regressor_model_3.pkl
DMALRED,0,0.0,regressor_model_3.pkl
G3PD2,0,0.0,regressor_model_3.pkl
DLYSPYRAT,1,0.0,regressor_model_3.pkl
DHSKDH,0,0.0,regressor_model_3.pkl
VALDHr,1,0.0,regressor_model_3.pkl
MEPCT,0,0.0,regressor_model_3.pkl
LSERDHr,0,0.0,regressor_model_3.pkl
G6PDH2r,0,0.0,regressor_model_3.pkl
DHQTi_copy1,0,0.0,regressor_model_3.pkl
DHQTi_copy2,0,0.0,regressor_model_3.pkl
HPYRRx,0,0.0,regressor_model_3.pkl
GLUDy,0,0.0,regressor_model_3.pkl
LTDCL,1,0.0,regressor_model_3.pkl
H2CO3D2,0,0.0,regressor_model_3.pkl
GAPD,0,0.0,regressor_model_3.pkl
SSALy,1,0.02140851747525299,regressor_model_3.pkl
GLYCTO1,0,0.0,regressor_model_3.pkl
ACS,0,0.0,regressor_model_3.pkl
PDHa,0,0.0,regressor_model_3.pkl
HEPCT,0,0.0,regressor_model_3.pkl
SERAT_copy1,0,0.0,regressor_model_3.pkl
VALTA,0,0.0,regressor_model_3.pkl
SUCOAS,0,0.002199344353743878,regressor_model_3.pkl
FRDO4r,0,0.0,regressor_model_3.pkl
GLNS_copy1,1,0.0,regressor_model_3.pkl
ILEDHr_1,0,0.0,regressor_model_3.pkl
ENO,0,0.0,regressor_model_3.pkl
RBK,0,0.0,regressor_model_3.pkl
ALATRS,0,0.0,regressor_model_3.pkl
PTPATi,0,0.0,regressor_model_3.pkl
FDH,0,0.0,regressor_model_3.pkl
NDPK3,0,0.0,regressor_model_3.pkl
DHAD1_copy2,0,0.0,regressor_model_3.pkl
PHETA1,0,0.0,regressor_model_3.pkl
FALDM,0,0.0,regressor_model_3.pkl
PPND,0,0.0,regressor_model_3.pkl
PPK,0,0.0,regressor_model_3.pkl
PPA,0,0.0,regressor_model_3.pkl
PRASCSi_copy1,0,0.0,regressor_model_3.pkl
AROH,0,0.0,regressor_model_3.pkl
GLUSy,0,0.0,regressor_model_3.pkl
GLYALDDr,0,0.0,regressor_model_3.pkl
LLEUDr,0,0.0,regressor_model_3.pkl
AGMDA,0,0.0,regressor_model_3.pkl
GLYCK,0,0.0,regressor_model_3.pkl
FE3DCITR,0,0.0,regressor_model_3.pkl
TRPS1_copy1,0,0.0,regressor_model_3.pkl
AKGDH,1,0.11669495647336169,regressor_model_3.pkl
IDPh_1,0,0.0,regressor_model_3.pkl
DLYSOXGAT,0,0.0,regressor_model_3.pkl
NDP8,0,0.0,regressor_model_3.pkl
TALA,0,0.0,regressor_model_3.pkl
URO_c,0,0.0,regressor_model_3.pkl
PGI,1,0.033918536844465476,regressor_model_3.pkl
ICL,1,0.06758536395799711,regressor_model_3.pkl
PSCVT_copy1,0,0.0,regressor_model_3.pkl
PGK,0,0.0,regressor_model_3.pkl
HDH,1,0.0,regressor_model_3.pkl
ALDD1,0,0.0,regressor_model_3.pkl
FE3DCITCH,1,0.0,regressor_model_3.pkl
AGPOP,0,0.0,regressor_model_3.pkl
PRAIi_copy2,0,0.0,regressor_model_3.pkl
CBMKr,0,0.0,regressor_model_3.pkl
1PPDCRc,0,0.0,regressor_model_3.pkl
GAPDi_nadp,0,0.0,regressor_model_3.pkl
FE3PYOVDL,0,0.0,regressor_model_3.pkl
PGM,0,0.0,regressor_model_3.pkl
PMANM,0,0.0,regressor_model_3.pkl
ILETA,0,0.0,regressor_model_3.pkl
LEUTA,0,0.0,regressor_model_3.pkl
R15BPK,0,0.0,regressor_model_3.pkl
LYSRC,0,0.0,regressor_model_3.pkl
OXOADLR,0,0.0,regressor_model_3.pkl
TRPS3,0,0.0,regressor_model_3.pkl
H2CO3D,0,0.0,regressor_model_3.pkl
SERAT_copy2,0,0.0,regressor_model_3.pkl
HSK,0,0.0,regressor_model_3.pkl
PPNDH,0,0.0,regressor_model_3.pkl
PSCVT_copy2,0,0.0,regressor_model_3.pkl
G5SD_copy2,0,0.0,regressor_model_3.pkl
ADK1,0,0.0,regressor_model_3.pkl
NTD4,0,0.0,regressor_model_3.pkl
PHETHPTOX3,1,0.0,regressor_model_3.pkl
ALATA_L,0,0.0,regressor_model_3.pkl
MEPCT_1,0,0.0,regressor_model_3.pkl
PDH,0,0.0,regressor_model_3.pkl
MALS,1,0.0,regressor_model_3.pkl
ANHMK,0,0.0,regressor_model_3.pkl
RECOAH7,0,0.0,regressor_model_3.pkl
GLUDxi,0,0.0,regressor_model_3.pkl
TRPS1_copy2,0,0.0,regressor_model_3.pkl
ALLTN,0,0.0,regressor_model_3.pkl
NDPK5,1,0.0029985924147675203,regressor_model_3.pkl
HISTD,0,0.0,regressor_model_3.pkl
ME2,0,0.0,regressor_model_3.pkl
GLXCL,0,0.0,regressor_model_3.pkl
PRPPS,0,0.0,regressor_model_3.pkl
URIH,0,0.0,regressor_model_3.pkl
PPCK,0,0.0,regressor_model_3.pkl
ALAR,0,0.0,regressor_model_3.pkl
HPYRI,0,0.0,regressor_model_3.pkl
PRAIi_copy1,0,0.0,regressor_model_3.pkl
CSPMDDH,0,0.0,regressor_model_3.pkl
MAN1PT2,1,0.0,regressor_model_3.pkl
HCO3E,0,0.0,regressor_model_3.pkl
DHAD1_copy1,0,0.0,regressor_model_3.pkl
APPAT,0,0.0,regressor_model_3.pkl
ADPT,0,0.0,regressor_model_3.pkl
PRASCSi_copy2,0,0.0,regressor_model_3.pkl
CBPS,0,0.0,regressor_model_3.pkl
FRDO7r,0,0.0,regressor_model_3.pkl
TRSARr,0,0.0,regressor_model_3.pkl
G5SD_copy1,0,0.0,regressor_model_3.pkl
GLNS_copy2,0,0.0,regressor_model_3.pkl
FRDO6r,0,0.0,regressor_model_3.pkl
MDH,0,0.0,regressor_model_3.pkl
PPM,0,0.0,regressor_model_3.pkl
PTRCTA2,1,0.0,regressor_model_3.pkl
DMALRED,0,0.0,regressor_model_3.pkl
G3PD2,0,0.0,regressor_model_3.pkl
DLYSPYRAT,1,0.003573101895446353,regressor_model_3.pkl
DHSKDH,0,0.0,regressor_model_3.pkl
VALDHr,0,0.0,regressor_model_3.pkl
MEPCT,0,0.0,regressor_model_3.pkl
LSERDHr,0,0.0,regressor_model_3.pkl
G6PDH2r,1,0.0,regressor_model_3.pkl
DHQTi_copy1,0,0.0,regressor_model_3.pkl
DHQTi_copy2,0,0.0,regressor_model_3.pkl
HPYRRx,0,0.0,regressor_model_3.pkl
GLUDy,0,0.0,regressor_model_3.pkl
LTDCL,0,0.0,regressor_model_3.pkl
H2CO3D2,0,0.0,regressor_model_3.pkl
GAPD,0,0.0,regressor_model_3.pkl
SSALy,0,0.07838677482704015,regressor_model_3.pkl
GLYCTO1,0,0.0,regressor_model_3.pkl
ACS,0,0.0,regressor_model_3.pkl
PDHa,1,0.0,regressor_model_3.pkl
HEPCT,0,0.0,regressor_model_3.pkl
SERAT_copy1,0,0.0,regressor_model_3.pkl
VALTA,0,0.0,regressor_model_3.pkl
SUCOAS,0,0.0,regressor_model_3.pkl
FRDO4r,0,0.0,regressor_model_3.pkl
GLNS_copy1,1,0.0,regressor_model_3.pkl
ILEDHr_1,0,0.0,regressor_model_3.pkl
ENO,0,0.0,regressor_model_3.pkl
RBK,0,0.0,regressor_model_3.pkl
ALATRS,0,0.0,regressor_model_3.pkl
PTPATi,0,0.0,regressor_model_3.pkl
FDH,0,0.0,regressor_model_3.pkl
NDPK3,0,0.0,regressor_model_3.pkl
DHAD1_copy2,0,0.0,regressor_model_3.pkl
PHETA1,0,0.0,regressor_model_3.pkl
FALDM,0,0.0,regressor_model_3.pkl
PPND,0,0.0,regressor_model_3.pkl
PPK,0,0.0,regressor_model_3.pkl
PPA,0,0.0,regressor_model_3.pkl
PRASCSi_copy1,0,0.0,regressor_model_3.pkl
AROH,0,0.0,regressor_model_3.pkl
GLUSy,0,0.0,regressor_model_3.pkl
GLYALDDr,0,0.0,regressor_model_3.pkl
LLEUDr,0,0.0,regressor_model_3.pkl
AGMDA,0,0.0,regressor_model_3.pkl
GLYCK,1,0.0032335341933755657,regressor_model_3.pkl
FE3DCITR,0,0.0,regressor_model_3.pkl
TRPS1_copy1,0,0.0,regressor_model_3.pkl
AKGDH,1,0.09041988845117228,regressor_model_3.pkl
IDPh_1,0,0.0,regressor_model_3.pkl
DLYSOXGAT,0,0.0,regressor_model_3.pkl
NDP8,0,0.0,regressor_model_3.pkl
TALA,0,0.026101356534629652,regressor_model_3.pkl
URO_c,0,0.0,regressor_model_3.pkl
PGI,0,0.0,regressor_model_3.pkl
ICL,1,0.05325578944300189,regressor_model_3.pkl
PSCVT_copy1,0,0.0,regressor_model_3.pkl
PGK,0,0.0,regressor_model_3.pkl
HDH,1,0.0,regressor_model_3.pkl
ALDD1,0,0.0,regressor_model_3.pkl
FE3DCITCH,1,0.0,regressor_model_3.pkl
AGPOP,0,0.0,regressor_model_3.pkl
PRAIi_copy2,0,0.0,regressor_model_3.pkl
CBMKr,0,0.0,regressor_model_3.pkl
1PPDCRc,0,0.0,regressor_model_3.pkl
GAPDi_nadp,0,0.0,regressor_model_3.pkl
FE3PYOVDL,0,0.0,regressor_model_3.pkl
PGM,0,0.0,regressor_model_3.pkl
PMANM,0,0.0,regressor_model_3.pkl
ILETA,0,0.0,regressor_model_3.pkl
LEUTA,0,0.0,regressor_model_3.pkl
R15BPK,0,0.0,regressor_model_3.pkl
LYSRC,0,0.0,regressor_model_3.pkl
OXOADLR,1,0.0,regressor_model_3.pkl
TRPS3,0,0.0,regressor_model_3.pkl
H2CO3D,0,0.0,regressor_model_3.pkl
SERAT_copy2,0,0.0,regressor_model_3.pkl
HSK,0,0.0,regressor_model_3.pkl
PPNDH,0,0.0,regressor_model_3.pkl
PSCVT_copy2,0,0.0,regressor_model_3.pkl
G5SD_copy2,0,0.0,regressor_model_3.pkl
ADK1,0,0.0,regressor_model_3.pkl
NTD4,0,0.0,regressor_model_3.pkl
PHETHPTOX3,1,0.0,regressor_model_3.pkl
ALATA_L,0,0.0,regressor_model_3.pkl
MEPCT_1,0,0.0,regressor_model_3.pkl
PDH,0,0.0,regressor_model_3.pkl
MALS,1,0.0,regressor_model_3.pkl
ANHMK,0,0.0034202846695735884,regressor_model_3.pkl
RECOAH7,0,0.0,regressor_model_3.pkl
GLUDxi,0,0.0,regressor_model_3.pkl
TRPS1_copy2,0,0.0,regressor_model_3.pkl
ALLTN,0,0.0,regressor_model_3.pkl
NDPK5,0,0.0,regressor_model_3.pkl
HISTD,0,0.0,regressor_model_3.pkl
ME2,0,0.0,regressor_model_3.pkl
GLXCL,0,0.0,regressor_model_3.pkl
PRPPS,0,0.0,regressor_model_3.pkl
URIH,0,0.0,regressor_model_3.pkl
PPCK,0,0.0,regressor_model_3.pkl
ALAR,0,-0.018753375704409714,regressor_model_3.pkl
HPYRI,0,0.0,regressor_model_3.pkl
PRAIi_copy1,0,0.0,regressor_model_3.pkl
CSPMDDH,0,0.0,regressor_model_3.pkl
MAN1PT2,1,0.0,regressor_model_3.pkl
HCO3E,0,0.0,regressor_model_3.pkl
DHAD1_copy1,0,0.0,regressor_model_3.pkl
APPAT,0,0.0,regressor_model_3.pkl
ADPT,0,0.0,regressor_model_3.pkl
PRASCSi_copy2,0,0.0,regressor_model_3.pkl
CBPS,0,0.0,regressor_model_3.pkl
FRDO7r,0,0.0,regressor_model_3.pkl
TRSARr,0,0.0,regressor_model_3.pkl
G5SD_copy1,0,0.0,regressor_model_3.pkl
GLNS_copy2,0,0.0,regressor_model_3.pkl
FRDO6r,0,0.0,regressor_model_3.pkl
MDH,0,0.0,regressor_model_3.pkl
PPM,0,0.0,regressor_model_3.pkl
PTRCTA2,1,0.032518545660334484,regressor_model_3.pkl
DMALRED,0,0.0,regressor_model_3.pkl
G3PD2,0,0.0020151593978363653,regressor_model_3.pkl
DLYSPYRAT,0,0.0,regressor_model_3.pkl
DHSKDH,0,0.0,regressor_model_3.pkl
VALDHr,1,0.0023757344361700914,regressor_model_3.pkl
MEPCT,0,0.0,regressor_model_3.pkl
LSERDHr,0,0.0,regressor_model_3.pkl
G6PDH2r,0,0.0,regressor_model_3.pkl
DHQTi_copy1,0,0.0,regressor_model_3.pkl
DHQTi_copy2,0,0.0,regressor_model_3.pkl
HPYRRx,0,0.0,regressor_model_3.pkl
GLUDy,0,0.0,regressor_model_3.pkl
LTDCL,1,0.0,regressor_model_3.pkl
H2CO3D2,0,0.0,regressor_model_3.pkl
GAPD,0,0.0,regressor_model_3.pkl
SSALy,0,0.023937965058111514,regressor_model_3.pkl
GLYCTO1,0,0.0,regressor_model_3.pkl
ACS,0,0.0,regressor_model_3.pkl
PDHa,1,0.0,regressor_model_3.pkl
HEPCT,0,0.0,regressor_model_3.pkl
SERAT_copy1,0,0.0,regressor_model_3.pkl
VALTA,0,0.0,regressor_model_3.pkl
SUCOAS,0,0.0020508951385987562,regressor_model_3.pkl
FRDO4r,0,0.0,regressor_model_3.pkl
GLNS_copy1,1,0.0,regressor_model_3.pkl
ILEDHr_1,0,0.0,regressor_model_3.pkl
ENO,0,0.0,regressor_model_3.pkl
RBK,0,0.0,regressor_model_3.pkl
ALATRS,0,0.0,regressor_model_3.pkl
PTPATi,0,0.0,regressor_model_3.pkl
FDH,0,0.0,regressor_model_3.pkl
NDPK3,0,0.0,regressor_model_3.pkl
DHAD1_copy2,0,0.0,regressor_model_3.pkl
PHETA1,0,0.0,regressor_model_3.pkl
FALDM,0,0.0,regressor_model_3.pkl
PPND,0,0.0,regressor_model_3.pkl
PPK,0,0.0,regressor_model_3.pkl
PPA,0,0.0,regressor_model_3.pkl
PRASCSi_copy1,0,0.0,regressor_model_3.pkl
AROH,1,0.0,regressor_model_3.pkl
GLUSy,0,0.0,regressor_model_3.pkl
GLYALDDr,0,0.0,regressor_model_3.pkl
LLEUDr,1,0.0,regressor_model_3.pkl
AGMDA,0,0.0,regressor_model_3.pkl
GLYCK,0,0.0,regressor_model_3.pkl
FE3DCITR,0,0.0024589418560791647,regressor_model_3.pkl
TRPS1_copy1,0,0.0,regressor_model_3.pkl
AKGDH,1,0.12003469254214616,regressor_model_3.pkl
IDPh_1,0,0.0,regressor_model_3.pkl
DLYSOXGAT,0,0.0,regressor_model_3.pkl
NDP8,0,0.0,regressor_model_3.pkl
TALA,0,0.03908629729734251,regressor_model_3.pkl
URO_c,0,0.0,regressor_model_3.pkl
PGI,1,0.0,regressor_model_3.pkl
ICL,1,0.06913385839659442,regressor_model_3.pkl
PSCVT_copy1,0,0.0,regressor_model_3.pkl
PGK,0,0.0,regressor_model_3.pkl
HDH,1,0.0,regressor_model_3.pkl
ALDD1,0,0.0,regressor_model_3.pkl
FE3DCITCH,1,0.0,regressor_model_3.pkl
AGPOP,0,0.0,regressor_model_3.pkl
PRAIi_copy2,1,0.0,regressor_model_3.pkl
CBMKr,0,0.0,regressor_model_3.pkl
1PPDCRc,1,0.0,regressor_model_3.pkl
GAPDi_nadp,0,0.0,regressor_model_3.pkl
FE3PYOVDL,0,0.0,regressor_model_3.pkl
PGM,0,0.0,regressor_model_3.pkl
PMANM,0,0.0,regressor_model_3.pkl
ILETA,0,0.0,regressor_model_3.pkl
LEUTA,0,0.0,regressor_model_3.pkl
R15BPK,0,0.0,regressor_model_3.pkl
LYSRC,0,0.0,regressor_model_3.pkl
OXOADLR,1,0.0,regressor_model_3.pkl
TRPS3,0,0.0,regressor_model_3.pkl
H2CO3D,0,0.0,regressor_model_3.pkl
SERAT_copy2,0,0.0,regressor_model_3.pkl
HSK,0,0.0,regressor_model_3.pkl
PPNDH,0,0.0,regressor_model_3.pkl
PSCVT_copy2,0,0.0,regressor_model_3.pkl
G5SD_copy2,0,0.0,regressor_model_3.pkl
ADK1,0,0.0,regressor_model_3.pkl
NTD4,1,0.0,regressor_model_3.pkl
PHETHPTOX3,1,0.0,regressor_model_3.pkl
ALATA_L,0,0.0,regressor_model_3.pkl
MEPCT_1,0,0.0,regressor_model_3.pkl
PDH,0,0.0,regressor_model_3.pkl
MALS,1,0.0,regressor_model_3.pkl
ANHMK,0,0.0,regressor_model_3.pkl
RECOAH7,0,0.0,regressor_model_3.pkl
GLUDxi,0,0.0,regressor_model_3.pkl
TRPS1_copy2,0,0.0,regressor_model_3.pkl
ALLTN,0,0.0,regressor_model_3.pkl
NDPK5,1,0.0,regressor_model_3.pkl
HISTD,0,0.0,regressor_model_3.pkl
ME2,0,0.0,regressor_model_3.pkl
GLXCL,0,0.0,regressor_model_3.pkl
PRPPS,0,0.0,regressor_model_3.pkl
URIH,1,0.0,regressor_model_3.pkl
PPCK,0,0.0,regressor_model_3.pkl
ALAR,0,0.0,regressor_model_3.pkl
HPYRI,0,0.002445557231913864,regressor_model_3.pkl
PRAIi_copy1,0,0.0,regressor_model_3.pkl
CSPMDDH,0,0.0,regressor_model_3.pkl
MAN1PT2,0,0.0,regressor_model_3.pkl
HCO3E,0,0.0,regressor_model_3.pkl
DHAD1_copy1,0,0.0,regressor_model_3.pkl
APPAT,0,0.0,regressor_model_3.pkl
ADPT,0,0.0,regressor_model_3.pkl
PRASCSi_copy2,0,0.0,regressor_model_3.pkl
CBPS,0,0.0,regressor_model_3.pkl
FRDO7r,0,0.0,regressor_model_3.pkl
TRSARr,0,0.0,regressor_model_3.pkl
G5SD_copy1,0,0.0,regressor_model_3.pkl
GLNS_copy2,0,0.0,regressor_model_3.pkl
FRDO6r,0,0.0,regressor_model_3.pkl
MDH,0,0.0,regressor_model_3.pkl
PPM,1,0.0,regressor_model_3.pkl
PTRCTA2,1,0.09356719833426162,regressor_model_3.pkl
DMALRED,0,0.0,regressor_model_3.pkl
G3PD2,0,0.0,regressor_model_3.pkl
DLYSPYRAT,1,0.0,regressor_model_3.pkl
DHSKDH,0,0.0,regressor_model_3.pkl
VALDHr,1,0.0011779263521968278,regressor_model_3.pkl
MEPCT,0,0.0,regressor_model_3.pkl
LSERDHr,0,0.0,regressor_model_3.pkl
G6PDH2r,0,0.0,regressor_model_3.pkl
DHQTi_copy1,0,0.0,regressor_model_3.pkl
DHQTi_copy2,0,0.0,regressor_model_3.pkl
HPYRRx,0,0.0,regressor_model_3.pkl
GLUDy,0,0.0,regressor_model_3.pkl
LTDCL,0,0.0,regressor_model_3.pkl
H2CO3D2,0,0.0,regressor_model_3.pkl
GAPD,0,0.0,regressor_model_3.pkl
SSALy,0,0.0,regressor_model_3.pkl
GLYCTO1,0,0.0,regressor_model_3.pkl
ACS,0,0.0,regressor_model_3.pkl
PDHa,1,0.0,regressor_model_3.pkl
HEPCT,0,0.0,regressor_model_3.pkl
SERAT_copy1,0,0.0,regressor_model_3.pkl
VALTA,0,0.0,regressor_model_3.pkl
SUCOAS,0,0.0029638507109357648,regressor_model_3.pkl
FRDO4r,0,0.0,regressor_model_3.pkl
GLNS_copy1,1,0.0,regressor_model_3.pkl
ILEDHr_1,0,0.0,regressor_model_3.pkl
ENO,0,0.0,regressor_model_3.pkl
RBK,0,0.0,regressor_model_3.pkl
ALATRS,0,0.0,regressor_model_3.pkl
PTPATi,0,0.0,regressor_model_3.pkl
FDH,0,0.0,regressor_model_3.pkl
NDPK3,0,0.0,regressor_model_3.pkl
DHAD1_copy2,0,0.0,regressor_model_3.pkl
PHETA1,0,0.0,regressor_model_3.pkl
FALDM,0,0.0,regressor_model_3.pkl
PPND,0,0.0,regressor_model_3.pkl
PPK,0,0.0,regressor_model_3.pkl
PPA,0,0.0,regressor_model_3.pkl
PRASCSi_copy1,0,0.0,regressor_model_3.pkl
AROH,0,0.0016040896268947487,regressor_model_3.pkl
GLUSy,0,0.0,regressor_model_3.pkl
GLYALDDr,0,0.0,regressor_model_3.pkl
LLEUDr,0,0.0,regressor_model_3.pkl
AGMDA,0,0.0,regressor_model_3.pkl
GLYCK,0,0.0,regressor_model_3.pkl
FE3DCITR,0,0.0,regressor_model_3.pkl
TRPS1_copy1,0,0.0,regressor_model_3.pkl
AKGDH,1,0.10373904382586853,regressor_model_3.pkl
IDPh_1,0,0.0,regressor_model_3.pkl
DLYSOXGAT,0,0.0,regressor_model_3.pkl
NDP8,0,0.0,regressor_model_3.pkl
TALA,0,0.0325629721684185,regressor_model_3.pkl
URO_c,0,0.0,regressor_model_3.pkl
PGI,1,0.0,regressor_model_3.pkl
ICL,1,0.062064380122549584,regressor_model_3.pkl
PSCVT_copy1,0,0.0,regressor_model_3.pkl
PGK,0,0.0,regressor_model_3.pkl
HDH,1,0.0016213032032228879,regressor_model_3.pkl
ALDD1,0,0.0,regressor_model_3.pkl
FE3DCITCH,1,0.0,regressor_model_3.pkl
AGPOP,0,0.0,regressor_model_3.pkl
PRAIi_copy2,1,0.0,regressor_model_3.pkl
CBMKr,0,0.0,regressor_model_3.pkl
1PPDCRc,0,0.0,regressor_model_3.pkl
GAPDi_nadp,0,0.0,regressor_model_3.pkl
FE3PYOVDL,0,0.0,regressor_model_3.pkl
PGM,0,0.0,regressor_model_3.pkl
PMANM,0,0.0,regressor_model_3.pkl
ILETA,0,0.0,regressor_model_3.pkl
LEUTA,1,0.0,regressor_model_3.pkl
R15BPK,0,0.0,regressor_model_3.pkl
LYSRC,0,0.0,regressor_model_3.pkl
OXOADLR,1,0.0,regressor_model_3.pkl
TRPS3,0,0.0,regressor_model_3.pkl
H2CO3D,0,0.0,regressor_model_3.pkl
SERAT_copy2,0,0.0,regressor_model_3.pkl
HSK,0,0.0,regressor_model_3.pkl
PPNDH,0,0.0,regressor_model_3.pkl
PSCVT_copy2,0,0.0,regressor_model_3.pkl
G5SD_copy2,0,0.0,regressor_model_3.pkl
ADK1,0,0.0,regressor_model_3.pkl
NTD4,0,0.0,regressor_model_3.pkl
PHETHPTOX3,1,0.0,regressor_model_3.pkl
ALATA_L,0,0.0,regressor_model_3.pkl
MEPCT_1,0,0.0,regressor_model_3.pkl
PDH,0,0.0,regressor_model_3.pkl
MALS,0,0.0,regressor_model_3.pkl
ANHMK,0,0.0033038615259189416,regressor_model_3.pkl
RECOAH7,0,0.0,regressor_model_3.pkl
GLUDxi,0,0.0016373565092168605,regressor_model_3.pkl
TRPS1_copy2,0,0.0,regressor_model_3.pkl
ALLTN,0,0.0,regressor_model_3.pkl
NDPK5,1,0.0,regressor_model_3.pkl
HISTD,0,0.0025545478031482882,regressor_model_3.pkl
ME2,0,0.0,regressor_model_3.pkl
GLXCL,0,0.0,regressor_model_3.pkl
PRPPS,0,0.0,regressor_model_3.pkl
URIH,0,0.0,regressor_model_3.pkl
PPCK,0,0.0,regressor_model_3.pkl
ALAR,0,0.0,regressor_model_3.pkl
HPYRI,0,0.0,regressor_model_3.pkl
PRAIi_copy1,0,0.0,regressor_model_3.pkl
CSPMDDH,0,0.0,regressor_model_3.pkl
MAN1PT2,1,0.0,regressor_model_3.pkl
HCO3E,0,0.0,regressor_model_3.pkl
DHAD1_copy1,0,0.0,regressor_model_3.pkl
APPAT,0,0.0,regressor_model_3.pkl
ADPT,0,0.0,regressor_model_3.pkl
PRASCSi_copy2,0,0.0,regressor_model_3.pkl
CBPS,0,0.0,regressor_model_3.pkl
FRDO7r,0,0.0,regressor_model_3.pkl
TRSARr,0,0.0,regressor_model_3.pkl
G5SD_copy1,0,0.0,regressor_model_3.pkl
GLNS_copy2,0,0.0,regressor_model_3.pkl
FRDO6r,0,0.0,regressor_model_3.pkl
MDH,0,0.0,regressor_model_3.pkl
PPM,0,0.0,regressor_model_3.pkl
PTRCTA2,1,0.09438191264392004,regressor_model_3.pkl
DMALRED,0,0.0,regressor_model_3.pkl
G3PD2,0,0.0,regressor_model_3.pkl
DLYSPYRAT,1,0.0,regressor_model_3.pkl
DHSKDH,0,0.0,regressor_model_3.pkl
VALDHr,1,0.0,regressor_model_3.pkl
MEPCT,0,0.0,regressor_model_3.pkl
LSERDHr,0,0.0,regressor_model_3.pkl
G6PDH2r,0,0.0,regressor_model_3.pkl
DHQTi_copy1,0,0.0,regressor_model_3.pkl
DHQTi_copy2,0,0.0,regressor_model_3.pkl
HPYRRx,0,0.0,regressor_model_3.pkl
GLUDy,0,0.0,regressor_model_3.pkl
LTDCL,0,0.0,regressor_model_3.pkl
H2CO3D2,0,0.0,regressor_model_3.pkl
GAPD,0,0.0,regressor_model_3.pkl
SSALy,0,0.0,regressor_model_3.pkl
GLYCTO1,0,0.0,regressor_model_3.pkl
ACS,0,0.0,regressor_model_3.pkl
PDHa,1,0.0,regressor_model_3.pkl
HEPCT,0,0.0,regressor_model_3.pkl
SERAT_copy1,0,0.0,regressor_model_3.pkl
VALTA,0,0.0,regressor_model_3.pkl
SUCOAS,0,0.0,regressor_model_3.pkl
FRDO4r,0,0.0,regressor_model_3.pkl
GLNS_copy1,1,0.0,regressor_model_3.pkl
ILEDHr_1,1,0.0,regressor_model_3.pkl
ENO,0,0.0,regressor_model_3.pkl
RBK,0,0.0,regressor_model_3.pkl
ALATRS,0,0.0,regressor_model_3.pkl
PTPATi,0,0.0,regressor_model_3.pkl
FDH,0,0.0,regressor_model_3.pkl
NDPK3,0,0.0,regressor_model_3.pkl
DHAD1_copy2,0,0.0,regressor_model_3.pkl
PHETA1,0,0.0,regressor_model_3.pkl
FALDM,0,0.0,regressor_model_3.pkl
PPND,0,0.0,regressor_model_3.pkl
PPK,0,0.0,regressor_model_3.pkl
PPA,0,0.0,regressor_model_3.pkl
PRASCSi_copy1,0,0.0,regressor_model_3.pkl
AROH,0,0.0,regressor_model_3.pkl
GLUSy,0,0.0,regressor_model_3.pkl
GLYALDDr,0,0.0,regressor_model_3.pkl
LLEUDr,1,0.0,regressor_model_3.pkl
AGMDA,0,0.0,regressor_model_3.pkl
GLYCK,0,0.0,regressor_model_3.pkl
FE3DCITR,0,0.0,regressor_model_3.pkl
TRPS1_copy1,0,0.0,regressor_model_3.pkl
AKGDH,1,0.10862393177588606,regressor_model_3.pkl
IDPh_1,0,0.0,regressor_model_3.pkl
DLYSOXGAT,0,0.0,regressor_model_3.pkl
NDP8,0,0.0,regressor_model_3.pkl
TALA,0,0.03662003856516391,regressor_model_3.pkl
URO_c,0,0.0,regressor_model_3.pkl
PGI,1,0.0,regressor_model_3.pkl
ICL,1,0.06253637116521471,regressor_model_3.pkl
PSCVT_copy1,0,0.0,regressor_model_3.pkl
PGK,0,0.0,regressor_model_3.pkl
HDH,1,0.0,regressor_model_3.pkl
ALDD1,0,0.0,regressor_model_3.pkl
FE3DCITCH,1,0.0,regressor_model_3.pkl
AGPOP,0,0.0,regressor_model_3.pkl
PRAIi_copy2,1,0.0,regressor_model_3.pkl
CBMKr,0,0.0,regressor_model_3.pkl
1PPDCRc,0,0.0,regressor_model_3.pkl
GAPDi_nadp,0,0.0,regressor_model_3.pkl
FE3PYOVDL,0,0.0,regressor_model_3.pkl
PGM,0,0.0,regressor_model_3.pkl
PMANM,0,0.0,regressor_model_3.pkl
ILETA,0,0.0,regressor_model_3.pkl
LEUTA,0,0.0,regressor_model_3.pkl
R15BPK,0,0.0,regressor_model_3.pkl
LYSRC,0,0.0,regressor_model_3.pkl
OXOADLR,1,0.0,regressor_model_3.pkl
TRPS3,0,0.0,regressor_model_3.pkl
H2CO3D,0,0.0,regressor_model_3.pkl
SERAT_copy2,0,0.0,regressor_model_3.pkl
HSK,0,0.0,regressor_model_3.pkl
PPNDH,1,0.0,regressor_model_3.pkl
PSCVT_copy2,0,0.0,regressor_model_3.pkl
G5SD_copy2,0,0.0,regressor_model_3.pkl
ADK1,0,0.0,regressor_model_3.pkl
NTD4,0,0.0,regressor_model_3.pkl
PHETHPTOX3,1,0.0,regressor_model_3.pkl
ALATA_L,0,0.0,regressor_model_3.pkl
MEPCT_1,0,0.0,regressor_model_3.pkl
PDH,0,0.0,regressor_model_3.pkl
MALS,0,0.0,regressor_model_3.pkl
ANHMK,0,0.0,regressor_model_3.pkl
RECOAH7,0,0.0,regressor_model_3.pkl
GLUDxi,0,0.0,regressor_model_3.pkl
TRPS1_copy2,0,0.0,regressor_model_3.pkl
ALLTN,0,0.0,regressor_model_3.pkl
NDPK5,0,0.0,regressor_model_3.pkl
HISTD,0,0.0,regressor_model_3.pkl
ME2,0,0.0,regressor_model_3.pkl
GLXCL,0,0.0,regressor_model_3.pkl
PRPPS,0,0.0,regressor_model_3.pkl
URIH,0,0.0,regressor_model_3.pkl
PPCK,0,0.0,regressor_model_3.pkl
ALAR,0,0.0,regressor_model_3.pkl
HPYRI,0,0.0,regressor_model_3.pkl
PRAIi_copy1,0,0.0,regressor_model_3.pkl
CSPMDDH,0,0.0,regressor_model_3.pkl
MAN1PT2,0,0.0,regressor_model_3.pkl
HCO3E,0,0.0,regressor_model_3.pkl
DHAD1_copy1,0,0.0,regressor_model_3.pkl
APPAT,0,0.0,regressor_model_3.pkl
ADPT,0,0.0,regressor_model_3.pkl
PRASCSi_copy2,0,0.0,regressor_model_3.pkl
CBPS,0,0.0,regressor_model_3.pkl
FRDO7r,0,0.0,regressor_model_3.pkl
TRSARr,0,0.0,regressor_model_3.pkl
G5SD_copy1,0,0.0,regressor_model_3.pkl
GLNS_copy2,0,0.0,regressor_model_3.pkl
FRDO6r,0,0.0,regressor_model_3.pkl
MDH,0,0.0,regressor_model_3.pkl
PPM,0,0.0,regressor_model_3.pkl
PTRCTA2,1,0.034431958425212954,regressor_model_3.pkl
DMALRED,0,0.0,regressor_model_3.pkl
G3PD2,0,0.0,regressor_model_3.pkl
DLYSPYRAT,1,0.0,regressor_model_3.pkl
DHSKDH,0,0.0,regressor_model_3.pkl
VALDHr,1,0.003607294146702594,regressor_model_3.pkl
MEPCT,0,0.0,regressor_model_3.pkl
LSERDHr,0,0.0,regressor_model_3.pkl
G6PDH2r,0,0.0,regressor_model_3.pkl
DHQTi_copy1,0,0.0030817421281377896,regressor_model_3.pkl
DHQTi_copy2,0,0.0,regressor_model_3.pkl
HPYRRx,0,0.0,regressor_model_3.pkl
GLUDy,0,0.0,regressor_model_3.pkl
LTDCL,0,0.0,regressor_model_3.pkl
H2CO3D2,0,0.0,regressor_model_3.pkl
GAPD,0,0.0,regressor_model_3.pkl
SSALy,0,0.02537540147821326,regressor_model_3.pkl
GLYCTO1,0,0.0,regressor_model_3.pkl
ACS,0,0.0,regressor_model_3.pkl
PDHa,1,0.0,regressor_model_3.pkl
HEPCT,0,0.0,regressor_model_3.pkl
SERAT_copy1,0,0.0,regressor_model_3.pkl
VALTA,0,0.0,regressor_model_3.pkl
SUCOAS,0,0.0036088265536596458,regressor_model_3.pkl
FRDO4r,0,0.0,regressor_model_3.pkl
GLNS_copy1,1,0.0031680588688950506,regressor_model_3.pkl
ILEDHr_1,0,0.0,regressor_model_3.pkl
ENO,0,0.0,regressor_model_3.pkl
RBK,0,0.0,regressor_model_3.pkl
ALATRS,0,0.0,regressor_model_3.pkl
PTPATi,0,0.0,regressor_model_3.pkl
FDH,0,0.0,regressor_model_3.pkl
NDPK3,0,0.0,regressor_model_3.pkl
DHAD1_copy2,0,0.0,regressor_model_3.pkl
PHETA1,0,0.0,regressor_model_3.pkl
FALDM,0,0.0,regressor_model_3.pkl
PPND,0,0.0,regressor_model_3.pkl
PPK,0,0.0,regressor_model_3.pkl
PPA,0,0.0,regressor_model_3.pkl
PRASCSi_copy1,0,0.0,regressor_model_3.pkl
AROH,0,0.0,regressor_model_3.pkl
GLUSy,0,0.0,regressor_model_3.pkl
GLYALDDr,0,0.0,regressor_model_3.pkl
LLEUDr,0,0.0,regressor_model_3.pkl
AGMDA,0,0.0,regressor_model_3.pkl
GLYCK,1,0.0,regressor_model_3.pkl
FE3DCITR,0,0.0,regressor_model_3.pkl
TRPS1_copy1,0,0.0,regressor_model_3.pkl
AKGDH,1,0.12464109195446993,regressor_model_3.pkl
IDPh_1,0,0.0,regressor_model_3.pkl
DLYSOXGAT,0,0.0,regressor_model_3.pkl
NDP8,0,0.0,regressor_model_3.pkl
TALA,0,0.03865786766046844,regressor_model_3.pkl
URO_c,0,0.0,regressor_model_3.pkl
PGI,1,0.0,regressor_model_3.pkl
ICL,1,0.07088209327719466,regressor_model_3.pkl
PSCVT_copy1,0,0.0,regressor_model_3.pkl
PGK,0,0.0,regressor_model_3.pkl
HDH,0,0.0,regressor_model_3.pkl
ALDD1,0,0.0,regressor_model_3.pkl
FE3DCITCH,1,0.0,regressor_model_3.pkl
AGPOP,0,0.0,regressor_model_3.pkl
PRAIi_copy2,1,0.0,regressor_model_3.pkl
CBMKr,0,0.0,regressor_model_3.pkl
1PPDCRc,0,0.0,regressor_model_3.pkl
GAPDi_nadp,0,0.0,regressor_model_3.pkl
FE3PYOVDL,0,0.0,regressor_model_3.pkl
PGM,0,0.0,regressor_model_3.pkl
PMANM,0,0.0,regressor_model_3.pkl
ILETA,0,0.0,regressor_model_3.pkl
LEUTA,0,0.0,regressor_model_3.pkl
R15BPK,0,0.0,regressor_model_3.pkl
LYSRC,0,0.0,regressor_model_3.pkl
OXOADLR,1,0.0,regressor_model_3.pkl
TRPS3,0,0.0,regressor_model_3.pkl
H2CO3D,0,0.0,regressor_model_3.pkl
SERAT_copy2,0,0.0,regressor_model_3.pkl
HSK,0,0.0,regressor_model_3.pkl
PPNDH,1,0.0,regressor_model_3.pkl
PSCVT_copy2,0,0.0,regressor_model_3.pkl
G5SD_copy2,0,0.0,regressor_model_3.pkl
ADK1,0,0.0,regressor_model_3.pkl
NTD4,0,0.0,regressor_model_3.pkl
PHETHPTOX3,1,0.0,regressor_model_3.pkl
ALATA_L,0,0.0,regressor_model_3.pkl
MEPCT_1,0,0.0,regressor_model_3.pkl
PDH,0,0.0,regressor_model_3.pkl
MALS,0,0.0,regressor_model_3.pkl
ANHMK,0,0.0,regressor_model_3.pkl
RECOAH7,0,0.0,regressor_model_3.pkl
GLUDxi,0,0.0,regressor_model_3.pkl
TRPS1_copy2,0,0.0,regressor_model_3.pkl
ALLTN,0,0.0,regressor_model_3.pkl
NDPK5,0,0.0,regressor_model_3.pkl
HISTD,0,0.0,regressor_model_3.pkl
ME2,0,0.0,regressor_model_3.pkl
GLXCL,0,0.0,regressor_model_3.pkl
PRPPS,0,0.0,regressor_model_3.pkl
URIH,0,0.0,regressor_model_3.pkl
PPCK,0,0.0,regressor_model_3.pkl
ALAR,0,0.0,regressor_model_3.pkl
HPYRI,0,0.0,regressor_model_3.pkl
PRAIi_copy1,0,0.0,regressor_model_3.pkl
CSPMDDH,0,0.0,regressor_model_3.pkl
MAN1PT2,1,0.0,regressor_model_3.pkl
HCO3E,0,0.0,regressor_model_3.pkl
DHAD1_copy1,0,0.0,regressor_model_3.pkl
APPAT,0,0.0,regressor_model_3.pkl
ADPT,0,0.0,regressor_model_3.pkl
PRASCSi_copy2,0,0.0,regressor_model_3.pkl
CBPS,0,0.0,regressor_model_3.pkl
FRDO7r,0,0.0,regressor_model_3.pkl
TRSARr,0,0.0,regressor_model_3.pkl
G5SD_copy1,0,0.0,regressor_model_3.pkl
GLNS_copy2,0,0.0,regressor_model_3.pkl
FRDO6r,0,0.0,regressor_model_3.pkl
MDH,0,0.0,regressor_model_3.pkl
PPM,0,0.0,regressor_model_3.pkl
PTRCTA2,0,-0.014703383232774337,regressor_model_3.pkl
DMALRED,0,0.0,regressor_model_3.pkl
G3PD2,0,0.0,regressor_model_3.pkl
DLYSPYRAT,0,0.0,regressor_model_3.pkl
DHSKDH,0,0.0,regressor_model_3.pkl
VALDHr,0,0.0,regressor_model_3.pkl
MEPCT,0,0.0,regressor_model_3.pkl
LSERDHr,0,0.0,regressor_model_3.pkl
G6PDH2r,1,0.0,regressor_model_3.pkl
DHQTi_copy1,0,0.0,regressor_model_3.pkl
DHQTi_copy2,0,0.0,regressor_model_3.pkl
HPYRRx,0,0.0,regressor_model_3.pkl
GLUDy,0,0.0,regressor_model_3.pkl
LTDCL,0,0.0,regressor_model_3.pkl
H2CO3D2,0,0.0,regressor_model_3.pkl
GAPD,0,0.0,regressor_model_3.pkl
SSALy,1,0.0722873617860968,regressor_model_3.pkl
GLYCTO1,0,0.0,regressor_model_3.pkl
ACS,0,0.0,regressor_model_3.pkl
PDHa,0,0.0,regressor_model_3.pkl
HEPCT,0,0.0,regressor_model_3.pkl
SERAT_copy1,0,0.0,regressor_model_3.pkl
VALTA,0,0.0,regressor_model_3.pkl
SUCOAS,0,0.0,regressor_model_3.pkl
FRDO4r,0,0.0,regressor_model_3.pkl
GLNS_copy1,1,0.0,regressor_model_3.pkl
ILEDHr_1,0,-0.022145281297942788,regressor_model_3.pkl
ENO,0,0.0,regressor_model_3.pkl
RBK,0,0.0,regressor_model_3.pkl
ALATRS,0,0.0,regressor_model_3.pkl
PTPATi,0,0.0,regressor_model_3.pkl
FDH,0,0.0,regressor_model_3.pkl
NDPK3,0,0.0,regressor_model_3.pkl
DHAD1_copy2,0,0.0,regressor_model_3.pkl
PHETA1,0,0.0,regressor_model_3.pkl
FALDM,0,0.0,regressor_model_3.pkl
PPND,0,0.0,regressor_model_3.pkl
PPK,0,0.0,regressor_model_3.pkl
PPA,0,0.0,regressor_model_3.pkl
PRASCSi_copy1,0,0.0,regressor_model_3.pkl
AROH,1,0.0,regressor_model_3.pkl
GLUSy,0,0.0,regressor_model_3.pkl
GLYALDDr,0,0.0,regressor_model_3.pkl
LLEUDr,0,0.0,regressor_model_3.pkl
AGMDA,0,0.0,regressor_model_3.pkl
GLYCK,0,0.0,regressor_model_3.pkl
FE3DCITR,0,0.0,regressor_model_3.pkl
TRPS1_copy1,0,0.0,regressor_model_3.pkl
AKGDH,1,0.08236134768961106,regressor_model_3.pkl
IDPh_1,0,0.0,regressor_model_3.pkl
DLYSOXGAT,0,0.0,regressor_model_3.pkl
NDP8,0,0.0,regressor_model_3.pkl
TALA,0,0.02364624963169313,regressor_model_3.pkl
URO_c,0,0.0,regressor_model_3.pkl
PGI,0,0.0,regressor_model_3.pkl
ICL,1,0.047797945543544926,regressor_model_3.pkl
PSCVT_copy1,0,0.0,regressor_model_3.pkl
PGK,0,0.0,regressor_model_3.pkl
HDH,0,0.0,regressor_model_3.pkl
ALDD1,0,0.0,regressor_model_3.pkl
FE3DCITCH,0,0.0,regressor_model_3.pkl
AGPOP,0,0.0,regressor_model_3.pkl
PRAIi_copy2,1,0.0,regressor_model_3.pkl
CBMKr,0,0.0,regressor_model_3.pkl
1PPDCRc,1,0.0,regressor_model_3.pkl
GAPDi_nadp,0,0.0,regressor_model_3.pkl
FE3PYOVDL,0,0.0,regressor_model_3.pkl
PGM,0,0.0,regressor_model_3.pkl
PMANM,0,0.0,regressor_model_3.pkl
ILETA,0,0.0,regressor_model_3.pkl
LEUTA,0,0.0,regressor_model_3.pkl
R15BPK,0,0.0,regressor_model_3.pkl
LYSRC,0,0.0,regressor_model_3.pkl
OXOADLR,0,0.0,regressor_model_3.pkl
TRPS3,0,-0.004081669871711657,regressor_model_3.pkl
H2CO3D,1,0.0,regressor_model_3.pkl
SERAT_copy2,0,0.0,regressor_model_3.pkl
HSK,0,0.0,regressor_model_3.pkl
PPNDH,0,0.0,regressor_model_3.pkl
PSCVT_copy2,0,0.0,regressor_model_3.pkl
G5SD_copy2,0,0.0,regressor_model_3.pkl
ADK1,0,0.0,regressor_model_3.pkl
NTD4,0,0.0,regressor_model_3.pkl
PHETHPTOX3,0,0.0,regressor_model_3.pkl
ALATA_L,0,0.0,regressor_model_3.pkl
MEPCT_1,0,0.0,regressor_model_3.pkl
PDH,0,0.0,regressor_model_3.pkl
MALS,1,0.0,regressor_model_3.pkl
ANHMK,0,0.0,regressor_model_3.pkl
RECOAH7,0,0.0,regressor_model_3.pkl
GLUDxi,0,0.0,regressor_model_3.pkl
TRPS1_copy2,0,0.0,regressor_model_3.pkl
ALLTN,0,0.0,regressor_model_3.pkl
NDPK5,0,0.0,regressor_model_3.pkl
HISTD,0,0.0,regressor_model_3.pkl
ME2,0,0.0,regressor_model_3.pkl
GLXCL,0,0.0,regressor_model_3.pkl
PRPPS,0,0.0,regressor_model_3.pkl
URIH,0,0.0,regressor_model_3.pkl
PPCK,0,0.0,regressor_model_3.pkl
ALAR,0,0.0,regressor_model_3.pkl
HPYRI,0,0.0,regressor_model_3.pkl
PRAIi_copy1,0,0.0,regressor_model_3.pkl
CSPMDDH,0,0.0,regressor_model_3.pkl
MAN1PT2,0,0.0,regressor_model_3.pkl
HCO3E,0,0.0,regressor_model_3.pkl
DHAD1_copy1,0,0.0,regressor_model_3.pkl
APPAT,0,0.0,regressor_model_3.pkl
ADPT,0,0.0,regressor_model_3.pkl
PRASCSi_copy2,0,0.0,regressor_model_3.pkl
CBPS,0,0.0,regressor_model_3.pkl
FRDO7r,0,0.0,regressor_model_3.pkl
TRSARr,0,0.0,regressor_model_3.pkl
G5SD_copy1,0,0.0,regressor_model_3.pkl
GLNS_copy2,0,0.0,regressor_model_3.pkl
FRDO6r,0,0.0,regressor_model_3.pkl
MDH,0,0.0,regressor_model_3.pkl
PPM,0,0.0,regressor_model_3.pkl
PTRCTA2,1,0.026520822286349843,regressor_model_3.pkl
DMALRED,0,0.0,regressor_model_3.pkl
G3PD2,0,0.0,regressor_model_3.pkl
DLYSPYRAT,1,0.0,regressor_model_3.pkl
DHSKDH,0,0.0,regressor_model_3.pkl
VALDHr,1,0.0024110747233397245,regressor_model_3.pkl
MEPCT,0,0.0,regressor_model_3.pkl
LSERDHr,0,0.0,regressor_model_3.pkl
G6PDH2r,0,0.0,regressor_model_3.pkl
DHQTi_copy1,0,0.0,regressor_model_3.pkl
DHQTi_copy2,0,0.0,regressor_model_3.pkl
HPYRRx,0,0.0,regressor_model_3.pkl
GLUDy,0,0.0,regressor_model_3.pkl
LTDCL,1,0.0,regressor_model_3.pkl
H2CO3D2,0,0.0,regressor_model_3.pkl
GAPD,0,0.0,regressor_model_3.pkl
SSALy,0,0.02346044396456953,regressor_model_3.pkl
GLYCTO1,0,0.0,regressor_model_3.pkl
ACS,0,0.0,regressor_model_3.pkl
PDHa,1,0.0,regressor_model_3.pkl
HEPCT,0,0.0,regressor_model_3.pkl
SERAT_copy1,0,0.0,regressor_model_3.pkl
VALTA,0,0.0,regressor_model_3.pkl
SUCOAS,0,0.0,regressor_model_3.pkl
FRDO4r,0,0.0,regressor_model_3.pkl
GLNS_copy1,1,0.0,regressor_model_3.pkl
ILEDHr_1,0,0.0,regressor_model_3.pkl
ENO,0,0.0,regressor_model_3.pkl
RBK,0,0.0,regressor_model_3.pkl
ALATRS,0,0.0,regressor_model_3.pkl
PTPATi,0,0.0,regressor_model_3.pkl
FDH,0,0.0,regressor_model_3.pkl
NDPK3,0,0.0,regressor_model_3.pkl
DHAD1_copy2,0,0.0,regressor_model_3.pkl
PHETA1,0,0.0,regressor_model_3.pkl
FALDM,0,0.0,regressor_model_3.pkl
PPND,0,0.0,regressor_model_3.pkl
PPK,0,0.0,regressor_model_3.pkl
PPA,0,0.0,regressor_model_3.pkl
PRASCSi_copy1,0,0.0,regressor_model_3.pkl
AROH,0,0.0,regressor_model_3.pkl
GLUSy,0,0.0,regressor_model_3.pkl
GLYALDDr,0,0.0,regressor_model_3.pkl
LLEUDr,0,0.0,regressor_model_3.pkl
AGMDA,0,0.0,regressor_model_3.pkl
GLYCK,0,0.0,regressor_model_3.pkl
FE3DCITR,0,0.0,regressor_model_3.pkl
TRPS1_copy1,0,0.0,regressor_model_3.pkl
AKGDH,1,0.11956055102851552,regressor_model_3.pkl
IDPh_1,0,0.0,regressor_model_3.pkl
DLYSOXGAT,0,0.0,regressor_model_3.pkl
NDP8,0,0.0,regressor_model_3.pkl
TALA,0,0.03530600751353249,regressor_model_3.pkl
URO_c,0,0.0,regressor_model_3.pkl
PGI,1,0.0,regressor_model_3.pkl
ICL,1,0.06984707443816454,regressor_model_3.pkl
PSCVT_copy1,0,0.0,regressor_model_3.pkl
PGK,0,0.0,regressor_model_3.pkl
HDH,1,0.0,regressor_model_3.pkl
ALDD1,0,0.0,regressor_model_3.pkl
FE3DCITCH,0,0.0,regressor_model_3.pkl
AGPOP,0,0.0,regressor_model_3.pkl
PRAIi_copy2,1,0.0,regressor_model_3.pkl
CBMKr,0,0.0,regressor_model_3.pkl
1PPDCRc,0,0.0,regressor_model_3.pkl
GAPDi_nadp,0,0.0,regressor_model_3.pkl
FE3PYOVDL,0,0.0,regressor_model_3.pkl
PGM,0,0.0,regressor_model_3.pkl
PMANM,0,0.0,regressor_model_3.pkl
ILETA,0,0.0,regressor_model_3.pkl
LEUTA,0,0.0,regressor_model_3.pkl
R15BPK,0,0.0,regressor_model_3.pkl
LYSRC,0,0.0,regressor_model_3.pkl
OXOADLR,1,0.0,regressor_model_3.pkl
TRPS3,0,0.0,regressor_model_3.pkl
H2CO3D,0,0.0,regressor_model_3.pkl
SERAT_copy2,0,0.0,regressor_model_3.pkl
HSK,0,0.0,regressor_model_3.pkl
PPNDH,1,0.0,regressor_model_3.pkl
PSCVT_copy2,0,0.0,regressor_model_3.pkl
G5SD_copy2,1,0.0,regressor_model_3.pkl
ADK1,0,0.0,regressor_model_3.pkl
NTD4,1,0.0,regressor_model_3.pkl
PHETHPTOX3,1,0.0,regressor_model_3.pkl
ALATA_L,0,0.0,regressor_model_3.pkl
MEPCT_1,0,0.0,regressor_model_3.pkl
PDH,0,0.0,regressor_model_3.pkl
MALS,1,0.0,regressor_model_3.pkl
ANHMK,0,0.0,regressor_model_3.pkl
RECOAH7,0,0.0,regressor_model_3.pkl
GLUDxi,0,0.0,regressor_model_3.pkl
TRPS1_copy2,0,0.0,regressor_model_3.pkl
ALLTN,0,0.0,regressor_model_3.pkl
NDPK5,0,0.0,regressor_model_3.pkl
HISTD,0,0.0,regressor_model_3.pkl
ME2,0,0.0,regressor_model_3.pkl
GLXCL,0,0.0,regressor_model_3.pkl
PRPPS,0,0.0,regressor_model_3.pkl
URIH,0,0.0,regressor_model_3.pkl
PPCK,0,0.0,regressor_model_3.pkl
ALAR,0,0.0,regressor_model_3.pkl
HPYRI,0,0.0,regressor_model_3.pkl
PRAIi_copy1,0,0.0,regressor_model_3.pkl
CSPMDDH,0,0.0,regressor_model_3.pkl
MAN1PT2,1,0.0,regressor_model_3.pkl
HCO3E,0,0.0,regressor_model_3.pkl
DHAD1_copy1,0,0.0,regressor_model_3.pkl
APPAT,0,0.0,regressor_model_3.pkl
ADPT,0,0.0,regressor_model_3.pkl
PRASCSi_copy2,0,0.0,regressor_model_3.pkl
CBPS,0,0.0,regressor_model_3.pkl
FRDO7r,0,0.0,regressor_model_3.pkl
TRSARr,0,0.0,regressor_model_3.pkl
G5SD_copy1,0,0.0,regressor_model_3.pkl
GLNS_copy2,0,0.0,regressor_model_3.pkl
FRDO6r,0,0.0,regressor_model_3.pkl
MDH,0,0.0,regressor_model_3.pkl
PPM,0,0.0,regressor_model_3.pkl
PTRCTA2,1,0.028434116539076813,regressor_model_3.pkl
DMALRED,0,0.0,regressor_model_3.pkl
G3PD2,0,0.0,regressor_model_3.pkl
DLYSPYRAT,1,0.0,regressor_model_3.pkl
DHSKDH,0,0.0,regressor_model_3.pkl
VALDHr,1,0.0,regressor_model_3.pkl
MEPCT,0,0.0,regressor_model_3.pkl
LSERDHr,0,0.0,regressor_model_3.pkl
G6PDH2r,0,0.0,regressor_model_3.pkl
DHQTi_copy1,0,0.0,regressor_model_3.pkl
DHQTi_copy2,0,0.0,regressor_model_3.pkl
HPYRRx,0,0.0,regressor_model_3.pkl
GLUDy,0,0.0,regressor_model_3.pkl
LTDCL,1,0.0,regressor_model_3.pkl
H2CO3D2,0,0.0,regressor_model_3.pkl
GAPD,0,0.0,regressor_model_3.pkl
SSALy,1,0.025838097940553466,regressor_model_3.pkl
GLYCTO1,0,0.0,regressor_model_3.pkl
ACS,0,0.0,regressor_model_3.pkl
PDHa,1,0.0,regressor_model_3.pkl
HEPCT,0,0.0,regressor_model_3.pkl
SERAT_copy1,0,0.0,regressor_model_3.pkl
VALTA,0,0.0,regressor_model_3.pkl
SUCOAS,0,0.0,regressor_model_3.pkl
FRDO4r,0,0.0,regressor_model_3.pkl
GLNS_copy1,1,0.0,regressor_model_3.pkl
ILEDHr_1,0,0.0,regressor_model_3.pkl
ENO,0,0.0,regressor_model_3.pkl
RBK,0,0.0,regressor_model_3.pkl
ALATRS,0,0.0,regressor_model_3.pkl
PTPATi,0,0.0,regressor_model_3.pkl
FDH,0,0.0,regressor_model_3.pkl
NDPK3,0,0.0,regressor_model_3.pkl
DHAD1_copy2,0,0.0,regressor_model_3.pkl
PHETA1,0,0.0,regressor_model_3.pkl
FALDM,0,0.0,regressor_model_3.pkl
PPND,0,0.0,regressor_model_3.pkl
PPK,0,0.0,regressor_model_3.pkl
PPA,0,0.0,regressor_model_3.pkl
PRASCSi_copy1,0,0.0,regressor_model_3.pkl
AROH,0,0.0,regressor_model_3.pkl
GLUSy,0,0.0,regressor_model_3.pkl
GLYALDDr,0,0.0,regressor_model_3.pkl
LLEUDr,0,0.0,regressor_model_3.pkl
AGMDA,0,0.0,regressor_model_3.pkl
GLYCK,0,0.0,regressor_model_3.pkl
FE3DCITR,0,0.0,regressor_model_3.pkl
TRPS1_copy1,0,0.0,regressor_model_3.pkl
AKGDH,1,0.11821246630286632,regressor_model_3.pkl
IDPh_1,0,0.0,regressor_model_3.pkl
DLYSOXGAT,0,0.0,regressor_model_3.pkl
NDP8,0,0.0,regressor_model_3.pkl
TALA,0,0.039319532618387935,regressor_model_3.pkl
URO_c,0,0.0,regressor_model_3.pkl
PGI,1,0.0,regressor_model_3.pkl
ICL,1,0.06889908713029688,regressor_model_3.pkl
PSCVT_copy1,0,0.0,regressor_model_3.pkl
PGK,0,0.0,regressor_model_3.pkl
HDH,1,0.0,regressor_model_3.pkl
ALDD1,0,0.0,regressor_model_3.pkl
FE3DCITCH,0,0.0,regressor_model_3.pkl
AGPOP,0,0.0,regressor_model_3.pkl
PRAIi_copy2,1,0.0,regressor_model_3.pkl
CBMKr,0,0.0,regressor_model_3.pkl
1PPDCRc,0,0.0,regressor_model_3.pkl
GAPDi_nadp,0,0.0,regressor_model_3.pkl
FE3PYOVDL,0,0.0,regressor_model_3.pkl
PGM,0,0.0,regressor_model_3.pkl
PMANM,0,0.0,regressor_model_3.pkl
ILETA,0,0.0,regressor_model_3.pkl
LEUTA,0,0.0,regressor_model_3.pkl
R15BPK,0,0.0,regressor_model_3.pkl
LYSRC,0,0.0,regressor_model_3.pkl
OXOADLR,0,0.0,regressor_model_3.pkl
TRPS3,0,0.0,regressor_model_3.pkl
H2CO3D,0,0.0,regressor_model_3.pkl
SERAT_copy2,0,0.0,regressor_model_3.pkl
HSK,0,0.0,regressor_model_3.pkl
PPNDH,0,0.0,regressor_model_3.pkl
PSCVT_copy2,0,0.0,regressor_model_3.pkl
G5SD_copy2,0,0.0,regressor_model_3.pkl
ADK1,0,0.0,regressor_model_3.pkl
NTD4,0,0.0,regressor_model_3.pkl
PHETHPTOX3,0,0.0,regressor_model_3.pkl
ALATA_L,0,0.0,regressor_model_3.pkl
MEPCT_1,0,0.0,regressor_model_3.pkl
PDH,0,0.0,regressor_model_3.pkl
MALS,1,0.0,regressor_model_3.pkl
ANHMK,0,0.0,regressor_model_3.pkl
RECOAH7,0,0.0,regressor_model_3.pkl
GLUDxi,0,0.0,regressor_model_3.pkl
TRPS1_copy2,0,0.0,regressor_model_3.pkl
ALLTN,0,0.0,regressor_model_3.pkl
NDPK5,1,0.0,regressor_model_3.pkl
HISTD,0,0.0,regressor_model_3.pkl
ME2,0,0.0,regressor_model_3.pkl
GLXCL,0,0.0,regressor_model_3.pkl
PRPPS,0,0.0,regressor_model_3.pkl
URIH,0,0.0,regressor_model_3.pkl
PPCK,0,0.0,regressor_model_3.pkl
ALAR,0,0.0,regressor_model_3.pkl
HPYRI,0,0.0,regressor_model_3.pkl
PRAIi_copy1,0,0.0,regressor_model_3.pkl
CSPMDDH,0,0.0,regressor_model_3.pkl
MAN1PT2,1,0.0,regressor_model_3.pkl
HCO3E,1,0.0,regressor_model_3.pkl
DHAD1_copy1,0,0.0,regressor_model_3.pkl
APPAT,0,0.0,regressor_model_3.pkl
ADPT,0,0.0,regressor_model_3.pkl
PRASCSi_copy2,0,0.0,regressor_model_3.pkl
CBPS,0,0.0,regressor_model_3.pkl
FRDO7r,1,0.0,regressor_model_3.pkl
TRSARr,0,0.0,regressor_model_3.pkl
G5SD_copy1,0,0.0,regressor_model_3.pkl
GLNS_copy2,0,0.0,regressor_model_3.pkl
FRDO6r,0,0.0,regressor_model_3.pkl
MDH,0,0.0,regressor_model_3.pkl
PPM,0,0.0,regressor_model_3.pkl
PTRCTA2,1,0.03244948294523824,regressor_model_3.pkl
DMALRED,0,0.0,regressor_model_3.pkl
G3PD2,0,0.0,regressor_model_3.pkl
DLYSPYRAT,0,0.0,regressor_model_3.pkl
DHSKDH,0,0.0,regressor_model_3.pkl
VALDHr,1,0.0015688993684704476,regressor_model_3.pkl
MEPCT,0,0.0,regressor_model_3.pkl
LSERDHr,0,0.0,regressor_model_3.pkl
G6PDH2r,1,0.0,regressor_model_3.pkl
DHQTi_copy1,0,0.0,regressor_model_3.pkl
DHQTi_copy2,0,0.0,regressor_model_3.pkl
HPYRRx,0,0.0,regressor_model_3.pkl
GLUDy,0,0.0,regressor_model_3.pkl
LTDCL,1,0.0,regressor_model_3.pkl
H2CO3D2,0,0.0,regressor_model_3.pkl
GAPD,0,0.0,regressor_model_3.pkl
SSALy,1,0.024727216503336962,regressor_model_3.pkl
GLYCTO1,0,0.0,regressor_model_3.pkl
ACS,0,0.0,regressor_model_3.pkl
PDHa,1,0.0,regressor_model_3.pkl
HEPCT,0,0.0,regressor_model_3.pkl
SERAT_copy1,0,0.0,regressor_model_3.pkl
VALTA,0,0.0,regressor_model_3.pkl
SUCOAS,0,0.0,regressor_model_3.pkl
FRDO4r,0,0.0,regressor_model_3.pkl
GLNS_copy1,0,0.0,regressor_model_3.pkl
ILEDHr_1,0,0.001802774733913307,regressor_model_3.pkl
ENO,0,0.0,regressor_model_3.pkl
RBK,0,0.0,regressor_model_3.pkl
ALATRS,0,0.0,regressor_model_3.pkl
PTPATi,0,0.0,regressor_model_3.pkl
FDH,0,0.0,regressor_model_3.pkl
NDPK3,0,0.0,regressor_model_3.pkl
DHAD1_copy2,0,0.0,regressor_model_3.pkl
PHETA1,0,0.0,regressor_model_3.pkl
FALDM,0,0.0,regressor_model_3.pkl
PPND,0,0.0,regressor_model_3.pkl
PPK,0,0.0,regressor_model_3.pkl
PPA,0,0.0,regressor_model_3.pkl
PRASCSi_copy1,0,0.0,regressor_model_3.pkl
AROH,0,0.0011043891971693977,regressor_model_3.pkl
GLUSy,0,0.0,regressor_model_3.pkl
GLYALDDr,0,0.0,regressor_model_3.pkl
LLEUDr,1,0.0,regressor_model_3.pkl
AGMDA,0,0.0,regressor_model_3.pkl
GLYCK,0,0.001994354308987287,regressor_model_3.pkl
FE3DCITR,0,0.0,regressor_model_3.pkl
TRPS1_copy1,0,0.0,regressor_model_3.pkl
AKGDH,1,0.12197613538754494,regressor_model_3.pkl
IDPh_1,0,0.0,regressor_model_3.pkl
DLYSOXGAT,0,0.0,regressor_model_3.pkl
NDP8,0,0.0,regressor_model_3.pkl
TALA,0,0.038121827658270345,regressor_model_3.pkl
URO_c,0,0.0,regressor_model_3.pkl
PGI,0,0.0,regressor_model_3.pkl
ICL,1,0.07091712849642087,regressor_model_3.pkl
PSCVT_copy1,0,0.0,regressor_model_3.pkl
PGK,0,0.0,regressor_model_3.pkl
HDH,1,0.0,regressor_model_3.pkl
ALDD1,0,0.0,regressor_model_3.pkl
FE3DCITCH,0,0.0,regressor_model_3.pkl
AGPOP,0,0.0,regressor_model_3.pkl
PRAIi_copy2,1,0.0,regressor_model_3.pkl
CBMKr,0,0.0,regressor_model_3.pkl
1PPDCRc,0,0.0,regressor_model_3.pkl
GAPDi_nadp,0,0.0,regressor_model_3.pkl
FE3PYOVDL,0,0.0,regressor_model_3.pkl
PGM,0,0.0,regressor_model_3.pkl
PMANM,0,0.0,regressor_model_3.pkl
ILETA,0,0.0,regressor_model_3.pkl
LEUTA,0,0.0,regressor_model_3.pkl
R15BPK,0,0.0,regressor_model_3.pkl
LYSRC,0,0.0,regressor_model_3.pkl
OXOADLR,1,0.0,regressor_model_3.pkl
TRPS3,0,0.0,regressor_model_3.pkl
H2CO3D,0,0.0,regressor_model_3.pkl
SERAT_copy2,0,0.0,regressor_model_3.pkl
HSK,0,0.0,regressor_model_3.pkl
PPNDH,1,0.0,regressor_model_3.pkl
PSCVT_copy2,0,0.0,regressor_model_3.pkl
G5SD_copy2,0,0.0,regressor_model_3.pkl
ADK1,0,0.0,regressor_model_3.pkl
NTD4,0,0.0,regressor_model_3.pkl
PHETHPTOX3,1,0.0,regressor_model_3.pkl
ALATA_L,0,0.0,regressor_model_3.pkl
MEPCT_1,0,0.0,regressor_model_3.pkl
PDH,0,0.0,regressor_model_3.pkl
MALS,0,0.0,regressor_model_3.pkl
ANHMK,0,0.0,regressor_model_3.pkl
RECOAH7,0,0.0,regressor_model_3.pkl
GLUDxi,0,0.0,regressor_model_3.pkl
TRPS1_copy2,0,0.0,regressor_model_3.pkl
ALLTN,0,0.0,regressor_model_3.pkl
NDPK5,1,0.0,regressor_model_3.pkl
HISTD,0,0.0029189256856538837,regressor_model_3.pkl
ME2,0,0.0,regressor_model_3.pkl
GLXCL,0,0.0,regressor_model_3.pkl
PRPPS,0,0.0,regressor_model_3.pkl
URIH,0,0.0,regressor_model_3.pkl
PPCK,0,0.0,regressor_model_3.pkl
ALAR,0,0.0,regressor_model_3.pkl
HPYRI,1,0.0,regressor_model_3.pkl
PRAIi_copy1,0,0.0,regressor_model_3.pkl
CSPMDDH,0,0.0,regressor_model_3.pkl
MAN1PT2,1,0.0,regressor_model_3.pkl
HCO3E,0,0.0,regressor_model_3.pkl
DHAD1_copy1,0,0.0,regressor_model_3.pkl
APPAT,0,0.0,regressor_model_3.pkl
ADPT,0,0.0,regressor_model_3.pkl
PRASCSi_copy2,0,0.0,regressor_model_3.pkl
CBPS,0,0.0,regressor_model_3.pkl
FRDO7r,0,0.0,regressor_model_3.pkl
TRSARr,0,0.0,regressor_model_3.pkl
G5SD_copy1,0,0.0,regressor_model_3.pkl
GLNS_copy2,0,0.0,regressor_model_3.pkl
FRDO6r,0,0.0,regressor_model_3.pkl
MDH,0,0.0,regressor_model_3.pkl
PPM,0,0.0,regressor_model_3.pkl
PTRCTA2,1,0.09000127854529058,regressor_model_3.pkl
DMALRED,0,0.0,regressor_model_3.pkl
G3PD2,0,0.0,regressor_model_3.pkl
DLYSPYRAT,1,0.0,regressor_model_3.pkl
DHSKDH,0,0.0,regressor_model_3.pkl
VALDHr,1,0.0031806811650649447,regressor_model_3.pkl
MEPCT,0,0.0,regressor_model_3.pkl
LSERDHr,0,0.0,regressor_model_3.pkl
G6PDH2r,0,0.0,regressor_model_3.pkl
DHQTi_copy1,0,0.0,regressor_model_3.pkl
DHQTi_copy2,0,0.0,regressor_model_3.pkl
HPYRRx,0,0.0,regressor_model_3.pkl
GLUDy,0,0.0,regressor_model_3.pkl
LTDCL,0,0.0,regressor_model_3.pkl
H2CO3D2,0,0.0,regressor_model_3.pkl
GAPD,0,0.0,regressor_model_3.pkl
SSALy,1,0.0,regressor_model_3.pkl
GLYCTO1,0,0.0,regressor_model_3.pkl
ACS,0,0.0,regressor_model_3.pkl
PDHa,1,0.0,regressor_model_3.pkl
HEPCT,0,0.0,regressor_model_3.pkl
SERAT_copy1,0,0.0,regressor_model_3.pkl
VALTA,0,0.0,regressor_model_3.pkl
SUCOAS,0,0.0026146100653969173,regressor_model_3.pkl
FRDO4r,0,0.0,regressor_model_3.pkl
GLNS_copy1,1,0.0,regressor_model_3.pkl
ILEDHr_1,0,0.0,regressor_model_3.pkl
ENO,0,0.0,regressor_model_3.pkl
RBK,0,0.0,regressor_model_3.pkl
ALATRS,0,0.0,regressor_model_3.pkl
PTPATi,0,0.0,regressor_model_3.pkl
FDH,0,0.0,regressor_model_3.pkl
NDPK3,0,0.0,regressor_model_3.pkl
DHAD1_copy2,0,0.0,regressor_model_3.pkl
PHETA1,0,0.0,regressor_model_3.pkl
FALDM,0,0.0,regressor_model_3.pkl
PPND,0,0.0,regressor_model_3.pkl
PPK,1,0.0,regressor_model_3.pkl
PPA,0,0.0,regressor_model_3.pkl
PRASCSi_copy1,0,0.0,regressor_model_3.pkl
AROH,0,0.0,regressor_model_3.pkl
GLUSy,0,0.0,regressor_model_3.pkl
GLYALDDr,0,0.0,regressor_model_3.pkl
LLEUDr,1,0.0,regressor_model_3.pkl
AGMDA,0,0.0,regressor_model_3.pkl
GLYCK,0,0.0,regressor_model_3.pkl
FE3DCITR,0,0.0,regressor_model_3.pkl
TRPS1_copy1,0,0.0,regressor_model_3.pkl
AKGDH,1,0.1030429289583186,regressor_model_3.pkl
IDPh_1,0,0.0,regressor_model_3.pkl
DLYSOXGAT,0,0.0,regressor_model_3.pkl
NDP8,0,0.0,regressor_model_3.pkl
TALA,1,0.03398758048942979,regressor_model_3.pkl
URO_c,0,0.0,regressor_model_3.pkl
PGI,0,0.0,regressor_model_3.pkl
ICL,1,0.06281331274182236,regressor_model_3.pkl
PSCVT_copy1,0,0.0,regressor_model_3.pkl
PGK,0,0.0,regressor_model_3.pkl
HDH,0,0.0,regressor_model_3.pkl
ALDD1,0,0.0,regressor_model_3.pkl
FE3DCITCH,1,0.0,regressor_model_3.pkl
AGPOP,0,0.0,regressor_model_3.pkl
PRAIi_copy2,1,0.0015538829964863382,regressor_model_3.pkl
CBMKr,0,0.0,regressor_model_3.pkl
1PPDCRc,0,0.0,regressor_model_3.pkl
GAPDi_nadp,0,0.0,regressor_model_3.pkl
FE3PYOVDL,0,0.0,regressor_model_3.pkl
PGM,0,0.0,regressor_model_3.pkl
PMANM,0,0.0,regressor_model_3.pkl
ILETA,0,0.0,regressor_model_3.pkl
LEUTA,0,0.0,regressor_model_3.pkl
R15BPK,0,0.0,regressor_model_3.pkl
LYSRC,0,0.0,regressor_model_3.pkl
OXOADLR,1,0.0,regressor_model_3.pkl
TRPS3,0,0.0,regressor_model_3.pkl
H2CO3D,0,0.0,regressor_model_3.pkl
SERAT_copy2,0,0.0,regressor_model_3.pkl
HSK,0,0.0,regressor_model_3.pkl
PPNDH,0,0.0,regressor_model_3.pkl
PSCVT_copy2,0,0.0,regressor_model_3.pkl
G5SD_copy2,0,0.0,regressor_model_3.pkl
ADK1,0,0.0,regressor_model_3.pkl
NTD4,0,0.0,regressor_model_3.pkl
PHETHPTOX3,1,0.0,regressor_model_3.pkl
ALATA_L,0,0.0,regressor_model_3.pkl
MEPCT_1,0,0.0,regressor_model_3.pkl
PDH,0,0.0,regressor_model_3.pkl
MALS,0,0.0,regressor_model_3.pkl
ANHMK,0,0.0,regressor_model_3.pkl
RECOAH7,0,0.0,regressor_model_3.pkl
GLUDxi,0,0.0,regressor_model_3.pkl
TRPS1_copy2,0,0.0,regressor_model_3.pkl
ALLTN,0,0.0,regressor_model_3.pkl
NDPK5,1,0.0,regressor_model_3.pkl
HISTD,0,0.0,regressor_model_3.pkl
ME2,0,0.0,regressor_model_3.pkl
GLXCL,0,0.0,regressor_model_3.pkl
PRPPS,0,0.0,regressor_model_3.pkl
URIH,0,0.0,regressor_model_3.pkl
PPCK,0,0.0012184074477478712,regressor_model_3.pkl
ALAR,0,0.0,regressor_model_3.pkl
HPYRI,0,0.0,regressor_model_3.pkl
PRAIi_copy1,0,0.0,regressor_model_3.pkl
CSPMDDH,0,0.0,regressor_model_3.pkl
MAN1PT2,0,0.0,regressor_model_3.pkl
HCO3E,0,0.0,regressor_model_3.pkl
DHAD1_copy1,0,0.0,regressor_model_3.pkl
APPAT,0,0.0,regressor_model_3.pkl
ADPT,0,0.0,regressor_model_3.pkl
PRASCSi_copy2,0,0.0,regressor_model_3.pkl
CBPS,0,0.0,regressor_model_3.pkl
FRDO7r,0,0.0,regressor_model_3.pkl
TRSARr,0,0.0,regressor_model_3.pkl
G5SD_copy1,0,0.0,regressor_model_3.pkl
GLNS_copy2,0,0.0,regressor_model_3.pkl
FRDO6r,0,0.0,regressor_model_3.pkl
MDH,0,0.0,regressor_model_3.pkl
PPM,0,0.0,regressor_model_3.pkl
PTRCTA2,0,0.015049704973524597,regressor_model_3.pkl
DMALRED,0,0.0,regressor_model_3.pkl
G3PD2,0,0.0,regressor_model_3.pkl
DLYSPYRAT,0,0.0,regressor_model_3.pkl
DHSKDH,0,0.0,regressor_model_3.pkl
VALDHr,1,0.004541051908871865,regressor_model_3.pkl
MEPCT,0,0.0,regressor_model_3.pkl
LSERDHr,0,0.0,regressor_model_3.pkl
G6PDH2r,0,0.0036883794731214607,regressor_model_3.pkl
DHQTi_copy1,0,0.0,regressor_model_3.pkl
DHQTi_copy2,0,0.0,regressor_model_3.pkl
HPYRRx,0,0.0,regressor_model_3.pkl
GLUDy,0,0.0,regressor_model_3.pkl
LTDCL,1,0.0,regressor_model_3.pkl
H2CO3D2,0,0.0,regressor_model_3.pkl
GAPD,0,0.0,regressor_model_3.pkl
SSALy,1,0.04516758697537122,regressor_model_3.pkl
GLYCTO1,0,0.0,regressor_model_3.pkl
ACS,0,0.0,regressor_model_3.pkl
PDHa,0,0.00178185282930476,regressor_model_3.pkl
HEPCT,0,0.0,regressor_model_3.pkl
SERAT_copy1,0,0.0,regressor_model_3.pkl
VALTA,0,0.0,regressor_model_3.pkl
SUCOAS,0,0.11941315938265679,regressor_model_3.pkl
FRDO4r,0,0.0,regressor_model_3.pkl
GLNS_copy1,1,0.0,regressor_model_3.pkl
ILEDHr_1,0,0.0011722266974306627,regressor_model_3.pkl
ENO,0,0.0,regressor_model_3.pkl
RBK,0,0.0,regressor_model_3.pkl
ALATRS,0,0.0,regressor_model_3.pkl
PTPATi,0,0.0,regressor_model_3.pkl
FDH,0,0.0,regressor_model_3.pkl
NDPK3,0,0.0,regressor_model_3.pkl
DHAD1_copy2,0,0.0,regressor_model_3.pkl
PHETA1,0,0.0,regressor_model_3.pkl
FALDM,0,0.0,regressor_model_3.pkl
PPND,0,0.0,regressor_model_3.pkl
PPK,0,0.0,regressor_model_3.pkl
PPA,0,0.0,regressor_model_3.pkl
PRASCSi_copy1,0,0.0,regressor_model_3.pkl
AROH,0,0.0,regressor_model_3.pkl
GLUSy,0,0.0,regressor_model_3.pkl
GLYALDDr,0,0.0,regressor_model_3.pkl
LLEUDr,1,0.0,regressor_model_3.pkl
AGMDA,0,0.0,regressor_model_3.pkl
GLYCK,1,0.0,regressor_model_3.pkl
FE3DCITR,0,0.0,regressor_model_3.pkl
TRPS1_copy1,0,0.0,regressor_model_3.pkl
AKGDH,1,0.01217335455649898,regressor_model_3.pkl
IDPh_1,0,0.0,regressor_model_3.pkl
DLYSOXGAT,0,0.0,regressor_model_3.pkl
NDP8,0,0.0,regressor_model_3.pkl
TALA,1,0.023974688020058636,regressor_model_3.pkl
URO_c,0,0.0,regressor_model_3.pkl
PGI,0,0.002111873666222873,regressor_model_3.pkl
ICL,1,0.052515467444447544,regressor_model_3.pkl
PSCVT_copy1,0,0.0,regressor_model_3.pkl
PGK,0,0.0,regressor_model_3.pkl
HDH,1,0.0,regressor_model_3.pkl
ALDD1,0,0.0,regressor_model_3.pkl
FE3DCITCH,1,0.0,regressor_model_3.pkl
AGPOP,0,0.0,regressor_model_3.pkl
PRAIi_copy2,1,0.0,regressor_model_3.pkl
CBMKr,0,0.0,regressor_model_3.pkl
1PPDCRc,0,0.0,regressor_model_3.pkl
GAPDi_nadp,0,0.0,regressor_model_3.pkl
FE3PYOVDL,0,0.0,regressor_model_3.pkl
PGM,0,0.0,regressor_model_3.pkl
PMANM,0,0.0,regressor_model_3.pkl
ILETA,0,0.0,regressor_model_3.pkl
LEUTA,0,0.0,regressor_model_3.pkl
R15BPK,0,0.0,regressor_model_3.pkl
LYSRC,0,0.0,regressor_model_3.pkl
OXOADLR,0,0.0,regressor_model_3.pkl
TRPS3,0,0.0,regressor_model_3.pkl
H2CO3D,0,0.0,regressor_model_3.pkl
SERAT_copy2,0,0.0,regressor_model_3.pkl
HSK,0,0.0,regressor_model_3.pkl
PPNDH,0,0.0,regressor_model_3.pkl
PSCVT_copy2,0,0.0,regressor_model_3.pkl
G5SD_copy2,0,0.0,regressor_model_3.pkl
ADK1,0,0.0,regressor_model_3.pkl
NTD4,0,0.0,regressor_model_3.pkl
PHETHPTOX3,0,0.0,regressor_model_3.pkl
ALATA_L,0,0.0,regressor_model_3.pkl
MEPCT_1,0,0.0,regressor_model_3.pkl
PDH,0,0.0,regressor_model_3.pkl
MALS,1,0.0,regressor_model_3.pkl
ANHMK,1,0.0,regressor_model_3.pkl
RECOAH7,0,0.0,regressor_model_3.pkl
GLUDxi,0,0.0,regressor_model_3.pkl
TRPS1_copy2,0,0.0,regressor_model_3.pkl
ALLTN,0,0.0,regressor_model_3.pkl
NDPK5,1,0.0,regressor_model_3.pkl
HISTD,0,0.0,regressor_model_3.pkl
ME2,0,0.0,regressor_model_3.pkl
GLXCL,0,0.0,regressor_model_3.pkl
PRPPS,0,0.0,regressor_model_3.pkl
URIH,0,0.0,regressor_model_3.pkl
PPCK,0,0.0,regressor_model_3.pkl
ALAR,1,0.0,regressor_model_3.pkl
HPYRI,0,0.0,regressor_model_3.pkl
PRAIi_copy1,0,0.0,regressor_model_3.pkl
CSPMDDH,0,0.0,regressor_model_3.pkl
MAN1PT2,1,0.0,regressor_model_3.pkl
HCO3E,0,0.0,regressor_model_3.pkl
DHAD1_copy1,0,0.0,regressor_model_3.pkl
APPAT,0,0.0,regressor_model_3.pkl
ADPT,0,0.0,regressor_model_3.pkl
PRASCSi_copy2,0,0.0,regressor_model_3.pkl
CBPS,0,0.0,regressor_model_3.pkl
FRDO7r,0,0.0,regressor_model_3.pkl
TRSARr,0,0.0,regressor_model_3.pkl
G5SD_copy1,0,0.0,regressor_model_3.pkl
GLNS_copy2,0,0.0,regressor_model_3.pkl
FRDO6r,0,0.0,regressor_model_3.pkl
MDH,0,0.0,regressor_model_3.pkl
PPM,0,0.0,regressor_model_3.pkl
PTRCTA2,1,0.04920184513018627,regressor_model_3.pkl
DMALRED,0,0.0,regressor_model_3.pkl
G3PD2,0,0.0,regressor_model_3.pkl
DLYSPYRAT,0,0.0035737419948888203,regressor_model_3.pkl
DHSKDH,0,0.0,regressor_model_3.pkl
VALDHr,1,0.0,regressor_model_3.pkl
MEPCT,0,0.0,regressor_model_3.pkl
LSERDHr,0,0.0,regressor_model_3.pkl
G6PDH2r,0,0.0,regressor_model_3.pkl
DHQTi_copy1,0,0.0,regressor_model_3.pkl
DHQTi_copy2,0,0.0,regressor_model_3.pkl
HPYRRx,0,0.0,regressor_model_3.pkl
GLUDy,0,0.0,regressor_model_3.pkl
LTDCL,1,0.0,regressor_model_3.pkl
H2CO3D2,0,0.0,regressor_model_3.pkl
GAPD,0,0.0,regressor_model_3.pkl
SSALy,1,0.021845315051867705,regressor_model_3.pkl
GLYCTO1,0,0.0,regressor_model_3.pkl
ACS,0,0.0,regressor_model_3.pkl
PDHa,0,0.0,regressor_model_3.pkl
HEPCT,0,0.0,regressor_model_3.pkl
SERAT_copy1,0,0.0,regressor_model_3.pkl
VALTA,0,0.0,regressor_model_3.pkl
SUCOAS,0,0.004068975226976542,regressor_model_3.pkl
FRDO4r,0,0.0,regressor_model_3.pkl
GLNS_copy1,1,0.0,regressor_model_3.pkl
ILEDHr_1,0,0.0,regressor_model_3.pkl
ENO,0,0.0,regressor_model_3.pkl
RBK,0,0.0,regressor_model_3.pkl
ALATRS,0,0.0,regressor_model_3.pkl
PTPATi,0,0.0,regressor_model_3.pkl
FDH,0,0.0,regressor_model_3.pkl
NDPK3,0,0.0,regressor_model_3.pkl
DHAD1_copy2,0,0.0,regressor_model_3.pkl
PHETA1,0,0.0,regressor_model_3.pkl
FALDM,0,0.0,regressor_model_3.pkl
PPND,0,0.0,regressor_model_3.pkl
PPK,0,0.0,regressor_model_3.pkl
PPA,0,0.0,regressor_model_3.pkl
PRASCSi_copy1,0,0.0,regressor_model_3.pkl
AROH,0,0.0,regressor_model_3.pkl
GLUSy,0,0.0,regressor_model_3.pkl
GLYALDDr,0,0.0,regressor_model_3.pkl
LLEUDr,1,0.0,regressor_model_3.pkl
AGMDA,0,0.0,regressor_model_3.pkl
GLYCK,0,0.0,regressor_model_3.pkl
FE3DCITR,0,0.0,regressor_model_3.pkl
TRPS1_copy1,0,0.0,regressor_model_3.pkl
AKGDH,1,0.12110850671184745,regressor_model_3.pkl
IDPh_1,0,0.0,regressor_model_3.pkl
DLYSOXGAT,0,0.0,regressor_model_3.pkl
NDP8,0,0.0,regressor_model_3.pkl
TALA,1,0.0,regressor_model_3.pkl
URO_c,0,0.0,regressor_model_3.pkl
PGI,0,0.03878044340294569,regressor_model_3.pkl
ICL,1,0.07213498697378412,regressor_model_3.pkl
PSCVT_copy1,0,0.0,regressor_model_3.pkl
PGK,0,0.0,regressor_model_3.pkl
HDH,1,0.0,regressor_model_3.pkl
ALDD1,0,0.0,regressor_model_3.pkl
FE3DCITCH,1,0.0,regressor_model_3.pkl
AGPOP,0,0.0,regressor_model_3.pkl
PRAIi_copy2,1,0.0,regressor_model_3.pkl
CBMKr,0,0.0,regressor_model_3.pkl
1PPDCRc,0,0.0,regressor_model_3.pkl
GAPDi_nadp,0,0.0,regressor_model_3.pkl
FE3PYOVDL,0,0.0,regressor_model_3.pkl
PGM,0,0.0,regressor_model_3.pkl
PMANM,0,0.0,regressor_model_3.pkl
ILETA,0,0.0,regressor_model_3.pkl
LEUTA,0,0.0,regressor_model_3.pkl
R15BPK,0,0.0,regressor_model_3.pkl
LYSRC,0,0.0,regressor_model_3.pkl
OXOADLR,1,0.0,regressor_model_3.pkl
TRPS3,0,0.0,regressor_model_3.pkl
H2CO3D,0,0.0,regressor_model_3.pkl
SERAT_copy2,0,0.0,regressor_model_3.pkl
HSK,0,0.0,regressor_model_3.pkl
PPNDH,1,0.0,regressor_model_3.pkl
PSCVT_copy2,0,0.0,regressor_model_3.pkl
G5SD_copy2,0,0.0,regressor_model_3.pkl
ADK1,0,0.0,regressor_model_3.pkl
NTD4,0,0.0,regressor_model_3.pkl
PHETHPTOX3,0,0.0,regressor_model_3.pkl
ALATA_L,0,0.0,regressor_model_3.pkl
MEPCT_1,0,0.0,regressor_model_3.pkl
PDH,0,0.0,regressor_model_3.pkl
MALS,1,0.0,regressor_model_3.pkl
ANHMK,0,0.0,regressor_model_3.pkl
RECOAH7,0,0.0,regressor_model_3.pkl
GLUDxi,0,0.0,regressor_model_3.pkl
TRPS1_copy2,0,0.0,regressor_model_3.pkl
ALLTN,0,0.0,regressor_model_3.pkl
NDPK5,0,0.0,regressor_model_3.pkl
HISTD,0,0.0,regressor_model_3.pkl
ME2,0,0.0,regressor_model_3.pkl
GLXCL,0,0.0,regressor_model_3.pkl
PRPPS,0,0.0,regressor_model_3.pkl
URIH,0,0.0,regressor_model_3.pkl
PPCK,0,0.0,regressor_model_3.pkl
ALAR,1,0.0,regressor_model_3.pkl
HPYRI,0,0.0,regressor_model_3.pkl
PRAIi_copy1,0,0.0,regressor_model_3.pkl
CSPMDDH,0,0.0,regressor_model_3.pkl
MAN1PT2,1,0.0,regressor_model_3.pkl
HCO3E,0,0.0,regressor_model_3.pkl
DHAD1_copy1,0,0.0,regressor_model_3.pkl
APPAT,0,0.0,regressor_model_3.pkl
ADPT,0,0.0,regressor_model_3.pkl
PRASCSi_copy2,0,0.0,regressor_model_3.pkl
CBPS,0,0.0,regressor_model_3.pkl
FRDO7r,0,0.0,regressor_model_3.pkl
TRSARr,0,0.0,regressor_model_3.pkl
G5SD_copy1,0,0.0,regressor_model_3.pkl
GLNS_copy2,0,0.0,regressor_model_3.pkl
FRDO6r,0,0.0,regressor_model_3.pkl
MDH,0,0.0,regressor_model_3.pkl
PPM,0,0.0,regressor_model_3.pkl
PTRCTA2,0,0.09370898576865545,regressor_model_3.pkl
DMALRED,0,0.0,regressor_model_3.pkl
G3PD2,0,0.0,regressor_model_3.pkl
DLYSPYRAT,0,0.00472755457785613,regressor_model_3.pkl
DHSKDH,0,0.0,regressor_model_3.pkl
VALDHr,1,0.0,regressor_model_3.pkl
MEPCT,0,0.0,regressor_model_3.pkl
LSERDHr,0,0.0031939765511883635,regressor_model_3.pkl
G6PDH2r,0,0.0,regressor_model_3.pkl
DHQTi_copy1,0,0.0,regressor_model_3.pkl
DHQTi_copy2,0,0.0,regressor_model_3.pkl
HPYRRx,0,0.0,regressor_model_3.pkl
GLUDy,0,0.0,regressor_model_3.pkl
LTDCL,0,0.0,regressor_model_3.pkl
H2CO3D2,0,0.0,regressor_model_3.pkl
GAPD,0,0.0,regressor_model_3.pkl
SSALy,1,0.0,regressor_model_3.pkl
GLYCTO1,0,0.0,regressor_model_3.pkl
ACS,0,0.0,regressor_model_3.pkl
PDHa,1,0.0,regressor_model_3.pkl
HEPCT,0,0.0,regressor_model_3.pkl
SERAT_copy1,0,0.0,regressor_model_3.pkl
VALTA,0,0.0,regressor_model_3.pkl
SUCOAS,0,0.0,regressor_model_3.pkl
FRDO4r,0,0.0,regressor_model_3.pkl
GLNS_copy1,1,0.0,regressor_model_3.pkl
ILEDHr_1,0,0.0,regressor_model_3.pkl
ENO,0,0.0,regressor_model_3.pkl
RBK,0,0.0,regressor_model_3.pkl
ALATRS,0,0.0,regressor_model_3.pkl
PTPATi,0,0.0,regressor_model_3.pkl
FDH,0,0.0,regressor_model_3.pkl
NDPK3,0,0.0,regressor_model_3.pkl
DHAD1_copy2,0,0.0,regressor_model_3.pkl
PHETA1,0,0.0,regressor_model_3.pkl
FALDM,0,0.0,regressor_model_3.pkl
PPND,0,0.0,regressor_model_3.pkl
PPK,0,0.0,regressor_model_3.pkl
PPA,0,0.0,regressor_model_3.pkl
PRASCSi_copy1,0,0.0,regressor_model_3.pkl
AROH,0,0.0,regressor_model_3.pkl
GLUSy,0,0.0,regressor_model_3.pkl
GLYALDDr,0,0.0,regressor_model_3.pkl
LLEUDr,0,0.0,regressor_model_3.pkl
AGMDA,0,0.0,regressor_model_3.pkl
GLYCK,0,0.0,regressor_model_3.pkl
FE3DCITR,0,0.0,regressor_model_3.pkl
TRPS1_copy1,0,0.0,regressor_model_3.pkl
AKGDH,1,0.10576451021650553,regressor_model_3.pkl
IDPh_1,0,0.0,regressor_model_3.pkl
DLYSOXGAT,0,0.0,regressor_model_3.pkl
NDP8,0,0.0,regressor_model_3.pkl
TALA,1,0.0,regressor_model_3.pkl
URO_c,0,0.0,regressor_model_3.pkl
PGI,0,0.03906191388534013,regressor_model_3.pkl
ICL,1,0.06484608030771688,regressor_model_3.pkl
PSCVT_copy1,0,0.0,regressor_model_3.pkl
PGK,0,0.0,regressor_model_3.pkl
HDH,1,0.0,regressor_model_3.pkl
ALDD1,0,0.0,regressor_model_3.pkl
FE3DCITCH,1,0.0,regressor_model_3.pkl
AGPOP,0,0.0,regressor_model_3.pkl
PRAIi_copy2,1,0.0,regressor_model_3.pkl
CBMKr,0,0.0,regressor_model_3.pkl
1PPDCRc,0,0.0,regressor_model_3.pkl
GAPDi_nadp,0,0.0,regressor_model_3.pkl
FE3PYOVDL,0,0.0,regressor_model_3.pkl
PGM,0,0.0,regressor_model_3.pkl
PMANM,0,0.0,regressor_model_3.pkl
ILETA,0,0.0,regressor_model_3.pkl
LEUTA,1,0.0,regressor_model_3.pkl
R15BPK,0,0.0,regressor_model_3.pkl
LYSRC,0,0.0,regressor_model_3.pkl
OXOADLR,0,0.0,regressor_model_3.pkl
TRPS3,0,0.0,regressor_model_3.pkl
H2CO3D,0,0.0,regressor_model_3.pkl
SERAT_copy2,0,0.0,regressor_model_3.pkl
HSK,0,0.0,regressor_model_3.pkl
PPNDH,1,0.0,regressor_model_3.pkl
PSCVT_copy2,0,0.0,regressor_model_3.pkl
G5SD_copy2,0,0.0,regressor_model_3.pkl
ADK1,0,0.0,regressor_model_3.pkl
NTD4,1,0.0,regressor_model_3.pkl
PHETHPTOX3,1,0.0,regressor_model_3.pkl
ALATA_L,0,0.0,regressor_model_3.pkl
MEPCT_1,0,0.0,regressor_model_3.pkl
PDH,0,0.0,regressor_model_3.pkl
MALS,1,0.0,regressor_model_3.pkl
ANHMK,0,0.0,regressor_model_3.pkl
RECOAH7,0,0.0,regressor_model_3.pkl
GLUDxi,0,0.0,regressor_model_3.pkl
TRPS1_copy2,0,0.0,regressor_model_3.pkl
ALLTN,0,0.0,regressor_model_3.pkl
NDPK5,0,0.0,regressor_model_3.pkl
HISTD,0,0.0,regressor_model_3.pkl
ME2,0,0.0,regressor_model_3.pkl
GLXCL,0,0.0,regressor_model_3.pkl
PRPPS,0,0.0,regressor_model_3.pkl
URIH,0,0.0,regressor_model_3.pkl
PPCK,0,0.0,regressor_model_3.pkl
ALAR,0,0.0,regressor_model_3.pkl
HPYRI,0,0.0,regressor_model_3.pkl
PRAIi_copy1,0,0.0,regressor_model_3.pkl
CSPMDDH,0,0.0,regressor_model_3.pkl
MAN1PT2,1,0.0,regressor_model_3.pkl
HCO3E,0,0.0,regressor_model_3.pkl
DHAD1_copy1,0,0.0,regressor_model_3.pkl
APPAT,0,0.0,regressor_model_3.pkl
ADPT,0,0.0,regressor_model_3.pkl
PRASCSi_copy2,0,0.0,regressor_model_3.pkl
CBPS,0,0.0,regressor_model_3.pkl
FRDO7r,1,0.0,regressor_model_3.pkl
TRSARr,0,0.0,regressor_model_3.pkl
G5SD_copy1,0,0.0,regressor_model_3.pkl
GLNS_copy2,0,0.0,regressor_model_3.pkl
FRDO6r,0,0.0,regressor_model_3.pkl
MDH,0,0.0,regressor_model_3.pkl
PPM,0,0.0,regressor_model_3.pkl
PTRCTA2,1,0.0,regressor_model_3.pkl
DMALRED,0,0.0,regressor_model_3.pkl
G3PD2,0,0.0,regressor_model_3.pkl
DLYSPYRAT,1,0.0,regressor_model_3.pkl
DHSKDH,0,0.0,regressor_model_3.pkl
VALDHr,1,0.0027708068116113044,regressor_model_3.pkl
MEPCT,0,0.0,regressor_model_3.pkl
LSERDHr,0,0.0014395374731744903,regressor_model_3.pkl
G6PDH2r,0,0.03107892820431127,regressor_model_3.pkl
DHQTi_copy1,0,0.0,regressor_model_3.pkl
DHQTi_copy2,0,0.0,regressor_model_3.pkl
HPYRRx,0,0.0,regressor_model_3.pkl
GLUDy,0,0.0,regressor_model_3.pkl
LTDCL,1,0.0,regressor_model_3.pkl
H2CO3D2,0,0.0,regressor_model_3.pkl
GAPD,0,0.0,regressor_model_3.pkl
SSALy,1,0.07054792431139577,regressor_model_3.pkl
GLYCTO1,0,0.0,regressor_model_3.pkl
ACS,0,0.0,regressor_model_3.pkl
PDHa,1,0.0,regressor_model_3.pkl
HEPCT,0,0.0,regressor_model_3.pkl
SERAT_copy1,0,0.0,regressor_model_3.pkl
VALTA,0,0.0,regressor_model_3.pkl
SUCOAS,0,0.0014346870828035726,regressor_model_3.pkl
FRDO4r,0,0.0,regressor_model_3.pkl
GLNS_copy1,1,0.0,regressor_model_3.pkl
ILEDHr_1,0,0.0,regressor_model_3.pkl
ENO,0,0.0,regressor_model_3.pkl
RBK,0,0.0,regressor_model_3.pkl
ALATRS,0,0.0,regressor_model_3.pkl
PTPATi,0,0.0,regressor_model_3.pkl
FDH,0,0.0,regressor_model_3.pkl
NDPK3,0,0.0,regressor_model_3.pkl
DHAD1_copy2,0,0.0,regressor_model_3.pkl
PHETA1,0,0.0,regressor_model_3.pkl
FALDM,0,0.0,regressor_model_3.pkl
PPND,0,0.0,regressor_model_3.pkl
PPK,0,0.0,regressor_model_3.pkl
PPA,0,0.0,regressor_model_3.pkl
PRASCSi_copy1,0,0.0,regressor_model_3.pkl
AROH,0,-0.02087815089179454,regressor_model_3.pkl
GLUSy,0,0.0,regressor_model_3.pkl
GLYALDDr,0,0.0,regressor_model_3.pkl
LLEUDr,0,0.0,regressor_model_3.pkl
AGMDA,0,0.0,regressor_model_3.pkl
GLYCK,0,0.0,regressor_model_3.pkl
FE3DCITR,1,0.0,regressor_model_3.pkl
TRPS1_copy1,0,0.0,regressor_model_3.pkl
AKGDH,1,0.0817918567163406,regressor_model_3.pkl
IDPh_1,0,0.0,regressor_model_3.pkl
DLYSOXGAT,0,0.0,regressor_model_3.pkl
NDP8,0,0.0,regressor_model_3.pkl
TALA,1,0.0,regressor_model_3.pkl
URO_c,0,0.0,regressor_model_3.pkl
PGI,0,0.0,regressor_model_3.pkl
ICL,1,0.046237002849661514,regressor_model_3.pkl
PSCVT_copy1,0,0.0,regressor_model_3.pkl
PGK,0,0.0,regressor_model_3.pkl
HDH,0,0.0,regressor_model_3.pkl
ALDD1,0,0.0,regressor_model_3.pkl
FE3DCITCH,1,0.0,regressor_model_3.pkl
AGPOP,0,0.0,regressor_model_3.pkl
PRAIi_copy2,0,0.0017977743383289215,regressor_model_3.pkl
CBMKr,0,0.0,regressor_model_3.pkl
1PPDCRc,0,0.007115292156571584,regressor_model_3.pkl
GAPDi_nadp,0,0.0,regressor_model_3.pkl
FE3PYOVDL,0,0.0,regressor_model_3.pkl
PGM,0,0.0,regressor_model_3.pkl
PMANM,0,0.0,regressor_model_3.pkl
ILETA,0,0.0,regressor_model_3.pkl
LEUTA,0,0.0,regressor_model_3.pkl
R15BPK,0,0.0,regressor_model_3.pkl
LYSRC,0,0.0,regressor_model_3.pkl
OXOADLR,1,0.0,regressor_model_3.pkl
TRPS3,0,0.0,regressor_model_3.pkl
H2CO3D,0,0.0,regressor_model_3.pkl
SERAT_copy2,1,0.0,regressor_model_3.pkl
HSK,0,0.0,regressor_model_3.pkl
PPNDH,1,0.0,regressor_model_3.pkl
PSCVT_copy2,0,0.0,regressor_model_3.pkl
G5SD_copy2,0,0.0,regressor_model_3.pkl
ADK1,0,0.0,regressor_model_3.pkl
NTD4,0,0.0,regressor_model_3.pkl
PHETHPTOX3,1,0.0,regressor_model_3.pkl
ALATA_L,0,0.0,regressor_model_3.pkl
MEPCT_1,0,0.0,regressor_model_3.pkl
PDH,0,0.0,regressor_model_3.pkl
MALS,1,0.0,regressor_model_3.pkl
ANHMK,0,0.0,regressor_model_3.pkl
RECOAH7,0,0.0,regressor_model_3.pkl
GLUDxi,0,0.0,regressor_model_3.pkl
TRPS1_copy2,0,0.0,regressor_model_3.pkl
ALLTN,0,0.0,regressor_model_3.pkl
NDPK5,1,0.0,regressor_model_3.pkl
HISTD,0,0.0,regressor_model_3.pkl
ME2,0,0.0,regressor_model_3.pkl
GLXCL,0,0.0,regressor_model_3.pkl
PRPPS,0,0.0,regressor_model_3.pkl
URIH,0,0.0,regressor_model_3.pkl
PPCK,0,0.0,regressor_model_3.pkl
ALAR,0,0.0,regressor_model_3.pkl
HPYRI,0,0.0,regressor_model_3.pkl
PRAIi_copy1,0,0.0,regressor_model_3.pkl
CSPMDDH,0,0.0,regressor_model_3.pkl
MAN1PT2,1,0.0,regressor_model_3.pkl
HCO3E,0,0.0,regressor_model_3.pkl
DHAD1_copy1,0,0.0,regressor_model_3.pkl
APPAT,0,0.0,regressor_model_3.pkl
ADPT,0,0.0,regressor_model_3.pkl
PRASCSi_copy2,0,0.0,regressor_model_3.pkl
CBPS,0,0.0,regressor_model_3.pkl
FRDO7r,1,0.0,regressor_model_3.pkl
TRSARr,0,0.0,regressor_model_3.pkl
G5SD_copy1,0,0.0,regressor_model_3.pkl
GLNS_copy2,0,0.0,regressor_model_3.pkl
FRDO6r,0,0.0,regressor_model_3.pkl
MDH,0,0.0,regressor_model_3.pkl
PPM,0,0.0,regressor_model_3.pkl
PTRCTA2,1,0.041703499240310464,regressor_model_3.pkl
DMALRED,0,0.0,regressor_model_3.pkl
G3PD2,0,0.0,regressor_model_3.pkl
DLYSPYRAT,0,0.0,regressor_model_3.pkl
DHSKDH,0,0.0,regressor_model_3.pkl
VALDHr,0,0.0,regressor_model_3.pkl
MEPCT,0,0.0,regressor_model_3.pkl
LSERDHr,0,0.0,regressor_model_3.pkl
G6PDH2r,0,0.039544161358951745,regressor_model_3.pkl
DHQTi_copy1,0,0.0,regressor_model_3.pkl
DHQTi_copy2,0,0.0,regressor_model_3.pkl
HPYRRx,0,0.0,regressor_model_3.pkl
GLUDy,0,0.0,regressor_model_3.pkl
LTDCL,1,0.0,regressor_model_3.pkl
H2CO3D2,0,0.0,regressor_model_3.pkl
GAPD,0,0.0,regressor_model_3.pkl
SSALy,0,0.02701263419181293,regressor_model_3.pkl
GLYCTO1,0,0.0,regressor_model_3.pkl
ACS,0,0.0,regressor_model_3.pkl
PDHa,1,0.0,regressor_model_3.pkl
HEPCT,0,0.0,regressor_model_3.pkl
SERAT_copy1,0,0.0,regressor_model_3.pkl
VALTA,0,0.0,regressor_model_3.pkl
SUCOAS,0,0.0,regressor_model_3.pkl
FRDO4r,0,0.0,regressor_model_3.pkl
GLNS_copy1,1,0.0,regressor_model_3.pkl
ILEDHr_1,0,0.0,regressor_model_3.pkl
ENO,0,0.0,regressor_model_3.pkl
RBK,0,0.0,regressor_model_3.pkl
ALATRS,0,0.0,regressor_model_3.pkl
PTPATi,0,0.0,regressor_model_3.pkl
FDH,0,0.0,regressor_model_3.pkl
NDPK3,0,0.0,regressor_model_3.pkl
DHAD1_copy2,0,0.0,regressor_model_3.pkl
PHETA1,0,0.0,regressor_model_3.pkl
FALDM,0,0.0,regressor_model_3.pkl
PPND,0,0.0,regressor_model_3.pkl
PPK,0,0.0,regressor_model_3.pkl
PPA,0,0.0,regressor_model_3.pkl
PRASCSi_copy1,0,0.0,regressor_model_3.pkl
AROH,0,0.0,regressor_model_3.pkl
GLUSy,0,0.0,regressor_model_3.pkl
GLYALDDr,0,0.0,regressor_model_3.pkl
LLEUDr,1,0.0,regressor_model_3.pkl
AGMDA,0,0.0,regressor_model_3.pkl
GLYCK,0,0.0,regressor_model_3.pkl
FE3DCITR,0,0.0,regressor_model_3.pkl
TRPS1_copy1,0,0.0,regressor_model_3.pkl
AKGDH,1,0.12160607400028932,regressor_model_3.pkl
IDPh_1,0,0.0,regressor_model_3.pkl
DLYSOXGAT,0,0.0,regressor_model_3.pkl
NDP8,0,0.0,regressor_model_3.pkl
TALA,1,0.0,regressor_model_3.pkl
URO_c,0,0.0,regressor_model_3.pkl
PGI,0,0.0,regressor_model_3.pkl
ICL,1,0.06827546458993528,regressor_model_3.pkl
PSCVT_copy1,0,0.0,regressor_model_3.pkl
PGK,0,0.0,regressor_model_3.pkl
HDH,1,0.0,regressor_model_3.pkl
ALDD1,0,0.0,regressor_model_3.pkl
FE3DCITCH,1,0.0,regressor_model_3.pkl
AGPOP,0,0.0,regressor_model_3.pkl
PRAIi_copy2,1,0.0,regressor_model_3.pkl
CBMKr,0,0.0,regressor_model_3.pkl
1PPDCRc,0,0.0,regressor_model_3.pkl
GAPDi_nadp,0,0.0,regressor_model_3.pkl
FE3PYOVDL,0,0.0,regressor_model_3.pkl
PGM,0,0.0,regressor_model_3.pkl
PMANM,0,0.0,regressor_model_3.pkl
ILETA,0,0.0,regressor_model_3.pkl
LEUTA,0,0.0,regressor_model_3.pkl
R15BPK,0,0.0,regressor_model_3.pkl
LYSRC,0,0.0,regressor_model_3.pkl
OXOADLR,1,0.0,regressor_model_3.pkl
TRPS3,0,0.0,regressor_model_3.pkl
H2CO3D,0,0.0,regressor_model_3.pkl
SERAT_copy2,0,0.0,regressor_model_3.pkl
HSK,0,0.0,regressor_model_3.pkl
PPNDH,0,0.0,regressor_model_3.pkl
PSCVT_copy2,0,0.0,regressor_model_3.pkl
G5SD_copy2,0,0.0,regressor_model_3.pkl
ADK1,0,0.0,regressor_model_3.pkl
NTD4,0,0.0,regressor_model_3.pkl
PHETHPTOX3,1,0.0,regressor_model_3.pkl
ALATA_L,0,0.0,regressor_model_3.pkl
MEPCT_1,0,0.0,regressor_model_3.pkl
PDH,0,0.0,regressor_model_3.pkl
MALS,1,0.0,regressor_model_3.pkl
ANHMK,0,0.0,regressor_model_3.pkl
RECOAH7,0,0.0,regressor_model_3.pkl
GLUDxi,0,0.0,regressor_model_3.pkl
TRPS1_copy2,0,0.0,regressor_model_3.pkl
ALLTN,0,0.0,regressor_model_3.pkl
NDPK5,1,0.0,regressor_model_3.pkl
HISTD,0,0.0,regressor_model_3.pkl
ME2,0,0.0,regressor_model_3.pkl
GLXCL,0,0.0,regressor_model_3.pkl
PRPPS,0,0.0,regressor_model_3.pkl
URIH,0,0.0,regressor_model_3.pkl
PPCK,0,0.0,regressor_model_3.pkl
ALAR,0,0.0,regressor_model_3.pkl
HPYRI,0,0.0035727638095897074,regressor_model_3.pkl
PRAIi_copy1,0,0.0,regressor_model_3.pkl
CSPMDDH,0,0.0,regressor_model_3.pkl
MAN1PT2,1,0.0,regressor_model_3.pkl
HCO3E,0,0.0,regressor_model_3.pkl
DHAD1_copy1,0,0.0,regressor_model_3.pkl
APPAT,0,0.0,regressor_model_3.pkl
ADPT,0,0.0,regressor_model_3.pkl
PRASCSi_copy2,0,0.0,regressor_model_3.pkl
CBPS,0,0.0,regressor_model_3.pkl
FRDO7r,0,0.0,regressor_model_3.pkl
TRSARr,0,0.0,regressor_model_3.pkl
G5SD_copy1,0,0.0,regressor_model_3.pkl
GLNS_copy2,0,0.0,regressor_model_3.pkl
FRDO6r,0,0.0,regressor_model_3.pkl
MDH,0,0.0,regressor_model_3.pkl
PPM,0,0.0,regressor_model_3.pkl
PTRCTA2,1,0.029449996007064248,regressor_model_3.pkl
DMALRED,0,0.0,regressor_model_3.pkl
G3PD2,0,0.0,regressor_model_3.pkl
DLYSPYRAT,1,0.004288796470785738,regressor_model_3.pkl
DHSKDH,0,0.0,regressor_model_3.pkl
VALDHr,1,0.0,regressor_model_3.pkl
MEPCT,0,0.0,regressor_model_3.pkl
LSERDHr,0,0.0,regressor_model_3.pkl
G6PDH2r,0,0.0,regressor_model_3.pkl
DHQTi_copy1,0,0.0,regressor_model_3.pkl
DHQTi_copy2,0,0.0,regressor_model_3.pkl
HPYRRx,0,0.0,regressor_model_3.pkl
GLUDy,0,0.0,regressor_model_3.pkl
LTDCL,0,0.0,regressor_model_3.pkl
H2CO3D2,1,0.0,regressor_model_3.pkl
GAPD,0,0.0,regressor_model_3.pkl
SSALy,0,0.02015500226605351,regressor_model_3.pkl
GLYCTO1,0,0.0,regressor_model_3.pkl
ACS,0,0.0,regressor_model_3.pkl
PDHa,1,0.0,regressor_model_3.pkl
HEPCT,0,0.0,regressor_model_3.pkl
SERAT_copy1,0,0.0,regressor_model_3.pkl
VALTA,0,0.0,regressor_model_3.pkl
SUCOAS,0,0.0,regressor_model_3.pkl
FRDO4r,0,0.0,regressor_model_3.pkl
GLNS_copy1,1,0.0,regressor_model_3.pkl
ILEDHr_1,1,0.0,regressor_model_3.pkl
ENO,0,0.0,regressor_model_3.pkl
RBK,0,0.0,regressor_model_3.pkl
ALATRS,0,0.0,regressor_model_3.pkl
PTPATi,0,0.0,regressor_model_3.pkl
FDH,0,0.0,regressor_model_3.pkl
NDPK3,0,0.0,regressor_model_3.pkl
DHAD1_copy2,0,0.0,regressor_model_3.pkl
PHETA1,0,0.0,regressor_model_3.pkl
FALDM,0,0.0,regressor_model_3.pkl
PPND,0,0.0,regressor_model_3.pkl
PPK,0,0.0,regressor_model_3.pkl
PPA,0,0.0,regressor_model_3.pkl
PRASCSi_copy1,0,0.0,regressor_model_3.pkl
AROH,0,0.0,regressor_model_3.pkl
GLUSy,0,0.0,regressor_model_3.pkl
GLYALDDr,0,0.0,regressor_model_3.pkl
LLEUDr,1,-0.009033826033823994,regressor_model_3.pkl
AGMDA,0,0.0,regressor_model_3.pkl
GLYCK,0,0.0,regressor_model_3.pkl
FE3DCITR,0,0.0,regressor_model_3.pkl
TRPS1_copy1,0,0.0,regressor_model_3.pkl
AKGDH,1,0.10062438527015377,regressor_model_3.pkl
IDPh_1,0,0.0,regressor_model_3.pkl
DLYSOXGAT,0,0.0,regressor_model_3.pkl
NDP8,0,0.0,regressor_model_3.pkl
TALA,1,0.02792212440395935,regressor_model_3.pkl
URO_c,0,0.0,regressor_model_3.pkl
PGI,0,0.0,regressor_model_3.pkl
ICL,1,0.0596426105364244,regressor_model_3.pkl
PSCVT_copy1,0,0.0,regressor_model_3.pkl
PGK,0,0.0,regressor_model_3.pkl
HDH,0,0.0025522720200168918,regressor_model_3.pkl
ALDD1,0,0.0,regressor_model_3.pkl
FE3DCITCH,1,-0.009732697778756861,regressor_model_3.pkl
AGPOP,0,0.0,regressor_model_3.pkl
PRAIi_copy2,1,0.0,regressor_model_3.pkl
CBMKr,0,0.0,regressor_model_3.pkl
1PPDCRc,1,0.0,regressor_model_3.pkl
GAPDi_nadp,0,0.0,regressor_model_3.pkl
FE3PYOVDL,0,0.0,regressor_model_3.pkl
PGM,0,0.0,regressor_model_3.pkl
PMANM,0,0.0,regressor_model_3.pkl
ILETA,0,0.0,regressor_model_3.pkl
LEUTA,0,0.0,regressor_model_3.pkl
R15BPK,0,0.0,regressor_model_3.pkl
LYSRC,0,0.0,regressor_model_3.pkl
OXOADLR,0,0.0,regressor_model_3.pkl
TRPS3,0,0.0,regressor_model_3.pkl
H2CO3D,1,0.0,regressor_model_3.pkl
SERAT_copy2,0,0.0,regressor_model_3.pkl
HSK,0,0.0,regressor_model_3.pkl
PPNDH,0,0.0,regressor_model_3.pkl
PSCVT_copy2,0,0.0,regressor_model_3.pkl
G5SD_copy2,0,0.0,regressor_model_3.pkl
ADK1,0,0.0,regressor_model_3.pkl
NTD4,0,0.0,regressor_model_3.pkl
PHETHPTOX3,1,0.0,regressor_model_3.pkl
ALATA_L,0,0.0,regressor_model_3.pkl
MEPCT_1,0,0.0,regressor_model_3.pkl
PDH,0,0.0,regressor_model_3.pkl
MALS,1,0.0,regressor_model_3.pkl
ANHMK,0,0.0,regressor_model_3.pkl
RECOAH7,0,0.0,regressor_model_3.pkl
GLUDxi,0,0.0,regressor_model_3.pkl
TRPS1_copy2,0,0.0,regressor_model_3.pkl
ALLTN,0,0.0,regressor_model_3.pkl
NDPK5,1,0.0,regressor_model_3.pkl
HISTD,0,0.0,regressor_model_3.pkl
ME2,0,0.0,regressor_model_3.pkl
GLXCL,0,0.0,regressor_model_3.pkl
PRPPS,0,0.0,regressor_model_3.pkl
URIH,0,0.0,regressor_model_3.pkl
PPCK,0,0.0,regressor_model_3.pkl
ALAR,0,-0.03682043169381785,regressor_model_3.pkl
HPYRI,0,0.0,regressor_model_3.pkl
PRAIi_copy1,0,0.0015925886432480163,regressor_model_3.pkl
CSPMDDH,0,0.0,regressor_model_3.pkl
MAN1PT2,1,0.0,regressor_model_3.pkl
HCO3E,0,0.0,regressor_model_3.pkl
DHAD1_copy1,0,0.0,regressor_model_3.pkl
APPAT,0,0.0,regressor_model_3.pkl
ADPT,0,0.0,regressor_model_3.pkl
PRASCSi_copy2,0,0.0,regressor_model_3.pkl
CBPS,0,0.0,regressor_model_3.pkl
FRDO7r,1,0.0,regressor_model_3.pkl
TRSARr,0,0.0,regressor_model_3.pkl
G5SD_copy1,0,0.0,regressor_model_3.pkl
GLNS_copy2,0,0.0,regressor_model_3.pkl
FRDO6r,0,0.0,regressor_model_3.pkl
MDH,0,0.0,regressor_model_3.pkl
PPM,0,0.0,regressor_model_3.pkl
PTRCTA2,1,0.09106511204723804,regressor_model_3.pkl
DMALRED,0,0.0,regressor_model_3.pkl
G3PD2,0,0.0,regressor_model_3.pkl
DLYSPYRAT,1,0.0,regressor_model_3.pkl
DHSKDH,0,0.0,regressor_model_3.pkl
VALDHr,1,0.0,regressor_model_3.pkl
MEPCT,0,0.0,regressor_model_3.pkl
LSERDHr,0,0.0,regressor_model_3.pkl
G6PDH2r,0,0.0,regressor_model_3.pkl
DHQTi_copy1,0,0.0,regressor_model_3.pkl
DHQTi_copy2,0,0.0,regressor_model_3.pkl
HPYRRx,0,0.0,regressor_model_3.pkl
GLUDy,0,0.0,regressor_model_3.pkl
LTDCL,0,0.0,regressor_model_3.pkl
H2CO3D2,0,0.0,regressor_model_3.pkl
GAPD,0,0.0,regressor_model_3.pkl
SSALy,0,0.0,regressor_model_3.pkl
GLYCTO1,0,0.0,regressor_model_3.pkl
ACS,0,0.0,regressor_model_3.pkl
PDHa,1,0.0,regressor_model_3.pkl
HEPCT,0,0.0,regressor_model_3.pkl
SERAT_copy1,0,0.0,regressor_model_3.pkl
VALTA,0,0.0,regressor_model_3.pkl
SUCOAS,0,0.0021559415971693593,regressor_model_3.pkl
FRDO4r,0,0.0,regressor_model_3.pkl
GLNS_copy1,0,0.0,regressor_model_3.pkl
ILEDHr_1,0,0.0,regressor_model_3.pkl
ENO,0,0.0,regressor_model_3.pkl
RBK,0,0.0,regressor_model_3.pkl
ALATRS,0,0.0,regressor_model_3.pkl
PTPATi,0,0.0,regressor_model_3.pkl
FDH,0,0.0,regressor_model_3.pkl
NDPK3,0,0.0,regressor_model_3.pkl
DHAD1_copy2,0,0.0,regressor_model_3.pkl
PHETA1,0,0.0,regressor_model_3.pkl
FALDM,0,0.0,regressor_model_3.pkl
PPND,0,0.0,regressor_model_3.pkl
PPK,0,0.0,regressor_model_3.pkl
PPA,0,0.0,regressor_model_3.pkl
PRASCSi_copy1,0,0.0,regressor_model_3.pkl
AROH,0,0.0,regressor_model_3.pkl
GLUSy,0,0.0,regressor_model_3.pkl
GLYALDDr,1,0.0,regressor_model_3.pkl
LLEUDr,1,0.0,regressor_model_3.pkl
AGMDA,0,0.0,regressor_model_3.pkl
GLYCK,0,0.0,regressor_model_3.pkl
FE3DCITR,0,0.0,regressor_model_3.pkl
TRPS1_copy1,0,0.0,regressor_model_3.pkl
AKGDH,1,0.10061806498933533,regressor_model_3.pkl
IDPh_1,0,0.0,regressor_model_3.pkl
DLYSOXGAT,0,0.0,regressor_model_3.pkl
NDP8,0,0.0,regressor_model_3.pkl
TALA,1,0.029606273610997255,regressor_model_3.pkl
URO_c,0,0.0,regressor_model_3.pkl
PGI,0,0.0,regressor_model_3.pkl
ICL,1,0.05971738591967929,regressor_model_3.pkl
PSCVT_copy1,0,0.0,regressor_model_3.pkl
PGK,0,0.0,regressor_model_3.pkl
HDH,1,0.0,regressor_model_3.pkl
ALDD1,0,0.0,regressor_model_3.pkl
FE3DCITCH,1,0.0,regressor_model_3.pkl
AGPOP,0,0.0,regressor_model_3.pkl
PRAIi_copy2,1,0.0,regressor_model_3.pkl
CBMKr,0,0.0,regressor_model_3.pkl
1PPDCRc,0,0.0,regressor_model_3.pkl
GAPDi_nadp,0,0.0,regressor_model_3.pkl
FE3PYOVDL,0,0.0,regressor_model_3.pkl
PGM,0,0.0,regressor_model_3.pkl
PMANM,0,0.0,regressor_model_3.pkl
ILETA,0,0.0,regressor_model_3.pkl
LEUTA,0,0.0,regressor_model_3.pkl
R15BPK,0,0.0,regressor_model_3.pkl
LYSRC,0,0.0,regressor_model_3.pkl
OXOADLR,0,0.0,regressor_model_3.pkl
TRPS3,0,0.0,regressor_model_3.pkl
H2CO3D,0,0.0,regressor_model_3.pkl
SERAT_copy2,0,0.0,regressor_model_3.pkl
HSK,0,0.0,regressor_model_3.pkl
PPNDH,1,0.0,regressor_model_3.pkl
PSCVT_copy2,0,0.0,regressor_model_3.pkl
G5SD_copy2,0,0.0,regressor_model_3.pkl
ADK1,0,0.0,regressor_model_3.pkl
NTD4,0,0.0,regressor_model_3.pkl
PHETHPTOX3,0,0.0,regressor_model_3.pkl
ALATA_L,0,0.0,regressor_model_3.pkl
MEPCT_1,0,0.0,regressor_model_3.pkl
PDH,0,0.0,regressor_model_3.pkl
MALS,0,0.0,regressor_model_3.pkl
ANHMK,1,0.0,regressor_model_3.pkl
RECOAH7,0,0.0,regressor_model_3.pkl
GLUDxi,1,0.0,regressor_model_3.pkl
TRPS1_copy2,0,0.0,regressor_model_3.pkl
ALLTN,0,0.0,regressor_model_3.pkl
NDPK5,1,0.0,regressor_model_3.pkl
HISTD,0,0.0,regressor_model_3.pkl
ME2,0,0.0,regressor_model_3.pkl
GLXCL,0,0.0,regressor_model_3.pkl
PRPPS,0,0.0,regressor_model_3.pkl
URIH,0,0.0,regressor_model_3.pkl
PPCK,0,0.0,regressor_model_3.pkl
ALAR,0,0.0,regressor_model_3.pkl
HPYRI,0,0.0,regressor_model_3.pkl
PRAIi_copy1,0,0.0,regressor_model_3.pkl
CSPMDDH,0,0.0,regressor_model_3.pkl
MAN1PT2,0,0.0,regressor_model_3.pkl
HCO3E,0,0.0,regressor_model_3.pkl
DHAD1_copy1,0,0.0,regressor_model_3.pkl
APPAT,0,0.0,regressor_model_3.pkl
ADPT,0,0.0,regressor_model_3.pkl
PRASCSi_copy2,0,0.0,regressor_model_3.pkl
CBPS,0,0.0,regressor_model_3.pkl
FRDO7r,0,0.0,regressor_model_3.pkl
TRSARr,0,0.0,regressor_model_3.pkl
G5SD_copy1,0,0.0,regressor_model_3.pkl
GLNS_copy2,0,0.0,regressor_model_3.pkl
FRDO6r,0,0.0,regressor_model_3.pkl
MDH,0,0.0,regressor_model_3.pkl
PPM,0,0.0,regressor_model_3.pkl
PTRCTA2,1,0.08229126981487662,regressor_model_3.pkl
DMALRED,0,0.0,regressor_model_3.pkl
G3PD2,0,0.0,regressor_model_3.pkl
DLYSPYRAT,1,0.0,regressor_model_3.pkl
DHSKDH,0,0.0,regressor_model_3.pkl
VALDHr,1,0.0,regressor_model_3.pkl
MEPCT,0,0.0,regressor_model_3.pkl
LSERDHr,0,0.0,regressor_model_3.pkl
G6PDH2r,0,0.0,regressor_model_3.pkl
DHQTi_copy1,0,0.0,regressor_model_3.pkl
DHQTi_copy2,0,0.0,regressor_model_3.pkl
HPYRRx,0,0.0,regressor_model_3.pkl
GLUDy,0,0.0,regressor_model_3.pkl
LTDCL,1,0.0,regressor_model_3.pkl
H2CO3D2,1,-0.01585694690731461,regressor_model_3.pkl
GAPD,0,0.0,regressor_model_3.pkl
SSALy,0,0.0,regressor_model_3.pkl
GLYCTO1,0,0.0,regressor_model_3.pkl
ACS,0,0.0,regressor_model_3.pkl
PDHa,1,0.0,regressor_model_3.pkl
HEPCT,0,0.0,regressor_model_3.pkl
SERAT_copy1,0,0.0,regressor_model_3.pkl
VALTA,0,0.0,regressor_model_3.pkl
SUCOAS,0,0.0,regressor_model_3.pkl
FRDO4r,0,0.0,regressor_model_3.pkl
GLNS_copy1,0,0.0,regressor_model_3.pkl
ILEDHr_1,0,0.0,regressor_model_3.pkl
ENO,0,0.0,regressor_model_3.pkl
RBK,0,0.0,regressor_model_3.pkl
ALATRS,0,0.0,regressor_model_3.pkl
PTPATi,0,0.0,regressor_model_3.pkl
FDH,0,0.0,regressor_model_3.pkl
NDPK3,0,0.0,regressor_model_3.pkl
DHAD1_copy2,0,0.0,regressor_model_3.pkl
PHETA1,0,0.0,regressor_model_3.pkl
FALDM,0,0.0,regressor_model_3.pkl
PPND,0,0.0,regressor_model_3.pkl
PPK,0,0.0,regressor_model_3.pkl
PPA,0,0.0,regressor_model_3.pkl
PRASCSi_copy1,0,0.0,regressor_model_3.pkl
AROH,0,0.0,regressor_model_3.pkl
GLUSy,1,0.0,regressor_model_3.pkl
GLYALDDr,0,0.0,regressor_model_3.pkl
LLEUDr,0,0.0,regressor_model_3.pkl
AGMDA,0,0.0,regressor_model_3.pkl
GLYCK,0,0.0,regressor_model_3.pkl
FE3DCITR,0,0.0,regressor_model_3.pkl
TRPS1_copy1,0,0.0,regressor_model_3.pkl
AKGDH,1,0.09451435831081742,regressor_model_3.pkl
IDPh_1,0,0.0,regressor_model_3.pkl
DLYSOXGAT,0,0.0,regressor_model_3.pkl
NDP8,0,0.0,regressor_model_3.pkl
TALA,1,0.026395851370657277,regressor_model_3.pkl
URO_c,0,0.0,regressor_model_3.pkl
PGI,0,0.0,regressor_model_3.pkl
ICL,1,0.05559071318860276,regressor_model_3.pkl
PSCVT_copy1,0,0.0,regressor_model_3.pkl
PGK,0,0.0,regressor_model_3.pkl
HDH,1,0.0,regressor_model_3.pkl
ALDD1,0,0.0,regressor_model_3.pkl
FE3DCITCH,1,0.0,regressor_model_3.pkl
AGPOP,0,0.0,regressor_model_3.pkl
PRAIi_copy2,1,0.0,regressor_model_3.pkl
CBMKr,0,0.0,regressor_model_3.pkl
1PPDCRc,0,0.0,regressor_model_3.pkl
GAPDi_nadp,0,0.0,regressor_model_3.pkl
FE3PYOVDL,0,0.0,regressor_model_3.pkl
PGM,0,0.0,regressor_model_3.pkl
PMANM,0,0.0,regressor_model_3.pkl
ILETA,0,0.0,regressor_model_3.pkl
LEUTA,0,0.0,regressor_model_3.pkl
R15BPK,0,0.0,regressor_model_3.pkl
LYSRC,0,0.0,regressor_model_3.pkl
OXOADLR,0,0.0,regressor_model_3.pkl
TRPS3,0,0.0,regressor_model_3.pkl
H2CO3D,0,0.0,regressor_model_3.pkl
SERAT_copy2,0,0.0,regressor_model_3.pkl
HSK,0,0.0,regressor_model_3.pkl
PPNDH,1,0.0,regressor_model_3.pkl
PSCVT_copy2,0,0.0,regressor_model_3.pkl
G5SD_copy2,0,0.0,regressor_model_3.pkl
ADK1,0,0.0,regressor_model_3.pkl
NTD4,0,0.0,regressor_model_3.pkl
PHETHPTOX3,1,0.0,regressor_model_3.pkl
ALATA_L,0,0.0,regressor_model_3.pkl
MEPCT_1,0,0.0,regressor_model_3.pkl
PDH,0,0.0,regressor_model_3.pkl
MALS,0,0.0,regressor_model_3.pkl
ANHMK,0,0.0,regressor_model_3.pkl
RECOAH7,0,0.0,regressor_model_3.pkl
GLUDxi,0,0.0,regressor_model_3.pkl
TRPS1_copy2,0,0.0,regressor_model_3.pkl
ALLTN,0,0.0,regressor_model_3.pkl
NDPK5,1,0.0,regressor_model_3.pkl
HISTD,0,0.0,regressor_model_3.pkl
ME2,0,0.0,regressor_model_3.pkl
GLXCL,0,0.0,regressor_model_3.pkl
PRPPS,0,0.0,regressor_model_3.pkl
URIH,0,0.0,regressor_model_3.pkl
PPCK,0,0.0,regressor_model_3.pkl
ALAR,0,0.0,regressor_model_3.pkl
HPYRI,0,0.0,regressor_model_3.pkl
PRAIi_copy1,0,0.0,regressor_model_3.pkl
CSPMDDH,0,0.0,regressor_model_3.pkl
MAN1PT2,1,0.0,regressor_model_3.pkl
HCO3E,0,0.0,regressor_model_3.pkl
DHAD1_copy1,0,0.0,regressor_model_3.pkl
APPAT,0,0.0,regressor_model_3.pkl
ADPT,0,0.0,regressor_model_3.pkl
PRASCSi_copy2,0,0.0,regressor_model_3.pkl
CBPS,0,0.0,regressor_model_3.pkl
FRDO7r,0,0.0,regressor_model_3.pkl
TRSARr,0,0.0,regressor_model_3.pkl
G5SD_copy1,0,0.0,regressor_model_3.pkl
GLNS_copy2,0,0.0,regressor_model_3.pkl
FRDO6r,0,0.0,regressor_model_3.pkl
MDH,0,0.0,regressor_model_3.pkl
PPM,0,0.0,regressor_model_3.pkl
PTRCTA2,1,0.023166044654685324,regressor_model_3.pkl
DMALRED,0,0.0,regressor_model_3.pkl
G3PD2,0,0.0,regressor_model_3.pkl
DLYSPYRAT,1,0.0,regressor_model_3.pkl
DHSKDH,0,0.0,regressor_model_3.pkl
VALDHr,1,0.0,regressor_model_3.pkl
MEPCT,0,0.0,regressor_model_3.pkl
LSERDHr,0,0.0,regressor_model_3.pkl
G6PDH2r,0,0.0,regressor_model_3.pkl
DHQTi_copy1,0,0.0,regressor_model_3.pkl
DHQTi_copy2,0,0.0,regressor_model_3.pkl
HPYRRx,0,0.0,regressor_model_3.pkl
GLUDy,0,0.0,regressor_model_3.pkl
LTDCL,1,0.0,regressor_model_3.pkl
H2CO3D2,0,0.0,regressor_model_3.pkl
GAPD,0,0.0,regressor_model_3.pkl
SSALy,0,0.02415377714552286,regressor_model_3.pkl
GLYCTO1,0,0.0,regressor_model_3.pkl
ACS,0,0.0,regressor_model_3.pkl
PDHa,0,0.0,regressor_model_3.pkl
HEPCT,0,0.0,regressor_model_3.pkl
SERAT_copy1,0,0.0,regressor_model_3.pkl
VALTA,0,0.0,regressor_model_3.pkl
SUCOAS,0,0.0,regressor_model_3.pkl
FRDO4r,0,0.0,regressor_model_3.pkl
GLNS_copy1,1,0.0,regressor_model_3.pkl
ILEDHr_1,0,0.0,regressor_model_3.pkl
ENO,0,0.0,regressor_model_3.pkl
RBK,0,0.0,regressor_model_3.pkl
ALATRS,0,0.0,regressor_model_3.pkl
PTPATi,0,0.0,regressor_model_3.pkl
FDH,0,0.0,regressor_model_3.pkl
NDPK3,0,0.0,regressor_model_3.pkl
DHAD1_copy2,0,0.0,regressor_model_3.pkl
PHETA1,0,0.0,regressor_model_3.pkl
FALDM,0,0.0,regressor_model_3.pkl
PPND,0,0.0,regressor_model_3.pkl
PPK,0,0.0,regressor_model_3.pkl
PPA,0,0.0,regressor_model_3.pkl
PRASCSi_copy1,0,0.0,regressor_model_3.pkl
AROH,0,0.0,regressor_model_3.pkl
GLUSy,0,0.0,regressor_model_3.pkl
GLYALDDr,0,0.0,regressor_model_3.pkl
LLEUDr,0,0.0,regressor_model_3.pkl
AGMDA,0,0.0,regressor_model_3.pkl
GLYCK,0,0.0,regressor_model_3.pkl
FE3DCITR,0,0.0,regressor_model_3.pkl
TRPS1_copy1,0,0.0,regressor_model_3.pkl
AKGDH,1,0.11715590174005483,regressor_model_3.pkl
IDPh_1,0,0.0,regressor_model_3.pkl
DLYSOXGAT,0,0.0,regressor_model_3.pkl
NDP8,0,0.0,regressor_model_3.pkl
TALA,1,0.031511742069510955,regressor_model_3.pkl
URO_c,0,0.0,regressor_model_3.pkl
PGI,0,0.0,regressor_model_3.pkl
ICL,1,0.06987973298127423,regressor_model_3.pkl
PSCVT_copy1,0,0.0,regressor_model_3.pkl
PGK,0,0.0,regressor_model_3.pkl
HDH,1,0.0,regressor_model_3.pkl
ALDD1,0,0.0,regressor_model_3.pkl
FE3DCITCH,1,0.0,regressor_model_3.pkl
AGPOP,0,0.0,regressor_model_3.pkl
PRAIi_copy2,0,0.0,regressor_model_3.pkl
CBMKr,0,0.0,regressor_model_3.pkl
1PPDCRc,0,0.0,regressor_model_3.pkl
GAPDi_nadp,0,0.0,regressor_model_3.pkl
FE3PYOVDL,0,0.0,regressor_model_3.pkl
PGM,0,0.0,regressor_model_3.pkl
PMANM,0,0.0,regressor_model_3.pkl
ILETA,0,0.0,regressor_model_3.pkl
LEUTA,0,0.0,regressor_model_3.pkl
R15BPK,0,0.0,regressor_model_3.pkl
LYSRC,0,0.0,regressor_model_3.pkl
OXOADLR,0,0.0,regressor_model_3.pkl
TRPS3,0,0.0,regressor_model_3.pkl
H2CO3D,0,0.0,regressor_model_3.pkl
SERAT_copy2,0,0.0,regressor_model_3.pkl
HSK,0,0.0,regressor_model_3.pkl
PPNDH,1,0.0,regressor_model_3.pkl
PSCVT_copy2,0,0.0,regressor_model_3.pkl
G5SD_copy2,0,0.0,regressor_model_3.pkl
ADK1,0,0.0,regressor_model_3.pkl
NTD4,0,0.0,regressor_model_3.pkl
PHETHPTOX3,0,0.0,regressor_model_3.pkl
ALATA_L,0,0.0,regressor_model_3.pkl
MEPCT_1,0,0.0,regressor_model_3.pkl
PDH,0,0.0,regressor_model_3.pkl
MALS,0,0.0,regressor_model_3.pkl
ANHMK,0,0.0,regressor_model_3.pkl
RECOAH7,0,0.0,regressor_model_3.pkl
GLUDxi,0,0.0,regressor_model_3.pkl
TRPS1_copy2,0,0.0,regressor_model_3.pkl
ALLTN,0,0.0,regressor_model_3.pkl
NDPK5,1,0.0,regressor_model_3.pkl
HISTD,0,0.0,regressor_model_3.pkl
ME2,0,0.0,regressor_model_3.pkl
GLXCL,0,0.0,regressor_model_3.pkl
PRPPS,0,0.0,regressor_model_3.pkl
URIH,0,0.0,regressor_model_3.pkl
PPCK,0,0.0,regressor_model_3.pkl
ALAR,0,0.0,regressor_model_3.pkl
HPYRI,0,0.0,regressor_model_3.pkl
PRAIi_copy1,1,0.0023761458306094108,regressor_model_3.pkl
CSPMDDH,0,0.0,regressor_model_3.pkl
MAN1PT2,1,0.0,regressor_model_3.pkl
HCO3E,0,0.0,regressor_model_3.pkl
DHAD1_copy1,0,0.0,regressor_model_3.pkl
APPAT,0,0.0,regressor_model_3.pkl
ADPT,0,0.0,regressor_model_3.pkl
PRASCSi_copy2,0,0.0,regressor_model_3.pkl
CBPS,0,0.0,regressor_model_3.pkl
FRDO7r,0,0.0,regressor_model_3.pkl
TRSARr,0,0.0,regressor_model_3.pkl
G5SD_copy1,0,0.0,regressor_model_3.pkl
GLNS_copy2,0,0.0,regressor_model_3.pkl
FRDO6r,0,0.0,regressor_model_3.pkl
MDH,0,0.0,regressor_model_3.pkl
PPM,0,0.0,regressor_model_3.pkl
PTRCTA2,1,0.02844860428079588,regressor_model_3.pkl
DMALRED,0,0.0,regressor_model_3.pkl
G3PD2,0,0.0,regressor_model_3.pkl
DLYSPYRAT,0,0.0018867176050516093,regressor_model_3.pkl
DHSKDH,0,0.0,regressor_model_3.pkl
VALDHr,1,0.0024410202660506263,regressor_model_3.pkl
MEPCT,0,0.0,regressor_model_3.pkl
LSERDHr,0,0.0,regressor_model_3.pkl
G6PDH2r,0,0.0,regressor_model_3.pkl
DHQTi_copy1,0,0.0,regressor_model_3.pkl
DHQTi_copy2,0,0.0,regressor_model_3.pkl
HPYRRx,0,0.0,regressor_model_3.pkl
GLUDy,0,0.0,regressor_model_3.pkl
LTDCL,0,0.0,regressor_model_3.pkl
H2CO3D2,0,0.0,regressor_model_3.pkl
GAPD,0,0.0,regressor_model_3.pkl
SSALy,0,0.027306760256331684,regressor_model_3.pkl
GLYCTO1,0,0.0,regressor_model_3.pkl
ACS,0,0.0,regressor_model_3.pkl
PDHa,1,0.0020229216753185992,regressor_model_3.pkl
HEPCT,0,0.0,regressor_model_3.pkl
SERAT_copy1,0,0.0,regressor_model_3.pkl
VALTA,0,0.0,regressor_model_3.pkl
SUCOAS,0,0.0021041024243892946,regressor_model_3.pkl
FRDO4r,0,0.0,regressor_model_3.pkl
GLNS_copy1,1,0.0019092570986711775,regressor_model_3.pkl
ILEDHr_1,0,0.0,regressor_model_3.pkl
ENO,0,0.0,regressor_model_3.pkl
RBK,0,0.0,regressor_model_3.pkl
ALATRS,0,0.0,regressor_model_3.pkl
PTPATi,0,0.0,regressor_model_3.pkl
FDH,0,0.0,regressor_model_3.pkl
NDPK3,0,0.0,regressor_model_3.pkl
DHAD1_copy2,0,0.0,regressor_model_3.pkl
PHETA1,0,0.0,regressor_model_3.pkl
FALDM,0,0.0,regressor_model_3.pkl
PPND,0,0.0,regressor_model_3.pkl
PPK,0,0.0,regressor_model_3.pkl
PPA,0,0.0,regressor_model_3.pkl
PRASCSi_copy1,0,0.0,regressor_model_3.pkl
AROH,0,0.0,regressor_model_3.pkl
GLUSy,0,0.0,regressor_model_3.pkl
GLYALDDr,0,0.0,regressor_model_3.pkl
LLEUDr,0,0.0,regressor_model_3.pkl
AGMDA,0,0.0,regressor_model_3.pkl
GLYCK,1,0.0025508395907832353,regressor_model_3.pkl
FE3DCITR,0,0.0,regressor_model_3.pkl
TRPS1_copy1,0,0.0,regressor_model_3.pkl
AKGDH,1,0.12275092442497397,regressor_model_3.pkl
IDPh_1,0,0.0,regressor_model_3.pkl
DLYSOXGAT,0,0.0,regressor_model_3.pkl
NDP8,0,0.0,regressor_model_3.pkl
TALA,1,0.03838268553192682,regressor_model_3.pkl
URO_c,0,0.0,regressor_model_3.pkl
PGI,0,0.0,regressor_model_3.pkl
ICL,1,0.07017621055449003,regressor_model_3.pkl
PSCVT_copy1,0,0.0,regressor_model_3.pkl
PGK,0,0.0016230635736859977,regressor_model_3.pkl
HDH,0,0.0,regressor_model_3.pkl
ALDD1,0,0.0,regressor_model_3.pkl
FE3DCITCH,1,0.0,regressor_model_3.pkl
AGPOP,0,0.0,regressor_model_3.pkl
PRAIi_copy2,1,0.0,regressor_model_3.pkl
CBMKr,0,0.0,regressor_model_3.pkl
1PPDCRc,0,0.0,regressor_model_3.pkl
GAPDi_nadp,0,0.0,regressor_model_3.pkl
FE3PYOVDL,0,0.0,regressor_model_3.pkl
PGM,0,0.0,regressor_model_3.pkl
PMANM,0,0.0,regressor_model_3.pkl
ILETA,0,0.0,regressor_model_3.pkl
LEUTA,0,0.0,regressor_model_3.pkl
R15BPK,0,0.0,regressor_model_3.pkl
LYSRC,0,0.0,regressor_model_3.pkl
OXOADLR,1,0.0,regressor_model_3.pkl
TRPS3,0,0.0,regressor_model_3.pkl
H2CO3D,0,0.0,regressor_model_3.pkl
SERAT_copy2,0,0.0,regressor_model_3.pkl
HSK,0,0.0,regressor_model_3.pkl
PPNDH,0,0.0,regressor_model_3.pkl
PSCVT_copy2,0,0.0015995044593134485,regressor_model_3.pkl
G5SD_copy2,0,0.0,regressor_model_3.pkl
ADK1,0,0.0,regressor_model_3.pkl
NTD4,0,0.0,regressor_model_3.pkl
PHETHPTOX3,1,0.0,regressor_model_3.pkl
ALATA_L,0,0.0,regressor_model_3.pkl
MEPCT_1,0,0.0,regressor_model_3.pkl
PDH,0,0.0,regressor_model_3.pkl
MALS,0,0.0,regressor_model_3.pkl
ANHMK,0,0.0,regressor_model_3.pkl
RECOAH7,0,0.0,regressor_model_3.pkl
GLUDxi,0,0.0,regressor_model_3.pkl
TRPS1_copy2,0,0.0,regressor_model_3.pkl
ALLTN,0,0.0,regressor_model_3.pkl
NDPK5,0,0.0,regressor_model_3.pkl
HISTD,0,0.0020111506264523515,regressor_model_3.pkl
ME2,0,0.0,regressor_model_3.pkl
GLXCL,0,0.0,regressor_model_3.pkl
PRPPS,0,0.0,regressor_model_3.pkl
URIH,0,0.0,regressor_model_3.pkl
PPCK,0,0.0,regressor_model_3.pkl
ALAR,0,0.0,regressor_model_3.pkl
HPYRI,0,0.0,regressor_model_3.pkl
PRAIi_copy1,0,0.0,regressor_model_3.pkl
CSPMDDH,0,0.0,regressor_model_3.pkl
MAN1PT2,0,0.0,regressor_model_3.pkl
HCO3E,0,0.0,regressor_model_3.pkl
DHAD1_copy1,0,0.0,regressor_model_3.pkl
APPAT,0,0.0,regressor_model_3.pkl
ADPT,0,0.0,regressor_model_3.pkl
PRASCSi_copy2,0,0.0,regressor_model_3.pkl
CBPS,0,0.0,regressor_model_3.pkl
FRDO7r,0,0.0,regressor_model_3.pkl
TRSARr,0,0.0,regressor_model_3.pkl
G5SD_copy1,0,0.0,regressor_model_3.pkl
GLNS_copy2,0,0.0,regressor_model_3.pkl
FRDO6r,0,0.0,regressor_model_3.pkl
MDH,0,0.0,regressor_model_3.pkl
PPM,0,0.0,regressor_model_3.pkl
PTRCTA2,1,0.08963880504576059,regressor_model_3.pkl
DMALRED,0,0.0,regressor_model_3.pkl
G3PD2,0,0.0,regressor_model_3.pkl
DLYSPYRAT,1,0.0,regressor_model_3.pkl
DHSKDH,0,0.0,regressor_model_3.pkl
VALDHr,1,0.0,regressor_model_3.pkl
MEPCT,0,0.0,regressor_model_3.pkl
LSERDHr,0,0.0,regressor_model_3.pkl
G6PDH2r,0,0.0,regressor_model_3.pkl
DHQTi_copy1,0,0.0,regressor_model_3.pkl
DHQTi_copy2,0,0.0,regressor_model_3.pkl
HPYRRx,0,0.0,regressor_model_3.pkl
GLUDy,0,0.0,regressor_model_3.pkl
LTDCL,1,0.0,regressor_model_3.pkl
H2CO3D2,0,0.0,regressor_model_3.pkl
GAPD,0,0.0,regressor_model_3.pkl
SSALy,1,0.0,regressor_model_3.pkl
GLYCTO1,0,0.0,regressor_model_3.pkl
ACS,0,0.0,regressor_model_3.pkl
PDHa,1,0.0,regressor_model_3.pkl
HEPCT,0,0.0,regressor_model_3.pkl
SERAT_copy1,0,0.0,regressor_model_3.pkl
VALTA,0,0.0,regressor_model_3.pkl
SUCOAS,0,0.001381104543529554,regressor_model_3.pkl
FRDO4r,0,0.0,regressor_model_3.pkl
GLNS_copy1,1,0.0,regressor_model_3.pkl
ILEDHr_1,0,0.0,regressor_model_3.pkl
ENO,0,0.0,regressor_model_3.pkl
RBK,0,0.0,regressor_model_3.pkl
ALATRS,0,0.0,regressor_model_3.pkl
PTPATi,0,0.0,regressor_model_3.pkl
FDH,0,0.0,regressor_model_3.pkl
NDPK3,0,0.0,regressor_model_3.pkl
DHAD1_copy2,0,0.0,regressor_model_3.pkl
PHETA1,0,0.0,regressor_model_3.pkl
FALDM,0,0.0,regressor_model_3.pkl
PPND,0,0.0,regressor_model_3.pkl
PPK,0,0.0,regressor_model_3.pkl
PPA,0,0.0,regressor_model_3.pkl
PRASCSi_copy1,0,0.0,regressor_model_3.pkl
AROH,0,0.0,regressor_model_3.pkl
GLUSy,1,0.0,regressor_model_3.pkl
GLYALDDr,0,0.0,regressor_model_3.pkl
LLEUDr,0,0.0,regressor_model_3.pkl
AGMDA,0,0.0,regressor_model_3.pkl
GLYCK,0,0.0,regressor_model_3.pkl
FE3DCITR,0,0.0,regressor_model_3.pkl
TRPS1_copy1,0,0.0,regressor_model_3.pkl
AKGDH,1,0.1001069208708456,regressor_model_3.pkl
IDPh_1,0,0.0,regressor_model_3.pkl
DLYSOXGAT,0,0.0,regressor_model_3.pkl
NDP8,0,0.0,regressor_model_3.pkl
TALA,1,0.03293774566804716,regressor_model_3.pkl
URO_c,0,0.0,regressor_model_3.pkl
PGI,0,0.0,regressor_model_3.pkl
ICL,1,0.06031487901969261,regressor_model_3.pkl
PSCVT_copy1,0,0.0,regressor_model_3.pkl
PGK,0,0.0,regressor_model_3.pkl
HDH,1,0.0,regressor_model_3.pkl
ALDD1,0,0.0,regressor_model_3.pkl
FE3DCITCH,1,0.0,regressor_model_3.pkl
AGPOP,0,0.0,regressor_model_3.pkl
PRAIi_copy2,1,0.0,regressor_model_3.pkl
CBMKr,0,0.0,regressor_model_3.pkl
1PPDCRc,0,0.0,regressor_model_3.pkl
GAPDi_nadp,0,0.0,regressor_model_3.pkl
FE3PYOVDL,0,0.0,regressor_model_3.pkl
PGM,0,0.0,regressor_model_3.pkl
PMANM,0,0.0,regressor_model_3.pkl
ILETA,0,0.0,regressor_model_3.pkl
LEUTA,0,0.0,regressor_model_3.pkl
R15BPK,0,0.0,regressor_model_3.pkl
LYSRC,0,0.0,regressor_model_3.pkl
OXOADLR,1,0.0,regressor_model_3.pkl
TRPS3,0,0.0,regressor_model_3.pkl
H2CO3D,0,0.0,regressor_model_3.pkl
SERAT_copy2,0,0.0,regressor_model_3.pkl
HSK,0,0.0,regressor_model_3.pkl
PPNDH,0,0.0,regressor_model_3.pkl
PSCVT_copy2,1,0.002435009431609024,regressor_model_3.pkl
G5SD_copy2,0,0.0,regressor_model_3.pkl
ADK1,0,0.0,regressor_model_3.pkl
NTD4,0,0.0,regressor_model_3.pkl
PHETHPTOX3,0,0.0,regressor_model_3.pkl
ALATA_L,0,0.0,regressor_model_3.pkl
MEPCT_1,0,0.0,regressor_model_3.pkl
PDH,0,0.0,regressor_model_3.pkl
MALS,0,0.0,regressor_model_3.pkl
ANHMK,0,0.0,regressor_model_3.pkl
RECOAH7,0,0.0,regressor_model_3.pkl
GLUDxi,0,0.0,regressor_model_3.pkl
TRPS1_copy2,0,0.0,regressor_model_3.pkl
ALLTN,0,0.0,regressor_model_3.pkl
NDPK5,0,0.0,regressor_model_3.pkl
HISTD,0,0.0,regressor_model_3.pkl
ME2,0,0.0,regressor_model_3.pkl
GLXCL,0,0.0,regressor_model_3.pkl
PRPPS,0,0.0,regressor_model_3.pkl
URIH,0,0.0,regressor_model_3.pkl
PPCK,0,0.0,regressor_model_3.pkl
ALAR,0,0.0,regressor_model_3.pkl
HPYRI,0,0.0,regressor_model_3.pkl
PRAIi_copy1,0,0.0,regressor_model_3.pkl
CSPMDDH,0,0.0,regressor_model_3.pkl
MAN1PT2,1,0.0,regressor_model_3.pkl
HCO3E,0,0.003027084812532943,regressor_model_3.pkl
DHAD1_copy1,0,0.0,regressor_model_3.pkl
APPAT,0,0.0,regressor_model_3.pkl
ADPT,0,0.0,regressor_model_3.pkl
PRASCSi_copy2,0,0.0,regressor_model_3.pkl
CBPS,0,0.0,regressor_model_3.pkl
FRDO7r,0,0.0,regressor_model_3.pkl
TRSARr,0,0.0,regressor_model_3.pkl
G5SD_copy1,0,0.0,regressor_model_3.pkl
GLNS_copy2,0,0.0,regressor_model_3.pkl
FRDO6r,0,0.0,regressor_model_3.pkl
MDH,0,0.0,regressor_model_3.pkl
PPM,0,0.0,regressor_model_3.pkl
PTRCTA2,1,0.026361440702971403,regressor_model_3.pkl
DMALRED,0,0.0,regressor_model_3.pkl
G3PD2,0,0.0,regressor_model_3.pkl
DLYSPYRAT,0,0.0,regressor_model_3.pkl
DHSKDH,0,0.0,regressor_model_3.pkl
VALDHr,1,0.0,regressor_model_3.pkl
MEPCT,0,0.0,regressor_model_3.pkl
LSERDHr,0,0.0,regressor_model_3.pkl
G6PDH2r,0,0.0,regressor_model_3.pkl
DHQTi_copy1,0,0.0,regressor_model_3.pkl
DHQTi_copy2,0,0.0,regressor_model_3.pkl
HPYRRx,0,0.0,regressor_model_3.pkl
GLUDy,0,0.0,regressor_model_3.pkl
LTDCL,1,0.0,regressor_model_3.pkl
H2CO3D2,0,0.0,regressor_model_3.pkl
GAPD,0,0.0,regressor_model_3.pkl
SSALy,1,0.023086033798015285,regressor_model_3.pkl
GLYCTO1,0,0.0,regressor_model_3.pkl
ACS,0,0.0,regressor_model_3.pkl
PDHa,0,0.0,regressor_model_3.pkl
HEPCT,0,0.0,regressor_model_3.pkl
SERAT_copy1,0,0.0,regressor_model_3.pkl
VALTA,0,0.0,regressor_model_3.pkl
SUCOAS,0,0.0013770141864822415,regressor_model_3.pkl
FRDO4r,0,0.0,regressor_model_3.pkl
GLNS_copy1,1,0.0,regressor_model_3.pkl
ILEDHr_1,0,0.0,regressor_model_3.pkl
ENO,0,0.0,regressor_model_3.pkl
RBK,0,0.0,regressor_model_3.pkl
ALATRS,0,0.0,regressor_model_3.pkl
PTPATi,0,0.0,regressor_model_3.pkl
FDH,0,0.0,regressor_model_3.pkl
NDPK3,0,0.0,regressor_model_3.pkl
DHAD1_copy2,0,0.0,regressor_model_3.pkl
PHETA1,0,0.0,regressor_model_3.pkl
FALDM,0,0.0,regressor_model_3.pkl
PPND,0,0.0,regressor_model_3.pkl
PPK,0,0.0,regressor_model_3.pkl
PPA,0,0.0,regressor_model_3.pkl
PRASCSi_copy1,0,0.0,regressor_model_3.pkl
AROH,0,0.0,regressor_model_3.pkl
GLUSy,0,0.0,regressor_model_3.pkl
GLYALDDr,0,0.0,regressor_model_3.pkl
LLEUDr,0,0.0,regressor_model_3.pkl
AGMDA,0,0.0,regressor_model_3.pkl
GLYCK,0,0.0,regressor_model_3.pkl
FE3DCITR,0,0.0,regressor_model_3.pkl
TRPS1_copy1,0,0.0,regressor_model_3.pkl
AKGDH,1,0.11209399044140779,regressor_model_3.pkl
IDPh_1,0,0.0,regressor_model_3.pkl
DLYSOXGAT,0,0.0,regressor_model_3.pkl
NDP8,0,0.0,regressor_model_3.pkl
TALA,1,0.03274907942176369,regressor_model_3.pkl
URO_c,0,0.0,regressor_model_3.pkl
PGI,0,0.0,regressor_model_3.pkl
ICL,1,0.06396615488151498,regressor_model_3.pkl
PSCVT_copy1,0,0.0,regressor_model_3.pkl
PGK,0,0.0,regressor_model_3.pkl
HDH,0,0.0,regressor_model_3.pkl
ALDD1,0,0.0,regressor_model_3.pkl
FE3DCITCH,1,0.0,regressor_model_3.pkl
AGPOP,0,0.0,regressor_model_3.pkl
PRAIi_copy2,1,0.0,regressor_model_3.pkl
CBMKr,0,0.0,regressor_model_3.pkl
1PPDCRc,0,0.0,regressor_model_3.pkl
GAPDi_nadp,0,0.0,regressor_model_3.pkl
FE3PYOVDL,0,0.0,regressor_model_3.pkl
PGM,0,0.0,regressor_model_3.pkl
PMANM,0,0.0,regressor_model_3.pkl
ILETA,0,0.0029425344851991835,regressor_model_3.pkl
LEUTA,1,0.0,regressor_model_3.pkl
R15BPK,0,0.0,regressor_model_3.pkl
LYSRC,0,0.0,regressor_model_3.pkl
OXOADLR,1,0.0,regressor_model_3.pkl
TRPS3,0,0.0,regressor_model_3.pkl
H2CO3D,0,0.0,regressor_model_3.pkl
SERAT_copy2,1,0.003079263088180797,regressor_model_3.pkl
HSK,0,0.0,regressor_model_3.pkl
PPNDH,1,0.0,regressor_model_3.pkl
PSCVT_copy2,0,0.0,regressor_model_3.pkl
G5SD_copy2,0,0.0,regressor_model_3.pkl
ADK1,0,0.0,regressor_model_3.pkl
NTD4,0,0.0,regressor_model_3.pkl
PHETHPTOX3,0,0.0,regressor_model_3.pkl
ALATA_L,0,0.0,regressor_model_3.pkl
MEPCT_1,0,0.0,regressor_model_3.pkl
PDH,0,0.0,regressor_model_3.pkl
MALS,0,0.0,regressor_model_3.pkl
ANHMK,0,0.0,regressor_model_3.pkl
RECOAH7,0,0.0,regressor_model_3.pkl
GLUDxi,0,0.0,regressor_model_3.pkl
TRPS1_copy2,0,0.0,regressor_model_3.pkl
ALLTN,0,0.0,regressor_model_3.pkl
NDPK5,1,0.0,regressor_model_3.pkl
HISTD,0,0.0,regressor_model_3.pkl
ME2,0,0.0,regressor_model_3.pkl
GLXCL,0,0.0,regressor_model_3.pkl
PRPPS,0,0.0,regressor_model_3.pkl
URIH,0,0.0,regressor_model_3.pkl
PPCK,0,0.0,regressor_model_3.pkl
ALAR,0,0.0,regressor_model_3.pkl
HPYRI,1,0.0,regressor_model_3.pkl
PRAIi_copy1,0,0.0,regressor_model_3.pkl
CSPMDDH,0,0.0,regressor_model_3.pkl
MAN1PT2,0,0.0,regressor_model_3.pkl
HCO3E,0,0.0,regressor_model_3.pkl
DHAD1_copy1,0,0.0,regressor_model_3.pkl
APPAT,0,0.0,regressor_model_3.pkl
ADPT,0,0.0,regressor_model_3.pkl
PRASCSi_copy2,0,0.0,regressor_model_3.pkl
CBPS,0,0.0,regressor_model_3.pkl
FRDO7r,1,0.0036370279010713435,regressor_model_3.pkl
TRSARr,0,0.0,regressor_model_3.pkl
G5SD_copy1,0,0.0,regressor_model_3.pkl
GLNS_copy2,0,0.0,regressor_model_3.pkl
FRDO6r,0,0.0,regressor_model_3.pkl
MDH,0,0.0,regressor_model_3.pkl
PPM,0,0.0,regressor_model_3.pkl
PTRCTA2,1,0.02683115595990547,regressor_model_3.pkl
DMALRED,0,0.0,regressor_model_3.pkl
G3PD2,0,0.0,regressor_model_3.pkl
DLYSPYRAT,0,0.0,regressor_model_3.pkl
DHSKDH,0,0.0,regressor_model_3.pkl
VALDHr,1,0.0006653383823514911,regressor_model_3.pkl
MEPCT,0,0.0,regressor_model_3.pkl
LSERDHr,0,0.0,regressor_model_3.pkl
G6PDH2r,0,0.0,regressor_model_3.pkl
DHQTi_copy1,0,0.0,regressor_model_3.pkl
DHQTi_copy2,0,0.0,regressor_model_3.pkl
HPYRRx,0,0.0,regressor_model_3.pkl
GLUDy,0,0.0,regressor_model_3.pkl
LTDCL,0,0.0019055222067472382,regressor_model_3.pkl
H2CO3D2,0,0.0,regressor_model_3.pkl
GAPD,0,0.0,regressor_model_3.pkl
SSALy,1,0.02062303307101072,regressor_model_3.pkl
GLYCTO1,0,0.0,regressor_model_3.pkl
ACS,0,0.0,regressor_model_3.pkl
PDHa,1,0.0,regressor_model_3.pkl
HEPCT,0,0.0,regressor_model_3.pkl
SERAT_copy1,0,0.0,regressor_model_3.pkl
VALTA,0,0.0,regressor_model_3.pkl
SUCOAS,0,0.00157024437836518,regressor_model_3.pkl
FRDO4r,0,0.0,regressor_model_3.pkl
GLNS_copy1,1,0.0,regressor_model_3.pkl
ILEDHr_1,0,0.0,regressor_model_3.pkl
ENO,0,0.0,regressor_model_3.pkl
RBK,0,0.0,regressor_model_3.pkl
ALATRS,0,0.0,regressor_model_3.pkl
PTPATi,0,0.0,regressor_model_3.pkl
FDH,0,0.0,regressor_model_3.pkl
NDPK3,0,0.0,regressor_model_3.pkl
DHAD1_copy2,0,0.0,regressor_model_3.pkl
PHETA1,0,0.0,regressor_model_3.pkl
FALDM,0,0.0,regressor_model_3.pkl
PPND,0,0.0,regressor_model_3.pkl
PPK,0,0.0,regressor_model_3.pkl
PPA,0,0.0,regressor_model_3.pkl
PRASCSi_copy1,0,0.0,regressor_model_3.pkl
AROH,0,0.0,regressor_model_3.pkl
GLUSy,0,0.0,regressor_model_3.pkl
GLYALDDr,0,0.0,regressor_model_3.pkl
LLEUDr,1,0.0,regressor_model_3.pkl
AGMDA,1,0.0,regressor_model_3.pkl
GLYCK,0,0.0,regressor_model_3.pkl
FE3DCITR,0,0.0,regressor_model_3.pkl
TRPS1_copy1,0,0.0,regressor_model_3.pkl
AKGDH,1,0.10696938283134744,regressor_model_3.pkl
IDPh_1,0,0.0,regressor_model_3.pkl
DLYSOXGAT,0,0.0,regressor_model_3.pkl
NDP8,0,0.0,regressor_model_3.pkl
TALA,1,0.04010845525266524,regressor_model_3.pkl
URO_c,0,0.0,regressor_model_3.pkl
PGI,0,0.0,regressor_model_3.pkl
ICL,1,0.06116893830657188,regressor_model_3.pkl
PSCVT_copy1,0,0.0,regressor_model_3.pkl
PGK,0,0.0,regressor_model_3.pkl
HDH,0,0.0016890465803225797,regressor_model_3.pkl
ALDD1,0,0.0,regressor_model_3.pkl
FE3DCITCH,1,0.0,regressor_model_3.pkl
AGPOP,0,0.0,regressor_model_3.pkl
PRAIi_copy2,0,0.00271432880097364,regressor_model_3.pkl
CBMKr,0,0.0,regressor_model_3.pkl
1PPDCRc,0,0.0,regressor_model_3.pkl
GAPDi_nadp,0,0.0,regressor_model_3.pkl
FE3PYOVDL,0,0.0,regressor_model_3.pkl
PGM,0,0.0,regressor_model_3.pkl
PMANM,0,0.0,regressor_model_3.pkl
ILETA,0,0.0,regressor_model_3.pkl
LEUTA,0,0.0,regressor_model_3.pkl
R15BPK,0,0.0,regressor_model_3.pkl
LYSRC,0,0.0,regressor_model_3.pkl
OXOADLR,1,0.0020022178387207826,regressor_model_3.pkl
TRPS3,0,0.0,regressor_model_3.pkl
H2CO3D,0,0.0013740349909302813,regressor_model_3.pkl
SERAT_copy2,1,0.0,regressor_model_3.pkl
HSK,1,0.0,regressor_model_3.pkl
PPNDH,0,0.0,regressor_model_3.pkl
PSCVT_copy2,0,0.0,regressor_model_3.pkl
G5SD_copy2,0,0.0,regressor_model_3.pkl
ADK1,0,0.0,regressor_model_3.pkl
NTD4,0,0.0,regressor_model_3.pkl
PHETHPTOX3,1,0.0,regressor_model_3.pkl
ALATA_L,0,0.0,regressor_model_3.pkl
MEPCT_1,0,0.0,regressor_model_3.pkl
PDH,0,0.0,regressor_model_3.pkl
MALS,0,0.0,regressor_model_3.pkl
ANHMK,0,0.0,regressor_model_3.pkl
RECOAH7,0,0.0,regressor_model_3.pkl
GLUDxi,0,0.0,regressor_model_3.pkl
TRPS1_copy2,0,0.0,regressor_model_3.pkl
ALLTN,0,0.0,regressor_model_3.pkl
NDPK5,0,0.0005004124079565096,regressor_model_3.pkl
HISTD,0,0.0,regressor_model_3.pkl
ME2,0,0.0,regressor_model_3.pkl
GLXCL,0,0.0004490641131578573,regressor_model_3.pkl
PRPPS,0,0.0,regressor_model_3.pkl
URIH,0,0.0,regressor_model_3.pkl
PPCK,0,0.0,regressor_model_3.pkl
ALAR,0,0.0,regressor_model_3.pkl
HPYRI,0,0.0006479103219431396,regressor_model_3.pkl
PRAIi_copy1,0,0.0,regressor_model_3.pkl
CSPMDDH,0,0.0,regressor_model_3.pkl
MAN1PT2,1,0.001073336280905668,regressor_model_3.pkl
HCO3E,0,0.0,regressor_model_3.pkl
DHAD1_copy1,0,0.0,regressor_model_3.pkl
APPAT,0,0.0,regressor_model_3.pkl
ADPT,0,0.0,regressor_model_3.pkl
PRASCSi_copy2,0,0.0,regressor_model_3.pkl
CBPS,0,0.0,regressor_model_3.pkl
FRDO7r,1,0.0,regressor_model_3.pkl
TRSARr,0,0.0,regressor_model_3.pkl
G5SD_copy1,0,0.0,regressor_model_3.pkl
GLNS_copy2,0,0.0,regressor_model_3.pkl
FRDO6r,0,0.0,regressor_model_3.pkl
MDH,0,0.0,regressor_model_3.pkl
PPM,0,0.0,regressor_model_3.pkl
PTRCTA2,1,0.0,regressor_model_3.pkl
DMALRED,0,0.0,regressor_model_3.pkl
G3PD2,0,0.0,regressor_model_3.pkl
DLYSPYRAT,0,0.0,regressor_model_3.pkl
DHSKDH,0,0.0,regressor_model_3.pkl
VALDHr,1,0.0,regressor_model_3.pkl
MEPCT,0,0.0,regressor_model_3.pkl
LSERDHr,0,0.0,regressor_model_3.pkl
G6PDH2r,0,0.0,regressor_model_3.pkl
DHQTi_copy1,0,0.0,regressor_model_3.pkl
DHQTi_copy2,0,0.0,regressor_model_3.pkl
HPYRRx,0,0.0,regressor_model_3.pkl
GLUDy,0,0.0,regressor_model_3.pkl
LTDCL,1,0.0,regressor_model_3.pkl
H2CO3D2,0,0.0,regressor_model_3.pkl
GAPD,0,0.0,regressor_model_3.pkl
SSALy,1,0.09313241219122119,regressor_model_3.pkl
GLYCTO1,0,0.0,regressor_model_3.pkl
ACS,0,0.0,regressor_model_3.pkl
PDHa,0,0.0,regressor_model_3.pkl
HEPCT,0,0.0,regressor_model_3.pkl
SERAT_copy1,0,0.0,regressor_model_3.pkl
VALTA,0,0.0,regressor_model_3.pkl
SUCOAS,0,0.0040960853787821135,regressor_model_3.pkl
FRDO4r,0,0.0,regressor_model_3.pkl
GLNS_copy1,1,0.0,regressor_model_3.pkl
ILEDHr_1,0,0.0,regressor_model_3.pkl
ENO,0,0.0,regressor_model_3.pkl
RBK,0,0.0,regressor_model_3.pkl
ALATRS,0,0.0,regressor_model_3.pkl
PTPATi,0,0.0,regressor_model_3.pkl
FDH,0,0.0,regressor_model_3.pkl
NDPK3,0,0.0,regressor_model_3.pkl
DHAD1_copy2,0,0.0,regressor_model_3.pkl
PHETA1,0,0.0,regressor_model_3.pkl
FALDM,0,0.0,regressor_model_3.pkl
PPND,0,0.0,regressor_model_3.pkl
PPK,0,0.0,regressor_model_3.pkl
PPA,0,0.0,regressor_model_3.pkl
PRASCSi_copy1,0,0.0,regressor_model_3.pkl
AROH,0,0.0,regressor_model_3.pkl
GLUSy,0,0.0,regressor_model_3.pkl
GLYALDDr,0,0.0,regressor_model_3.pkl
LLEUDr,0,0.0,regressor_model_3.pkl
AGMDA,0,0.0,regressor_model_3.pkl
GLYCK,1,0.0,regressor_model_3.pkl
FE3DCITR,0,0.0038345531421697374,regressor_model_3.pkl
TRPS1_copy1,0,0.0,regressor_model_3.pkl
AKGDH,1,0.10439385679290832,regressor_model_3.pkl
IDPh_1,0,0.0,regressor_model_3.pkl
DLYSOXGAT,0,0.0,regressor_model_3.pkl
NDP8,0,0.0,regressor_model_3.pkl
TALA,1,0.03013578647394084,regressor_model_3.pkl
URO_c,0,0.0,regressor_model_3.pkl
PGI,0,0.0,regressor_model_3.pkl
ICL,1,0.058476109952723426,regressor_model_3.pkl
PSCVT_copy1,0,0.0,regressor_model_3.pkl
PGK,0,0.0,regressor_model_3.pkl
HDH,1,0.0,regressor_model_3.pkl
ALDD1,0,0.0,regressor_model_3.pkl
FE3DCITCH,1,0.0,regressor_model_3.pkl
AGPOP,0,0.0,regressor_model_3.pkl
PRAIi_copy2,0,0.0,regressor_model_3.pkl
CBMKr,0,0.0,regressor_model_3.pkl
1PPDCRc,0,0.0,regressor_model_3.pkl
GAPDi_nadp,0,0.0,regressor_model_3.pkl
FE3PYOVDL,0,0.0,regressor_model_3.pkl
PGM,0,0.0,regressor_model_3.pkl
PMANM,0,0.0,regressor_model_3.pkl
ILETA,1,0.0,regressor_model_3.pkl
LEUTA,0,0.0,regressor_model_3.pkl
R15BPK,0,0.0,regressor_model_3.pkl
LYSRC,0,0.0,regressor_model_3.pkl
OXOADLR,0,0.0,regressor_model_3.pkl
TRPS3,0,0.0,regressor_model_3.pkl
H2CO3D,0,0.0,regressor_model_3.pkl
SERAT_copy2,0,0.0,regressor_model_3.pkl
HSK,0,0.0,regressor_model_3.pkl
PPNDH,0,0.0,regressor_model_3.pkl
PSCVT_copy2,0,0.0,regressor_model_3.pkl
G5SD_copy2,0,0.0,regressor_model_3.pkl
ADK1,0,0.0,regressor_model_3.pkl
NTD4,0,0.0,regressor_model_3.pkl
PHETHPTOX3,1,0.0,regressor_model_3.pkl
ALATA_L,0,0.0,regressor_model_3.pkl
MEPCT_1,0,0.0,regressor_model_3.pkl
PDH,0,0.0,regressor_model_3.pkl
MALS,0,0.0,regressor_model_3.pkl
ANHMK,0,0.0,regressor_model_3.pkl
RECOAH7,0,0.0,regressor_model_3.pkl
GLUDxi,0,0.0,regressor_model_3.pkl
TRPS1_copy2,0,0.0,regressor_model_3.pkl
ALLTN,0,0.0,regressor_model_3.pkl
NDPK5,1,0.0,regressor_model_3.pkl
HISTD,0,0.0,regressor_model_3.pkl
ME2,0,0.0,regressor_model_3.pkl
GLXCL,0,0.0,regressor_model_3.pkl
PRPPS,0,0.0,regressor_model_3.pkl
URIH,0,0.0,regressor_model_3.pkl
PPCK,0,0.0,regressor_model_3.pkl
ALAR,0,0.0,regressor_model_3.pkl
HPYRI,0,0.0,regressor_model_3.pkl
PRAIi_copy1,0,0.0,regressor_model_3.pkl
CSPMDDH,0,0.0,regressor_model_3.pkl
MAN1PT2,1,0.0,regressor_model_3.pkl
HCO3E,0,0.0,regressor_model_3.pkl
DHAD1_copy1,0,0.0,regressor_model_3.pkl
APPAT,0,0.0,regressor_model_3.pkl
ADPT,0,0.0,regressor_model_3.pkl
PRASCSi_copy2,0,0.0,regressor_model_3.pkl
CBPS,0,0.0,regressor_model_3.pkl
FRDO7r,0,0.0,regressor_model_3.pkl
TRSARr,0,0.0,regressor_model_3.pkl
G5SD_copy1,0,0.0,regressor_model_3.pkl
GLNS_copy2,0,0.0,regressor_model_3.pkl
FRDO6r,0,0.0,regressor_model_3.pkl
MDH,0,0.0,regressor_model_3.pkl
PPM,1,0.0,regressor_model_3.pkl
PTRCTA2,1,-0.00909144458303641,regressor_model_3.pkl
DMALRED,0,0.0,regressor_model_3.pkl
G3PD2,0,0.0,regressor_model_3.pkl
DLYSPYRAT,0,0.0,regressor_model_3.pkl
DHSKDH,0,0.0,regressor_model_3.pkl
VALDHr,1,0.0,regressor_model_3.pkl
MEPCT,0,0.0,regressor_model_3.pkl
LSERDHr,0,0.0,regressor_model_3.pkl
G6PDH2r,0,0.0,regressor_model_3.pkl
DHQTi_copy1,0,0.0,regressor_model_3.pkl
DHQTi_copy2,0,0.0,regressor_model_3.pkl
HPYRRx,0,0.0,regressor_model_3.pkl
GLUDy,0,0.0,regressor_model_3.pkl
LTDCL,1,0.0,regressor_model_3.pkl
H2CO3D2,0,0.0,regressor_model_3.pkl
GAPD,0,0.0,regressor_model_3.pkl
SSALy,1,0.08880905939261652,regressor_model_3.pkl
GLYCTO1,0,0.0,regressor_model_3.pkl
ACS,0,0.0,regressor_model_3.pkl
PDHa,1,0.0,regressor_model_3.pkl
HEPCT,0,0.0,regressor_model_3.pkl
SERAT_copy1,0,0.0,regressor_model_3.pkl
VALTA,0,0.0,regressor_model_3.pkl
SUCOAS,0,0.0,regressor_model_3.pkl
FRDO4r,0,0.0,regressor_model_3.pkl
GLNS_copy1,1,0.0,regressor_model_3.pkl
ILEDHr_1,0,0.0,regressor_model_3.pkl
ENO,0,0.0,regressor_model_3.pkl
RBK,0,0.0,regressor_model_3.pkl
ALATRS,0,0.0,regressor_model_3.pkl
PTPATi,0,0.0,regressor_model_3.pkl
FDH,0,0.0,regressor_model_3.pkl
NDPK3,0,0.0,regressor_model_3.pkl
DHAD1_copy2,0,0.0,regressor_model_3.pkl
PHETA1,0,0.0,regressor_model_3.pkl
FALDM,0,0.0,regressor_model_3.pkl
PPND,0,0.0,regressor_model_3.pkl
PPK,0,0.0,regressor_model_3.pkl
PPA,0,0.0,regressor_model_3.pkl
PRASCSi_copy1,1,0.0,regressor_model_3.pkl
AROH,0,0.0,regressor_model_3.pkl
GLUSy,0,0.0,regressor_model_3.pkl
GLYALDDr,0,0.0,regressor_model_3.pkl
LLEUDr,1,0.0,regressor_model_3.pkl
AGMDA,0,0.0,regressor_model_3.pkl
GLYCK,0,0.0,regressor_model_3.pkl
FE3DCITR,0,0.0,regressor_model_3.pkl
TRPS1_copy1,0,0.0,regressor_model_3.pkl
AKGDH,1,0.09978267265966428,regressor_model_3.pkl
IDPh_1,0,0.0,regressor_model_3.pkl
DLYSOXGAT,0,0.0,regressor_model_3.pkl
NDP8,0,0.0,regressor_model_3.pkl
TALA,1,0.031441337697476646,regressor_model_3.pkl
URO_c,0,0.0,regressor_model_3.pkl
PGI,0,0.0,regressor_model_3.pkl
ICL,1,0.05745583823987427,regressor_model_3.pkl
PSCVT_copy1,0,0.0,regressor_model_3.pkl
PGK,0,0.0,regressor_model_3.pkl
HDH,1,0.0,regressor_model_3.pkl
ALDD1,0,0.0,regressor_model_3.pkl
FE3DCITCH,1,0.0,regressor_model_3.pkl
AGPOP,0,0.0,regressor_model_3.pkl
PRAIi_copy2,1,0.0,regressor_model_3.pkl
CBMKr,0,0.0,regressor_model_3.pkl
1PPDCRc,0,0.0,regressor_model_3.pkl
GAPDi_nadp,0,0.0,regressor_model_3.pkl
FE3PYOVDL,0,0.0,regressor_model_3.pkl
PGM,0,0.0,regressor_model_3.pkl
PMANM,0,0.0,regressor_model_3.pkl
ILETA,0,0.0,regressor_model_3.pkl
LEUTA,0,0.0,regressor_model_3.pkl
R15BPK,0,0.0,regressor_model_3.pkl
LYSRC,0,0.0,regressor_model_3.pkl
OXOADLR,1,0.0,regressor_model_3.pkl
TRPS3,0,0.0,regressor_model_3.pkl
H2CO3D,0,0.0,regressor_model_3.pkl
SERAT_copy2,0,0.0,regressor_model_3.pkl
HSK,0,0.0,regressor_model_3.pkl
PPNDH,0,0.0,regressor_model_3.pkl
PSCVT_copy2,0,0.0,regressor_model_3.pkl
G5SD_copy2,0,0.0,regressor_model_3.pkl
ADK1,0,0.0,regressor_model_3.pkl
NTD4,0,0.0,regressor_model_3.pkl
PHETHPTOX3,1,0.0,regressor_model_3.pkl
ALATA_L,0,0.0,regressor_model_3.pkl
MEPCT_1,0,0.0,regressor_model_3.pkl
PDH,0,0.0,regressor_model_3.pkl
MALS,0,0.0,regressor_model_3.pkl
ANHMK,0,0.0,regressor_model_3.pkl
RECOAH7,0,0.0,regressor_model_3.pkl
GLUDxi,0,0.0,regressor_model_3.pkl
TRPS1_copy2,0,0.0,regressor_model_3.pkl
ALLTN,0,0.0,regressor_model_3.pkl
NDPK5,0,0.0,regressor_model_3.pkl
HISTD,0,0.0,regressor_model_3.pkl
ME2,0,0.0,regressor_model_3.pkl
GLXCL,0,0.0,regressor_model_3.pkl
PRPPS,0,0.0,regressor_model_3.pkl
URIH,0,0.0,regressor_model_3.pkl
PPCK,0,0.0,regressor_model_3.pkl
ALAR,0,0.0,regressor_model_3.pkl
HPYRI,0,0.0,regressor_model_3.pkl
PRAIi_copy1,0,0.0,regressor_model_3.pkl
CSPMDDH,0,0.0,regressor_model_3.pkl
MAN1PT2,1,0.0,regressor_model_3.pkl
HCO3E,0,0.0,regressor_model_3.pkl
DHAD1_copy1,0,0.0,regressor_model_3.pkl
APPAT,0,0.0,regressor_model_3.pkl
ADPT,0,0.0,regressor_model_3.pkl
PRASCSi_copy2,0,0.0,regressor_model_3.pkl
CBPS,0,0.0,regressor_model_3.pkl
FRDO7r,0,0.0,regressor_model_3.pkl
TRSARr,0,0.0,regressor_model_3.pkl
G5SD_copy1,0,0.0,regressor_model_3.pkl
GLNS_copy2,0,0.0,regressor_model_3.pkl
FRDO6r,0,0.0,regressor_model_3.pkl
MDH,0,0.0,regressor_model_3.pkl
PPM,0,0.0,regressor_model_3.pkl
PTRCTA2,0,0.0,regressor_model_3.pkl
DMALRED,1,0.0,regressor_model_3.pkl
G3PD2,0,0.0,regressor_model_3.pkl
DLYSPYRAT,1,0.0,regressor_model_3.pkl
DHSKDH,0,0.0018993731303378622,regressor_model_3.pkl
VALDHr,1,0.0012716788515609583,regressor_model_3.pkl
MEPCT,0,0.0,regressor_model_3.pkl
LSERDHr,0,0.0,regressor_model_3.pkl
G6PDH2r,0,0.0,regressor_model_3.pkl
DHQTi_copy1,0,0.0,regressor_model_3.pkl
DHQTi_copy2,1,0.0,regressor_model_3.pkl
HPYRRx,0,0.0,regressor_model_3.pkl
GLUDy,0,0.0,regressor_model_3.pkl
LTDCL,1,0.0,regressor_model_3.pkl
H2CO3D2,0,0.0,regressor_model_3.pkl
GAPD,0,0.0,regressor_model_3.pkl
SSALy,1,0.05987868131540726,regressor_model_3.pkl
GLYCTO1,0,0.0,regressor_model_3.pkl
ACS,1,0.0,regressor_model_3.pkl
PDHa,1,0.0,regressor_model_3.pkl
HEPCT,0,0.0,regressor_model_3.pkl
SERAT_copy1,0,0.0,regressor_model_3.pkl
VALTA,0,0.0,regressor_model_3.pkl
SUCOAS,0,0.08732555215784482,regressor_model_3.pkl
FRDO4r,0,0.0,regressor_model_3.pkl
GLNS_copy1,0,0.0,regressor_model_3.pkl
ILEDHr_1,1,0.0,regressor_model_3.pkl
ENO,0,0.0,regressor_model_3.pkl
RBK,0,0.0,regressor_model_3.pkl
ALATRS,0,0.0,regressor_model_3.pkl
PTPATi,0,0.0,regressor_model_3.pkl
FDH,0,0.0,regressor_model_3.pkl
NDPK3,0,0.0,regressor_model_3.pkl
DHAD1_copy2,0,0.0,regressor_model_3.pkl
PHETA1,0,0.0,regressor_model_3.pkl
FALDM,0,0.0,regressor_model_3.pkl
PPND,0,0.0,regressor_model_3.pkl
PPK,0,0.0,regressor_model_3.pkl
PPA,0,0.0,regressor_model_3.pkl
PRASCSi_copy1,0,0.0,regressor_model_3.pkl
AROH,0,0.0,regressor_model_3.pkl
GLUSy,1,0.0,regressor_model_3.pkl
GLYALDDr,0,0.0,regressor_model_3.pkl
LLEUDr,0,0.0,regressor_model_3.pkl
AGMDA,0,0.0,regressor_model_3.pkl
GLYCK,0,0.0,regressor_model_3.pkl
FE3DCITR,1,0.0,regressor_model_3.pkl
TRPS1_copy1,0,0.0,regressor_model_3.pkl
AKGDH,1,0.0064534024820811515,regressor_model_3.pkl
IDPh_1,0,0.0,regressor_model_3.pkl
DLYSOXGAT,0,0.0,regressor_model_3.pkl
NDP8,0,0.0,regressor_model_3.pkl
TALA,1,0.0,regressor_model_3.pkl
URO_c,0,0.0,regressor_model_3.pkl
PGI,0,0.001258776928986764,regressor_model_3.pkl
ICL,1,0.03932798299668869,regressor_model_3.pkl
PSCVT_copy1,0,0.0,regressor_model_3.pkl
PGK,0,0.0,regressor_model_3.pkl
HDH,0,0.0,regressor_model_3.pkl
ALDD1,0,0.0,regressor_model_3.pkl
FE3DCITCH,1,0.0,regressor_model_3.pkl
AGPOP,0,0.0,regressor_model_3.pkl
PRAIi_copy2,0,0.0,regressor_model_3.pkl
CBMKr,0,0.0,regressor_model_3.pkl
1PPDCRc,0,0.0,regressor_model_3.pkl
GAPDi_nadp,0,0.0,regressor_model_3.pkl
FE3PYOVDL,0,0.0,regressor_model_3.pkl
PGM,0,0.0,regressor_model_3.pkl
PMANM,0,0.0,regressor_model_3.pkl
ILETA,0,0.0,regressor_model_3.pkl
LEUTA,0,0.0,regressor_model_3.pkl
R15BPK,0,0.0009469960068848293,regressor_model_3.pkl
LYSRC,1,0.0,regressor_model_3.pkl
OXOADLR,1,0.0,regressor_model_3.pkl
TRPS3,1,0.0,regressor_model_3.pkl
H2CO3D,0,0.0,regressor_model_3.pkl
SERAT_copy2,0,0.0,regressor_model_3.pkl
HSK,0,0.0,regressor_model_3.pkl
PPNDH,0,0.0,regressor_model_3.pkl
PSCVT_copy2,0,0.0,regressor_model_3.pkl
G5SD_copy2,0,0.0,regressor_model_3.pkl
ADK1,0,0.0,regressor_model_3.pkl
NTD4,0,0.0,regressor_model_3.pkl
PHETHPTOX3,0,0.0,regressor_model_3.pkl
ALATA_L,0,0.0,regressor_model_3.pkl
MEPCT_1,0,0.0013675362410316867,regressor_model_3.pkl
PDH,0,0.0,regressor_model_3.pkl
MALS,0,0.0,regressor_model_3.pkl
ANHMK,0,0.0,regressor_model_3.pkl
RECOAH7,0,0.0,regressor_model_3.pkl
GLUDxi,0,0.0,regressor_model_3.pkl
TRPS1_copy2,0,0.0,regressor_model_3.pkl
ALLTN,0,0.0,regressor_model_3.pkl
NDPK5,1,0.0,regressor_model_3.pkl
HISTD,0,0.0,regressor_model_3.pkl
ME2,0,0.0,regressor_model_3.pkl
GLXCL,0,0.0,regressor_model_3.pkl
PRPPS,0,0.0,regressor_model_3.pkl
URIH,1,0.0025287203150717585,regressor_model_3.pkl
PPCK,0,0.0,regressor_model_3.pkl
ALAR,0,0.0,regressor_model_3.pkl
HPYRI,0,0.0,regressor_model_3.pkl
PRAIi_copy1,0,0.0,regressor_model_3.pkl
CSPMDDH,0,0.0,regressor_model_3.pkl
MAN1PT2,0,0.0,regressor_model_3.pkl
HCO3E,0,0.0,regressor_model_3.pkl
DHAD1_copy1,0,0.0,regressor_model_3.pkl
APPAT,0,0.0,regressor_model_3.pkl
ADPT,0,0.0,regressor_model_3.pkl
PRASCSi_copy2,0,0.0,regressor_model_3.pkl
CBPS,1,0.0,regressor_model_3.pkl
FRDO7r,0,0.0,regressor_model_3.pkl
TRSARr,0,0.0,regressor_model_3.pkl
G5SD_copy1,1,0.0,regressor_model_3.pkl
GLNS_copy2,0,0.0,regressor_model_3.pkl
FRDO6r,0,0.0,regressor_model_3.pkl
MDH,0,0.0,regressor_model_3.pkl
PPM,0,0.0,regressor_model_3.pkl
PTRCTA2,1,0.09038271980110293,regressor_model_3.pkl
DMALRED,0,0.0,regressor_model_3.pkl
G3PD2,0,0.0,regressor_model_3.pkl
DLYSPYRAT,1,0.0,regressor_model_3.pkl
DHSKDH,0,0.0,regressor_model_3.pkl
VALDHr,1,0.0033682840765316352,regressor_model_3.pkl
MEPCT,0,0.0,regressor_model_3.pkl
LSERDHr,0,0.0,regressor_model_3.pkl
G6PDH2r,0,0.04102536593892422,regressor_model_3.pkl
DHQTi_copy1,0,0.0,regressor_model_3.pkl
DHQTi_copy2,0,0.0,regressor_model_3.pkl
HPYRRx,0,0.0,regressor_model_3.pkl
GLUDy,0,0.0,regressor_model_3.pkl
LTDCL,0,0.0,regressor_model_3.pkl
H2CO3D2,0,0.0,regressor_model_3.pkl
GAPD,0,0.0,regressor_model_3.pkl
SSALy,0,0.0,regressor_model_3.pkl
GLYCTO1,0,0.0,regressor_model_3.pkl
ACS,0,0.0,regressor_model_3.pkl
PDHa,0,0.0,regressor_model_3.pkl
HEPCT,0,0.0,regressor_model_3.pkl
SERAT_copy1,0,0.0,regressor_model_3.pkl
VALTA,0,0.0,regressor_model_3.pkl
SUCOAS,0,0.002837072015967495,regressor_model_3.pkl
FRDO4r,0,0.0,regressor_model_3.pkl
GLNS_copy1,1,0.0,regressor_model_3.pkl
ILEDHr_1,0,0.0,regressor_model_3.pkl
ENO,0,0.0,regressor_model_3.pkl
RBK,0,0.0,regressor_model_3.pkl
ALATRS,0,0.0,regressor_model_3.pkl
PTPATi,0,0.0,regressor_model_3.pkl
FDH,0,0.0,regressor_model_3.pkl
NDPK3,0,0.0,regressor_model_3.pkl
DHAD1_copy2,0,0.0,regressor_model_3.pkl
PHETA1,0,0.0,regressor_model_3.pkl
FALDM,0,0.0,regressor_model_3.pkl
PPND,0,0.0,regressor_model_3.pkl
PPK,0,0.0,regressor_model_3.pkl
PPA,0,0.0,regressor_model_3.pkl
PRASCSi_copy1,0,0.0,regressor_model_3.pkl
AROH,0,0.0,regressor_model_3.pkl
GLUSy,0,0.0,regressor_model_3.pkl
GLYALDDr,0,0.0,regressor_model_3.pkl
LLEUDr,1,0.0,regressor_model_3.pkl
AGMDA,0,0.0,regressor_model_3.pkl
GLYCK,0,0.0,regressor_model_3.pkl
FE3DCITR,0,0.0,regressor_model_3.pkl
TRPS1_copy1,0,0.0,regressor_model_3.pkl
AKGDH,1,0.10631120028991861,regressor_model_3.pkl
IDPh_1,0,0.0,regressor_model_3.pkl
DLYSOXGAT,0,0.0,regressor_model_3.pkl
NDP8,0,0.0,regressor_model_3.pkl
TALA,1,0.0,regressor_model_3.pkl
URO_c,0,0.0,regressor_model_3.pkl
PGI,0,0.0,regressor_model_3.pkl
ICL,1,0.06396022789559297,regressor_model_3.pkl
PSCVT_copy1,0,0.0,regressor_model_3.pkl
PGK,0,0.0,regressor_model_3.pkl
HDH,1,0.0,regressor_model_3.pkl
ALDD1,0,0.0,regressor_model_3.pkl
FE3DCITCH,1,0.0,regressor_model_3.pkl
AGPOP,0,0.0,regressor_model_3.pkl
PRAIi_copy2,1,0.0,regressor_model_3.pkl
CBMKr,0,0.0,regressor_model_3.pkl
1PPDCRc,1,0.0,regressor_model_3.pkl
GAPDi_nadp,1,0.0,regressor_model_3.pkl
FE3PYOVDL,0,0.0,regressor_model_3.pkl
PGM,0,0.0,regressor_model_3.pkl
PMANM,0,0.0,regressor_model_3.pkl
ILETA,0,0.0,regressor_model_3.pkl
LEUTA,0,0.0,regressor_model_3.pkl
R15BPK,0,0.0,regressor_model_3.pkl
LYSRC,0,0.0,regressor_model_3.pkl
OXOADLR,1,0.0,regressor_model_3.pkl
TRPS3,0,0.0,regressor_model_3.pkl
H2CO3D,0,0.0,regressor_model_3.pkl
SERAT_copy2,0,0.0,regressor_model_3.pkl
HSK,0,0.0,regressor_model_3.pkl
PPNDH,0,0.0,regressor_model_3.pkl
PSCVT_copy2,0,0.0,regressor_model_3.pkl
G5SD_copy2,0,0.0,regressor_model_3.pkl
ADK1,0,0.0,regressor_model_3.pkl
NTD4,0,0.0,regressor_model_3.pkl
PHETHPTOX3,1,0.0,regressor_model_3.pkl
ALATA_L,0,0.0,regressor_model_3.pkl
MEPCT_1,0,0.0,regressor_model_3.pkl
PDH,0,0.0,regressor_model_3.pkl
MALS,0,0.0,regressor_model_3.pkl
ANHMK,0,0.0,regressor_model_3.pkl
RECOAH7,0,0.0,regressor_model_3.pkl
GLUDxi,0,0.0,regressor_model_3.pkl
TRPS1_copy2,0,0.0,regressor_model_3.pkl
ALLTN,0,0.0,regressor_model_3.pkl
NDPK5,0,0.0,regressor_model_3.pkl
HISTD,0,0.0,regressor_model_3.pkl
ME2,0,0.0,regressor_model_3.pkl
GLXCL,0,0.0,regressor_model_3.pkl
PRPPS,0,0.0,regressor_model_3.pkl
URIH,0,0.0,regressor_model_3.pkl
PPCK,0,0.0,regressor_model_3.pkl
ALAR,0,0.0,regressor_model_3.pkl
HPYRI,0,0.0,regressor_model_3.pkl
PRAIi_copy1,0,0.0,regressor_model_3.pkl
CSPMDDH,0,0.0,regressor_model_3.pkl
MAN1PT2,0,0.0,regressor_model_3.pkl
HCO3E,0,0.0,regressor_model_3.pkl
DHAD1_copy1,0,0.0,regressor_model_3.pkl
APPAT,0,0.0,regressor_model_3.pkl
ADPT,0,0.0,regressor_model_3.pkl
PRASCSi_copy2,0,0.0,regressor_model_3.pkl
CBPS,0,0.0,regressor_model_3.pkl
FRDO7r,0,0.0,regressor_model_3.pkl
TRSARr,0,0.0,regressor_model_3.pkl
G5SD_copy1,0,0.0,regressor_model_3.pkl
GLNS_copy2,0,0.0,regressor_model_3.pkl
FRDO6r,0,0.0,regressor_model_3.pkl
MDH,0,0.0,regressor_model_3.pkl
PPM,0,0.0,regressor_model_3.pkl
PTRCTA2,1,0.09393314842567481,regressor_model_3.pkl
DMALRED,0,0.0,regressor_model_3.pkl
G3PD2,0,0.0,regressor_model_3.pkl
DLYSPYRAT,1,0.002170007015013605,regressor_model_3.pkl
DHSKDH,0,0.0,regressor_model_3.pkl
VALDHr,1,0.0,regressor_model_3.pkl
MEPCT,0,0.0,regressor_model_3.pkl
LSERDHr,1,0.0,regressor_model_3.pkl
G6PDH2r,0,0.0,regressor_model_3.pkl
DHQTi_copy1,1,0.0,regressor_model_3.pkl
DHQTi_copy2,0,0.0018827573791415305,regressor_model_3.pkl
HPYRRx,0,0.0,regressor_model_3.pkl
GLUDy,0,0.0,regressor_model_3.pkl
LTDCL,1,0.0,regressor_model_3.pkl
H2CO3D2,0,0.0,regressor_model_3.pkl
GAPD,0,0.0,regressor_model_3.pkl
SSALy,0,0.0,regressor_model_3.pkl
GLYCTO1,0,0.0,regressor_model_3.pkl
ACS,0,0.0,regressor_model_3.pkl
PDHa,0,0.0,regressor_model_3.pkl
HEPCT,0,0.0,regressor_model_3.pkl
SERAT_copy1,1,0.0,regressor_model_3.pkl
VALTA,0,0.0,regressor_model_3.pkl
SUCOAS,0,0.001625581872544321,regressor_model_3.pkl
FRDO4r,0,0.0,regressor_model_3.pkl
GLNS_copy1,0,0.0,regressor_model_3.pkl
ILEDHr_1,0,0.0,regressor_model_3.pkl
ENO,0,0.0,regressor_model_3.pkl
RBK,0,0.0,regressor_model_3.pkl
ALATRS,0,0.0,regressor_model_3.pkl
PTPATi,0,0.0,regressor_model_3.pkl
FDH,0,0.0,regressor_model_3.pkl
NDPK3,0,0.0,regressor_model_3.pkl
DHAD1_copy2,0,0.0,regressor_model_3.pkl
PHETA1,0,0.0,regressor_model_3.pkl
FALDM,0,0.0,regressor_model_3.pkl
PPND,0,0.0,regressor_model_3.pkl
PPK,0,0.0,regressor_model_3.pkl
PPA,0,0.0,regressor_model_3.pkl
PRASCSi_copy1,0,0.0,regressor_model_3.pkl
AROH,0,0.0,regressor_model_3.pkl
GLUSy,0,0.0,regressor_model_3.pkl
GLYALDDr,0,0.0,regressor_model_3.pkl
LLEUDr,1,0.0,regressor_model_3.pkl
AGMDA,0,0.0,regressor_model_3.pkl
GLYCK,0,0.0,regressor_model_3.pkl
FE3DCITR,0,0.0,regressor_model_3.pkl
TRPS1_copy1,0,0.0,regressor_model_3.pkl
AKGDH,1,0.10692197781188835,regressor_model_3.pkl
IDPh_1,0,0.0,regressor_model_3.pkl
DLYSOXGAT,0,0.0,regressor_model_3.pkl
NDP8,0,0.0,regressor_model_3.pkl
TALA,1,0.0,regressor_model_3.pkl
URO_c,0,0.0,regressor_model_3.pkl
PGI,0,0.03781628586895748,regressor_model_3.pkl
ICL,1,0.0650952258831277,regressor_model_3.pkl
PSCVT_copy1,0,0.0,regressor_model_3.pkl
PGK,0,0.0,regressor_model_3.pkl
HDH,1,0.0,regressor_model_3.pkl
ALDD1,0,0.0,regressor_model_3.pkl
FE3DCITCH,1,0.0,regressor_model_3.pkl
AGPOP,0,0.0,regressor_model_3.pkl
PRAIi_copy2,1,0.0,regressor_model_3.pkl
CBMKr,0,0.0,regressor_model_3.pkl
1PPDCRc,0,0.0,regressor_model_3.pkl
GAPDi_nadp,0,0.0,regressor_model_3.pkl
FE3PYOVDL,0,0.0,regressor_model_3.pkl
PGM,0,0.0,regressor_model_3.pkl
PMANM,0,0.0,regressor_model_3.pkl
ILETA,0,0.0,regressor_model_3.pkl
LEUTA,0,0.0,regressor_model_3.pkl
R15BPK,0,0.0,regressor_model_3.pkl
LYSRC,0,0.0,regressor_model_3.pkl
OXOADLR,1,0.0,regressor_model_3.pkl
TRPS3,0,0.0,regressor_model_3.pkl
H2CO3D,0,0.001992080485228337,regressor_model_3.pkl
SERAT_copy2,0,0.0,regressor_model_3.pkl
HSK,0,0.0,regressor_model_3.pkl
PPNDH,0,0.0,regressor_model_3.pkl
PSCVT_copy2,0,0.0,regressor_model_3.pkl
G5SD_copy2,0,0.0,regressor_model_3.pkl
ADK1,0,0.0,regressor_model_3.pkl
NTD4,0,0.0,regressor_model_3.pkl
PHETHPTOX3,0,0.0026157237201415162,regressor_model_3.pkl
ALATA_L,0,0.0,regressor_model_3.pkl
MEPCT_1,0,0.0,regressor_model_3.pkl
PDH,0,0.0,regressor_model_3.pkl
MALS,0,0.0,regressor_model_3.pkl
ANHMK,0,0.0,regressor_model_3.pkl
RECOAH7,0,0.0,regressor_model_3.pkl
GLUDxi,0,0.0,regressor_model_3.pkl
TRPS1_copy2,1,0.0,regressor_model_3.pkl
ALLTN,0,0.0,regressor_model_3.pkl
NDPK5,1,0.0,regressor_model_3.pkl
HISTD,0,0.0,regressor_model_3.pkl
ME2,0,0.0,regressor_model_3.pkl
GLXCL,0,0.0,regressor_model_3.pkl
PRPPS,0,0.0,regressor_model_3.pkl
URIH,0,0.0,regressor_model_3.pkl
PPCK,0,0.0,regressor_model_3.pkl
ALAR,0,0.0,regressor_model_3.pkl
HPYRI,1,0.0,regressor_model_3.pkl
PRAIi_copy1,0,0.0,regressor_model_3.pkl
CSPMDDH,0,0.0,regressor_model_3.pkl
MAN1PT2,1,0.0,regressor_model_3.pkl
HCO3E,0,0.0,regressor_model_3.pkl
DHAD1_copy1,0,0.0,regressor_model_3.pkl
APPAT,0,0.0,regressor_model_3.pkl
ADPT,0,0.0,regressor_model_3.pkl
PRASCSi_copy2,0,0.0,regressor_model_3.pkl
CBPS,0,0.0,regressor_model_3.pkl
FRDO7r,0,0.0,regressor_model_3.pkl
TRSARr,0,0.0,regressor_model_3.pkl
G5SD_copy1,0,0.0,regressor_model_3.pkl
GLNS_copy2,0,0.0,regressor_model_3.pkl
FRDO6r,0,0.0,regressor_model_3.pkl
MDH,0,0.0,regressor_model_3.pkl
PPM,0,0.0,regressor_model_3.pkl
PTRCTA2,1,0.09704454986673619,regressor_model_3.pkl
DMALRED,0,0.0,regressor_model_3.pkl
G3PD2,0,0.0,regressor_model_3.pkl
DLYSPYRAT,1,0.005045674733512616,regressor_model_3.pkl
DHSKDH,0,0.0,regressor_model_3.pkl
VALDHr,1,0.0,regressor_model_3.pkl
MEPCT,0,0.0,regressor_model_3.pkl
LSERDHr,0,0.0,regressor_model_3.pkl
G6PDH2r,0,0.0,regressor_model_3.pkl
DHQTi_copy1,0,0.0,regressor_model_3.pkl
DHQTi_copy2,0,0.0,regressor_model_3.pkl
HPYRRx,0,0.0,regressor_model_3.pkl
GLUDy,0,0.0,regressor_model_3.pkl
LTDCL,0,0.0,regressor_model_3.pkl
H2CO3D2,0,0.0,regressor_model_3.pkl
GAPD,0,0.0,regressor_model_3.pkl
SSALy,1,0.0,regressor_model_3.pkl
GLYCTO1,0,0.0,regressor_model_3.pkl
ACS,0,0.0,regressor_model_3.pkl
PDHa,0,0.0,regressor_model_3.pkl
HEPCT,0,0.0,regressor_model_3.pkl
SERAT_copy1,0,0.0,regressor_model_3.pkl
VALTA,0,0.0,regressor_model_3.pkl
SUCOAS,0,0.0,regressor_model_3.pkl
FRDO4r,0,0.0,regressor_model_3.pkl
GLNS_copy1,0,0.0,regressor_model_3.pkl
ILEDHr_1,0,0.0,regressor_model_3.pkl
ENO,0,0.0,regressor_model_3.pkl
RBK,0,0.0,regressor_model_3.pkl
ALATRS,0,0.0,regressor_model_3.pkl
PTPATi,0,0.0,regressor_model_3.pkl
FDH,0,0.0,regressor_model_3.pkl
NDPK3,0,0.0,regressor_model_3.pkl
DHAD1_copy2,0,0.0,regressor_model_3.pkl
PHETA1,0,0.0,regressor_model_3.pkl
FALDM,0,0.0,regressor_model_3.pkl
PPND,0,0.0,regressor_model_3.pkl
PPK,0,0.0,regressor_model_3.pkl
PPA,0,0.0,regressor_model_3.pkl
PRASCSi_copy1,0,0.0,regressor_model_3.pkl
AROH,0,0.0,regressor_model_3.pkl
GLUSy,0,0.0,regressor_model_3.pkl
GLYALDDr,0,0.0,regressor_model_3.pkl
LLEUDr,0,0.0,regressor_model_3.pkl
AGMDA,0,0.0,regressor_model_3.pkl
GLYCK,0,0.0,regressor_model_3.pkl
FE3DCITR,0,0.0,regressor_model_3.pkl
TRPS1_copy1,0,0.0,regressor_model_3.pkl
AKGDH,1,0.10691708322029438,regressor_model_3.pkl
IDPh_1,0,0.0,regressor_model_3.pkl
DLYSOXGAT,0,0.0,regressor_model_3.pkl
NDP8,0,0.0,regressor_model_3.pkl
TALA,1,0.0,regressor_model_3.pkl
URO_c,0,0.0,regressor_model_3.pkl
PGI,0,0.04184033792718665,regressor_model_3.pkl
ICL,1,0.06507547686239484,regressor_model_3.pkl
PSCVT_copy1,0,0.0,regressor_model_3.pkl
PGK,0,0.0,regressor_model_3.pkl
HDH,1,0.0,regressor_model_3.pkl
ALDD1,0,0.0,regressor_model_3.pkl
FE3DCITCH,1,0.0,regressor_model_3.pkl
AGPOP,0,0.0,regressor_model_3.pkl
PRAIi_copy2,1,0.0,regressor_model_3.pkl
CBMKr,0,0.0,regressor_model_3.pkl
1PPDCRc,0,0.0,regressor_model_3.pkl
GAPDi_nadp,0,0.0,regressor_model_3.pkl
FE3PYOVDL,0,0.0,regressor_model_3.pkl
PGM,0,0.0,regressor_model_3.pkl
PMANM,0,0.0,regressor_model_3.pkl
ILETA,0,0.0,regressor_model_3.pkl
LEUTA,0,0.0,regressor_model_3.pkl
R15BPK,0,0.0,regressor_model_3.pkl
LYSRC,0,0.0,regressor_model_3.pkl
OXOADLR,0,0.0,regressor_model_3.pkl
TRPS3,0,0.0,regressor_model_3.pkl
H2CO3D,1,0.0,regressor_model_3.pkl
SERAT_copy2,0,0.0,regressor_model_3.pkl
HSK,0,0.0,regressor_model_3.pkl
PPNDH,0,0.0,regressor_model_3.pkl
PSCVT_copy2,0,0.0,regressor_model_3.pkl
G5SD_copy2,0,0.0,regressor_model_3.pkl
ADK1,0,0.0,regressor_model_3.pkl
NTD4,0,0.0,regressor_model_3.pkl
PHETHPTOX3,0,0.0,regressor_model_3.pkl
ALATA_L,0,0.0,regressor_model_3.pkl
MEPCT_1,0,0.0,regressor_model_3.pkl
PDH,0,0.0,regressor_model_3.pkl
MALS,0,0.0,regressor_model_3.pkl
ANHMK,0,0.0,regressor_model_3.pkl
RECOAH7,0,0.0,regressor_model_3.pkl
GLUDxi,0,0.0,regressor_model_3.pkl
TRPS1_copy2,0,0.0,regressor_model_3.pkl
ALLTN,0,0.0,regressor_model_3.pkl
NDPK5,1,0.0,regressor_model_3.pkl
HISTD,0,0.0,regressor_model_3.pkl
ME2,0,0.0,regressor_model_3.pkl
GLXCL,0,0.0,regressor_model_3.pkl
PRPPS,0,0.0,regressor_model_3.pkl
URIH,0,0.0,regressor_model_3.pkl
PPCK,0,0.0,regressor_model_3.pkl
ALAR,0,0.0,regressor_model_3.pkl
HPYRI,1,0.0,regressor_model_3.pkl
PRAIi_copy1,0,0.0,regressor_model_3.pkl
CSPMDDH,0,0.0,regressor_model_3.pkl
MAN1PT2,0,0.0,regressor_model_3.pkl
HCO3E,0,0.0,regressor_model_3.pkl
DHAD1_copy1,0,0.0,regressor_model_3.pkl
APPAT,0,0.0,regressor_model_3.pkl
ADPT,0,0.0,regressor_model_3.pkl
PRASCSi_copy2,0,0.0,regressor_model_3.pkl
CBPS,0,0.0,regressor_model_3.pkl
FRDO7r,0,0.0,regressor_model_3.pkl
TRSARr,0,0.0,regressor_model_3.pkl
G5SD_copy1,0,0.0,regressor_model_3.pkl
GLNS_copy2,0,0.0,regressor_model_3.pkl
FRDO6r,0,0.0,regressor_model_3.pkl
MDH,0,0.0,regressor_model_3.pkl
PPM,0,0.0,regressor_model_3.pkl
PTRCTA2,1,0.03692359148561456,regressor_model_3.pkl
DMALRED,0,0.0,regressor_model_3.pkl
G3PD2,0,0.0,regressor_model_3.pkl
DLYSPYRAT,1,0.0,regressor_model_3.pkl
DHSKDH,0,0.0,regressor_model_3.pkl
VALDHr,1,0.0,regressor_model_3.pkl
MEPCT,0,0.0,regressor_model_3.pkl
LSERDHr,0,0.0,regressor_model_3.pkl
G6PDH2r,0,0.0,regressor_model_3.pkl
DHQTi_copy1,0,0.0,regressor_model_3.pkl
DHQTi_copy2,0,0.0,regressor_model_3.pkl
HPYRRx,0,0.0,regressor_model_3.pkl
GLUDy,0,0.0,regressor_model_3.pkl
LTDCL,1,0.0,regressor_model_3.pkl
H2CO3D2,1,0.0,regressor_model_3.pkl
GAPD,0,0.0,regressor_model_3.pkl
SSALy,1,0.02593420958893011,regressor_model_3.pkl
GLYCTO1,0,0.0,regressor_model_3.pkl
ACS,0,0.0,regressor_model_3.pkl
PDHa,1,0.0,regressor_model_3.pkl
HEPCT,0,0.0,regressor_model_3.pkl
SERAT_copy1,0,0.0,regressor_model_3.pkl
VALTA,0,0.0,regressor_model_3.pkl
SUCOAS,0,0.0,regressor_model_3.pkl
FRDO4r,0,0.0,regressor_model_3.pkl
GLNS_copy1,1,0.0,regressor_model_3.pkl
ILEDHr_1,0,0.0,regressor_model_3.pkl
ENO,0,0.0,regressor_model_3.pkl
RBK,0,0.0,regressor_model_3.pkl
ALATRS,0,0.0,regressor_model_3.pkl
PTPATi,0,0.0,regressor_model_3.pkl
FDH,0,0.0,regressor_model_3.pkl
NDPK3,0,0.0,regressor_model_3.pkl
DHAD1_copy2,0,0.0,regressor_model_3.pkl
PHETA1,0,0.0,regressor_model_3.pkl
FALDM,0,0.0,regressor_model_3.pkl
PPND,0,0.0,regressor_model_3.pkl
PPK,0,0.0,regressor_model_3.pkl
PPA,0,0.0,regressor_model_3.pkl
PRASCSi_copy1,0,0.0,regressor_model_3.pkl
AROH,0,0.0,regressor_model_3.pkl
GLUSy,0,0.0,regressor_model_3.pkl
GLYALDDr,0,0.0,regressor_model_3.pkl
LLEUDr,0,0.0,regressor_model_3.pkl
AGMDA,0,0.0,regressor_model_3.pkl
GLYCK,0,0.0,regressor_model_3.pkl
FE3DCITR,0,0.0,regressor_model_3.pkl
TRPS1_copy1,0,0.0,regressor_model_3.pkl
AKGDH,1,0.1251068789402153,regressor_model_3.pkl
IDPh_1,0,0.0,regressor_model_3.pkl
DLYSOXGAT,0,0.0,regressor_model_3.pkl
NDP8,0,0.0,regressor_model_3.pkl
TALA,1,0.041494783922501666,regressor_model_3.pkl
URO_c,0,0.0,regressor_model_3.pkl
PGI,0,0.0,regressor_model_3.pkl
ICL,1,0.07481587545304874,regressor_model_3.pkl
PSCVT_copy1,0,0.0,regressor_model_3.pkl
PGK,0,0.0,regressor_model_3.pkl
HDH,0,0.0,regressor_model_3.pkl
ALDD1,0,0.0,regressor_model_3.pkl
FE3DCITCH,1,0.0,regressor_model_3.pkl
AGPOP,0,0.0,regressor_model_3.pkl
PRAIi_copy2,1,0.0,regressor_model_3.pkl
CBMKr,0,0.0,regressor_model_3.pkl
1PPDCRc,0,0.0,regressor_model_3.pkl
GAPDi_nadp,0,0.0,regressor_model_3.pkl
FE3PYOVDL,0,0.0,regressor_model_3.pkl
PGM,0,0.0,regressor_model_3.pkl
PMANM,0,0.0,regressor_model_3.pkl
ILETA,1,0.0,regressor_model_3.pkl
LEUTA,0,0.0,regressor_model_3.pkl
R15BPK,0,0.0,regressor_model_3.pkl
LYSRC,0,0.0,regressor_model_3.pkl
OXOADLR,1,0.0,regressor_model_3.pkl
TRPS3,0,0.0,regressor_model_3.pkl
H2CO3D,1,0.0,regressor_model_3.pkl
SERAT_copy2,1,0.0,regressor_model_3.pkl
HSK,0,0.0,regressor_model_3.pkl
PPNDH,0,0.0,regressor_model_3.pkl
PSCVT_copy2,0,0.0,regressor_model_3.pkl
G5SD_copy2,0,0.0,regressor_model_3.pkl
ADK1,0,0.0,regressor_model_3.pkl
NTD4,0,0.0,regressor_model_3.pkl
PHETHPTOX3,1,0.0,regressor_model_3.pkl
ALATA_L,0,0.0,regressor_model_3.pkl
MEPCT_1,0,0.0,regressor_model_3.pkl
PDH,0,0.0,regressor_model_3.pkl
MALS,0,0.0,regressor_model_3.pkl
ANHMK,0,0.0,regressor_model_3.pkl
RECOAH7,0,0.0,regressor_model_3.pkl
GLUDxi,0,0.0,regressor_model_3.pkl
TRPS1_copy2,0,0.0,regressor_model_3.pkl
ALLTN,0,0.0,regressor_model_3.pkl
NDPK5,0,0.0,regressor_model_3.pkl
HISTD,0,0.0,regressor_model_3.pkl
ME2,0,0.0,regressor_model_3.pkl
GLXCL,0,0.0,regressor_model_3.pkl
PRPPS,0,0.0,regressor_model_3.pkl
URIH,0,0.0,regressor_model_3.pkl
PPCK,0,0.0,regressor_model_3.pkl
ALAR,0,0.0,regressor_model_3.pkl
HPYRI,0,0.0,regressor_model_3.pkl
PRAIi_copy1,0,0.0,regressor_model_3.pkl
CSPMDDH,0,0.0,regressor_model_3.pkl
MAN1PT2,1,0.0,regressor_model_3.pkl
HCO3E,0,0.0,regressor_model_3.pkl
DHAD1_copy1,0,0.0,regressor_model_3.pkl
APPAT,0,0.0,regressor_model_3.pkl
ADPT,0,0.0,regressor_model_3.pkl
PRASCSi_copy2,0,0.0,regressor_model_3.pkl
CBPS,0,0.0,regressor_model_3.pkl
FRDO7r,1,0.0,regressor_model_3.pkl
TRSARr,0,0.0,regressor_model_3.pkl
G5SD_copy1,0,0.0,regressor_model_3.pkl
GLNS_copy2,0,0.0,regressor_model_3.pkl
FRDO6r,0,0.0,regressor_model_3.pkl
MDH,0,0.0,regressor_model_3.pkl
PPM,0,0.0,regressor_model_3.pkl
PTRCTA2,1,-0.0075764503192993155,regressor_model_3.pkl
DMALRED,0,0.0,regressor_model_3.pkl
G3PD2,0,0.0,regressor_model_3.pkl
DLYSPYRAT,1,0.0,regressor_model_3.pkl
DHSKDH,0,0.0,regressor_model_3.pkl
VALDHr,1,0.0,regressor_model_3.pkl
MEPCT,0,0.0,regressor_model_3.pkl
LSERDHr,0,0.0,regressor_model_3.pkl
G6PDH2r,0,0.0,regressor_model_3.pkl
DHQTi_copy1,0,0.0,regressor_model_3.pkl
DHQTi_copy2,0,0.0,regressor_model_3.pkl
HPYRRx,0,0.0,regressor_model_3.pkl
GLUDy,0,0.0,regressor_model_3.pkl
LTDCL,1,0.0,regressor_model_3.pkl
H2CO3D2,0,0.0,regressor_model_3.pkl
GAPD,0,0.0,regressor_model_3.pkl
SSALy,0,0.08344943909844747,regressor_model_3.pkl
GLYCTO1,0,0.0,regressor_model_3.pkl
ACS,0,0.0,regressor_model_3.pkl
PDHa,1,0.0,regressor_model_3.pkl
HEPCT,0,0.0,regressor_model_3.pkl
SERAT_copy1,0,0.0,regressor_model_3.pkl
VALTA,0,0.0,regressor_model_3.pkl
SUCOAS,0,0.002858940672186852,regressor_model_3.pkl
FRDO4r,0,0.0,regressor_model_3.pkl
GLNS_copy1,1,0.0,regressor_model_3.pkl
ILEDHr_1,0,0.0,regressor_model_3.pkl
ENO,0,0.0,regressor_model_3.pkl
RBK,0,0.0,regressor_model_3.pkl
ALATRS,0,0.0,regressor_model_3.pkl
PTPATi,0,0.0,regressor_model_3.pkl
FDH,0,0.0,regressor_model_3.pkl
NDPK3,0,0.0,regressor_model_3.pkl
DHAD1_copy2,0,0.0,regressor_model_3.pkl
PHETA1,0,0.0,regressor_model_3.pkl
FALDM,0,0.0,regressor_model_3.pkl
PPND,0,0.0,regressor_model_3.pkl
PPK,0,0.0,regressor_model_3.pkl
PPA,0,0.0,regressor_model_3.pkl
PRASCSi_copy1,0,0.0,regressor_model_3.pkl
AROH,0,0.0,regressor_model_3.pkl
GLUSy,0,0.0,regressor_model_3.pkl
GLYALDDr,0,0.0,regressor_model_3.pkl
LLEUDr,0,0.0,regressor_model_3.pkl
AGMDA,0,0.0,regressor_model_3.pkl
GLYCK,0,0.0,regressor_model_3.pkl
FE3DCITR,0,0.0,regressor_model_3.pkl
TRPS1_copy1,0,0.0,regressor_model_3.pkl
AKGDH,1,0.09235181819375825,regressor_model_3.pkl
IDPh_1,0,0.0,regressor_model_3.pkl
DLYSOXGAT,0,0.0,regressor_model_3.pkl
NDP8,0,0.0,regressor_model_3.pkl
TALA,1,0.02570888351855462,regressor_model_3.pkl
URO_c,0,0.0,regressor_model_3.pkl
PGI,0,0.0,regressor_model_3.pkl
ICL,1,0.05539945800700894,regressor_model_3.pkl
PSCVT_copy1,0,0.0,regressor_model_3.pkl
PGK,0,0.0,regressor_model_3.pkl
HDH,0,0.0,regressor_model_3.pkl
ALDD1,0,0.0,regressor_model_3.pkl
FE3DCITCH,0,0.0,regressor_model_3.pkl
AGPOP,0,0.0,regressor_model_3.pkl
PRAIi_copy2,1,0.0,regressor_model_3.pkl
CBMKr,0,0.0,regressor_model_3.pkl
1PPDCRc,0,0.0,regressor_model_3.pkl
GAPDi_nadp,0,0.0,regressor_model_3.pkl
FE3PYOVDL,0,0.0,regressor_model_3.pkl
PGM,0,0.0,regressor_model_3.pkl
PMANM,0,0.0,regressor_model_3.pkl
ILETA,0,0.0,regressor_model_3.pkl
LEUTA,0,-0.011246031561553094,regressor_model_3.pkl
R15BPK,0,0.0,regressor_model_3.pkl
LYSRC,0,0.0,regressor_model_3.pkl
OXOADLR,1,0.0,regressor_model_3.pkl
TRPS3,0,0.0,regressor_model_3.pkl
H2CO3D,0,0.0,regressor_model_3.pkl
SERAT_copy2,0,0.0,regressor_model_3.pkl
HSK,0,0.0,regressor_model_3.pkl
PPNDH,1,0.0,regressor_model_3.pkl
PSCVT_copy2,0,0.0,regressor_model_3.pkl
G5SD_copy2,0,0.0,regressor_model_3.pkl
ADK1,0,0.0,regressor_model_3.pkl
NTD4,0,0.008536560956726585,regressor_model_3.pkl
PHETHPTOX3,0,0.0,regressor_model_3.pkl
ALATA_L,0,0.0,regressor_model_3.pkl
MEPCT_1,0,0.0,regressor_model_3.pkl
PDH,0,0.0,regressor_model_3.pkl
MALS,1,0.0,regressor_model_3.pkl
ANHMK,0,0.0,regressor_model_3.pkl
RECOAH7,0,0.0,regressor_model_3.pkl
GLUDxi,0,0.0,regressor_model_3.pkl
TRPS1_copy2,0,0.0,regressor_model_3.pkl
ALLTN,0,0.0,regressor_model_3.pkl
NDPK5,1,0.0,regressor_model_3.pkl
HISTD,0,0.0,regressor_model_3.pkl
ME2,0,0.0,regressor_model_3.pkl
GLXCL,0,0.0,regressor_model_3.pkl
PRPPS,0,0.0,regressor_model_3.pkl
URIH,0,0.0,regressor_model_3.pkl
PPCK,0,0.0,regressor_model_3.pkl
ALAR,0,0.0,regressor_model_3.pkl
HPYRI,0,0.0,regressor_model_3.pkl
PRAIi_copy1,0,0.0,regressor_model_3.pkl
CSPMDDH,0,0.0,regressor_model_3.pkl
MAN1PT2,1,0.0,regressor_model_3.pkl
HCO3E,0,0.0,regressor_model_3.pkl
DHAD1_copy1,0,0.0,regressor_model_3.pkl
APPAT,0,0.0,regressor_model_3.pkl
ADPT,0,0.0,regressor_model_3.pkl
PRASCSi_copy2,0,0.0,regressor_model_3.pkl
CBPS,0,0.0,regressor_model_3.pkl
FRDO7r,0,0.0,regressor_model_3.pkl
TRSARr,0,0.0,regressor_model_3.pkl
G5SD_copy1,0,0.0,regressor_model_3.pkl
GLNS_copy2,0,0.0,regressor_model_3.pkl
FRDO6r,0,0.0,regressor_model_3.pkl
MDH,0,0.0,regressor_model_3.pkl
PPM,0,0.0,regressor_model_3.pkl
PTRCTA2,1,0.08424798586137416,regressor_model_3.pkl
DMALRED,0,0.0,regressor_model_3.pkl
G3PD2,0,0.0,regressor_model_3.pkl
DLYSPYRAT,1,0.0,regressor_model_3.pkl
DHSKDH,0,0.0,regressor_model_3.pkl
VALDHr,1,0.0,regressor_model_3.pkl
MEPCT,0,0.0,regressor_model_3.pkl
LSERDHr,0,0.0,regressor_model_3.pkl
G6PDH2r,0,0.0,regressor_model_3.pkl
DHQTi_copy1,0,0.0,regressor_model_3.pkl
DHQTi_copy2,0,0.0,regressor_model_3.pkl
HPYRRx,0,0.0,regressor_model_3.pkl
GLUDy,0,0.0,regressor_model_3.pkl
LTDCL,0,0.0,regressor_model_3.pkl
H2CO3D2,0,-0.013900177794473475,regressor_model_3.pkl
GAPD,0,0.0,regressor_model_3.pkl
SSALy,1,0.0,regressor_model_3.pkl
GLYCTO1,1,0.0,regressor_model_3.pkl
ACS,0,0.0,regressor_model_3.pkl
PDHa,1,0.0,regressor_model_3.pkl
HEPCT,0,0.0,regressor_model_3.pkl
SERAT_copy1,0,0.0,regressor_model_3.pkl
VALTA,0,0.0,regressor_model_3.pkl
SUCOAS,0,0.0,regressor_model_3.pkl
FRDO4r,0,0.0,regressor_model_3.pkl
GLNS_copy1,1,0.0,regressor_model_3.pkl
ILEDHr_1,0,0.0,regressor_model_3.pkl
ENO,0,0.0,regressor_model_3.pkl
RBK,0,0.0,regressor_model_3.pkl
ALATRS,0,0.0,regressor_model_3.pkl
PTPATi,0,0.0,regressor_model_3.pkl
FDH,0,0.0,regressor_model_3.pkl
NDPK3,0,0.0,regressor_model_3.pkl
DHAD1_copy2,0,0.0,regressor_model_3.pkl
PHETA1,0,0.0,regressor_model_3.pkl
FALDM,0,0.0,regressor_model_3.pkl
PPND,0,0.0,regressor_model_3.pkl
PPK,0,0.0,regressor_model_3.pkl
PPA,0,0.0,regressor_model_3.pkl
PRASCSi_copy1,0,0.0,regressor_model_3.pkl
AROH,0,0.0,regressor_model_3.pkl
GLUSy,0,0.0,regressor_model_3.pkl
GLYALDDr,0,0.0,regressor_model_3.pkl
LLEUDr,0,0.0,regressor_model_3.pkl
AGMDA,0,0.0,regressor_model_3.pkl
GLYCK,0,0.0,regressor_model_3.pkl
FE3DCITR,0,0.0,regressor_model_3.pkl
TRPS1_copy1,0,0.0,regressor_model_3.pkl
AKGDH,1,0.09283376413575084,regressor_model_3.pkl
IDPh_1,0,0.0,regressor_model_3.pkl
DLYSOXGAT,0,0.0,regressor_model_3.pkl
NDP8,0,0.0,regressor_model_3.pkl
TALA,1,0.027231856811675524,regressor_model_3.pkl
URO_c,0,0.0,regressor_model_3.pkl
PGI,0,0.0,regressor_model_3.pkl
ICL,1,0.0556012125045367,regressor_model_3.pkl
PSCVT_copy1,0,0.0,regressor_model_3.pkl
PGK,0,0.0,regressor_model_3.pkl
HDH,0,0.0,regressor_model_3.pkl
ALDD1,0,0.0,regressor_model_3.pkl
FE3DCITCH,0,0.0,regressor_model_3.pkl
AGPOP,0,0.0,regressor_model_3.pkl
PRAIi_copy2,1,0.0,regressor_model_3.pkl
CBMKr,0,0.0,regressor_model_3.pkl
1PPDCRc,1,0.0,regressor_model_3.pkl
GAPDi_nadp,0,0.0,regressor_model_3.pkl
FE3PYOVDL,0,0.0,regressor_model_3.pkl
PGM,0,0.0,regressor_model_3.pkl
PMANM,0,0.0,regressor_model_3.pkl
ILETA,0,0.0,regressor_model_3.pkl
LEUTA,0,0.0,regressor_model_3.pkl
R15BPK,0,0.0,regressor_model_3.pkl
LYSRC,0,0.0,regressor_model_3.pkl
OXOADLR,1,0.0,regressor_model_3.pkl
TRPS3,0,0.0,regressor_model_3.pkl
H2CO3D,1,0.0,regressor_model_3.pkl
SERAT_copy2,0,0.0,regressor_model_3.pkl
HSK,0,0.0,regressor_model_3.pkl
PPNDH,1,0.0,regressor_model_3.pkl
PSCVT_copy2,0,0.0,regressor_model_3.pkl
G5SD_copy2,0,0.0,regressor_model_3.pkl
ADK1,0,0.0,regressor_model_3.pkl
NTD4,0,0.0,regressor_model_3.pkl
PHETHPTOX3,1,0.0,regressor_model_3.pkl
ALATA_L,0,0.0,regressor_model_3.pkl
MEPCT_1,0,0.0,regressor_model_3.pkl
PDH,0,0.0,regressor_model_3.pkl
MALS,0,0.0,regressor_model_3.pkl
ANHMK,0,0.0,regressor_model_3.pkl
RECOAH7,0,0.0,regressor_model_3.pkl
GLUDxi,0,0.0,regressor_model_3.pkl
TRPS1_copy2,0,0.0,regressor_model_3.pkl
ALLTN,0,0.0,regressor_model_3.pkl
NDPK5,0,0.0,regressor_model_3.pkl
HISTD,0,0.0,regressor_model_3.pkl
ME2,0,0.0,regressor_model_3.pkl
GLXCL,0,0.0,regressor_model_3.pkl
PRPPS,0,0.0,regressor_model_3.pkl
URIH,0,0.0,regressor_model_3.pkl
PPCK,0,0.0,regressor_model_3.pkl
ALAR,0,0.0,regressor_model_3.pkl
HPYRI,1,0.0,regressor_model_3.pkl
PRAIi_copy1,0,0.0,regressor_model_3.pkl
CSPMDDH,0,0.0,regressor_model_3.pkl
MAN1PT2,1,0.0,regressor_model_3.pkl
HCO3E,0,0.0,regressor_model_3.pkl
DHAD1_copy1,0,0.0,regressor_model_3.pkl
APPAT,0,0.0,regressor_model_3.pkl
ADPT,0,0.0,regressor_model_3.pkl
PRASCSi_copy2,0,0.0,regressor_model_3.pkl
CBPS,0,0.0,regressor_model_3.pkl
FRDO7r,0,0.0,regressor_model_3.pkl
TRSARr,0,0.0,regressor_model_3.pkl
G5SD_copy1,0,0.0,regressor_model_3.pkl
GLNS_copy2,0,0.0,regressor_model_3.pkl
FRDO6r,0,0.0,regressor_model_3.pkl
MDH,0,0.0,regressor_model_3.pkl
PPM,0,0.0,regressor_model_3.pkl
PTRCTA2,1,0.07894983673859972,regressor_model_3.pkl
DMALRED,0,0.0,regressor_model_3.pkl
G3PD2,0,0.0,regressor_model_3.pkl
DLYSPYRAT,0,0.007451670451285521,regressor_model_3.pkl
DHSKDH,0,0.0,regressor_model_3.pkl
VALDHr,1,0.0030083812967846586,regressor_model_3.pkl
MEPCT,0,0.0,regressor_model_3.pkl
LSERDHr,0,0.0010640174972618025,regressor_model_3.pkl
G6PDH2r,0,0.0,regressor_model_3.pkl
DHQTi_copy1,0,0.0,regressor_model_3.pkl
DHQTi_copy2,0,0.0,regressor_model_3.pkl
HPYRRx,0,0.0,regressor_model_3.pkl
GLUDy,0,0.0,regressor_model_3.pkl
LTDCL,1,0.0021090272590813955,regressor_model_3.pkl
H2CO3D2,0,0.0,regressor_model_3.pkl
GAPD,1,0.0,regressor_model_3.pkl
SSALy,1,0.0,regressor_model_3.pkl
GLYCTO1,0,0.0,regressor_model_3.pkl
ACS,0,0.0,regressor_model_3.pkl
PDHa,1,0.0,regressor_model_3.pkl
HEPCT,0,0.0,regressor_model_3.pkl
SERAT_copy1,0,0.0,regressor_model_3.pkl
VALTA,0,0.0,regressor_model_3.pkl
SUCOAS,0,0.0,regressor_model_3.pkl
FRDO4r,0,0.0,regressor_model_3.pkl
GLNS_copy1,1,0.003000128757576528,regressor_model_3.pkl
ILEDHr_1,0,0.0,regressor_model_3.pkl
ENO,0,0.0,regressor_model_3.pkl
RBK,0,0.0,regressor_model_3.pkl
ALATRS,0,0.0,regressor_model_3.pkl
PTPATi,0,0.0,regressor_model_3.pkl
FDH,0,0.0,regressor_model_3.pkl
NDPK3,0,0.0,regressor_model_3.pkl
DHAD1_copy2,0,0.0,regressor_model_3.pkl
PHETA1,0,0.0,regressor_model_3.pkl
FALDM,0,0.0,regressor_model_3.pkl
PPND,0,0.0,regressor_model_3.pkl
PPK,0,0.0,regressor_model_3.pkl
PPA,0,0.0,regressor_model_3.pkl
PRASCSi_copy1,0,0.0,regressor_model_3.pkl
AROH,0,0.0,regressor_model_3.pkl
GLUSy,0,0.0,regressor_model_3.pkl
GLYALDDr,0,0.0,regressor_model_3.pkl
LLEUDr,1,0.0,regressor_model_3.pkl
AGMDA,0,0.0,regressor_model_3.pkl
GLYCK,1,0.0,regressor_model_3.pkl
FE3DCITR,0,0.0,regressor_model_3.pkl
TRPS1_copy1,0,0.0,regressor_model_3.pkl
AKGDH,1,0.08914275110785476,regressor_model_3.pkl
IDPh_1,0,0.0,regressor_model_3.pkl
DLYSOXGAT,0,0.0,regressor_model_3.pkl
NDP8,0,0.0,regressor_model_3.pkl
TALA,1,0.012530716756200844,regressor_model_3.pkl
URO_c,0,0.0,regressor_model_3.pkl
PGI,0,0.0,regressor_model_3.pkl
ICL,1,0.05116624056784279,regressor_model_3.pkl
PSCVT_copy1,0,0.0,regressor_model_3.pkl
PGK,0,0.0,regressor_model_3.pkl
HDH,1,0.0,regressor_model_3.pkl
ALDD1,0,0.0,regressor_model_3.pkl
FE3DCITCH,0,0.0,regressor_model_3.pkl
AGPOP,0,0.0,regressor_model_3.pkl
PRAIi_copy2,1,0.005080622400032106,regressor_model_3.pkl
CBMKr,0,0.0,regressor_model_3.pkl
1PPDCRc,0,0.0,regressor_model_3.pkl
GAPDi_nadp,0,0.0,regressor_model_3.pkl
FE3PYOVDL,0,0.0,regressor_model_3.pkl
PGM,0,0.0,regressor_model_3.pkl
PMANM,0,0.0,regressor_model_3.pkl
ILETA,0,0.0,regressor_model_3.pkl
LEUTA,0,0.0,regressor_model_3.pkl
R15BPK,0,0.0,regressor_model_3.pkl
LYSRC,0,0.0,regressor_model_3.pkl
OXOADLR,1,0.0,regressor_model_3.pkl
TRPS3,0,0.0,regressor_model_3.pkl
H2CO3D,0,0.0,regressor_model_3.pkl
SERAT_copy2,0,0.0,regressor_model_3.pkl
HSK,0,0.0,regressor_model_3.pkl
PPNDH,0,0.0,regressor_model_3.pkl
PSCVT_copy2,0,0.0,regressor_model_3.pkl
G5SD_copy2,0,0.0,regressor_model_3.pkl
ADK1,0,0.0,regressor_model_3.pkl
NTD4,0,0.0,regressor_model_3.pkl
PHETHPTOX3,0,0.005563440261117976,regressor_model_3.pkl
ALATA_L,0,0.0,regressor_model_3.pkl
MEPCT_1,1,0.0,regressor_model_3.pkl
PDH,0,0.0,regressor_model_3.pkl
MALS,1,0.0,regressor_model_3.pkl
ANHMK,0,0.0,regressor_model_3.pkl
RECOAH7,0,0.0,regressor_model_3.pkl
GLUDxi,0,0.0,regressor_model_3.pkl
TRPS1_copy2,0,0.0,regressor_model_3.pkl
ALLTN,0,0.0,regressor_model_3.pkl
NDPK5,1,0.0,regressor_model_3.pkl
HISTD,0,0.0,regressor_model_3.pkl
ME2,0,0.0,regressor_model_3.pkl
GLXCL,0,0.0,regressor_model_3.pkl
PRPPS,0,0.0,regressor_model_3.pkl
URIH,0,0.0,regressor_model_3.pkl
PPCK,0,0.0,regressor_model_3.pkl
ALAR,0,0.0,regressor_model_3.pkl
HPYRI,1,0.0,regressor_model_3.pkl
PRAIi_copy1,0,-0.028098411847553795,regressor_model_3.pkl
CSPMDDH,0,0.0,regressor_model_3.pkl
MAN1PT2,1,0.0,regressor_model_3.pkl
HCO3E,1,0.0,regressor_model_3.pkl
DHAD1_copy1,0,0.0,regressor_model_3.pkl
APPAT,0,0.0,regressor_model_3.pkl
ADPT,0,0.0,regressor_model_3.pkl
PRASCSi_copy2,0,0.0,regressor_model_3.pkl
CBPS,0,0.0,regressor_model_3.pkl
FRDO7r,0,0.0,regressor_model_3.pkl
TRSARr,0,0.0,regressor_model_3.pkl
G5SD_copy1,0,0.0,regressor_model_3.pkl
GLNS_copy2,0,0.0,regressor_model_3.pkl
FRDO6r,0,0.0,regressor_model_3.pkl
MDH,0,0.0,regressor_model_3.pkl
PPM,0,0.0,regressor_model_3.pkl
PTRCTA2,1,0.03707668126838029,regressor_model_3.pkl
DMALRED,0,0.0,regressor_model_3.pkl
G3PD2,0,0.0,regressor_model_3.pkl
DLYSPYRAT,1,0.0,regressor_model_3.pkl
DHSKDH,0,0.0,regressor_model_3.pkl
VALDHr,0,0.0,regressor_model_3.pkl
MEPCT,0,0.0,regressor_model_3.pkl
LSERDHr,1,0.0,regressor_model_3.pkl
G6PDH2r,0,0.0,regressor_model_3.pkl
DHQTi_copy1,0,0.0,regressor_model_3.pkl
DHQTi_copy2,0,0.0,regressor_model_3.pkl
HPYRRx,0,0.0,regressor_model_3.pkl
GLUDy,0,0.0,regressor_model_3.pkl
LTDCL,1,0.0,regressor_model_3.pkl
H2CO3D2,0,0.0,regressor_model_3.pkl
GAPD,0,0.0,regressor_model_3.pkl
SSALy,0,0.022994292652534585,regressor_model_3.pkl
GLYCTO1,0,0.0,regressor_model_3.pkl
ACS,0,0.0,regressor_model_3.pkl
PDHa,0,0.0,regressor_model_3.pkl
HEPCT,0,0.0,regressor_model_3.pkl
SERAT_copy1,0,0.0,regressor_model_3.pkl
VALTA,0,0.0,regressor_model_3.pkl
SUCOAS,0,0.0,regressor_model_3.pkl
FRDO4r,0,0.0,regressor_model_3.pkl
GLNS_copy1,0,0.0,regressor_model_3.pkl
ILEDHr_1,0,0.0,regressor_model_3.pkl
ENO,0,0.0,regressor_model_3.pkl
RBK,0,0.0,regressor_model_3.pkl
ALATRS,0,0.0,regressor_model_3.pkl
PTPATi,0,0.0,regressor_model_3.pkl
FDH,0,0.0,regressor_model_3.pkl
NDPK3,0,0.0,regressor_model_3.pkl
DHAD1_copy2,0,0.0,regressor_model_3.pkl
PHETA1,0,0.0,regressor_model_3.pkl
FALDM,0,0.0,regressor_model_3.pkl
PPND,0,0.0,regressor_model_3.pkl
PPK,0,0.0,regressor_model_3.pkl
PPA,0,0.0,regressor_model_3.pkl
PRASCSi_copy1,0,0.0,regressor_model_3.pkl
AROH,0,0.0,regressor_model_3.pkl
GLUSy,0,0.0,regressor_model_3.pkl
GLYALDDr,0,0.0,regressor_model_3.pkl
LLEUDr,0,0.0,regressor_model_3.pkl
AGMDA,0,0.0,regressor_model_3.pkl
GLYCK,0,0.0,regressor_model_3.pkl
FE3DCITR,1,0.0,regressor_model_3.pkl
TRPS1_copy1,0,0.0,regressor_model_3.pkl
AKGDH,1,0.11253824516681771,regressor_model_3.pkl
IDPh_1,0,0.0,regressor_model_3.pkl
DLYSOXGAT,0,0.0,regressor_model_3.pkl
NDP8,0,0.0,regressor_model_3.pkl
TALA,1,0.032463833529384124,regressor_model_3.pkl
URO_c,0,0.0,regressor_model_3.pkl
PGI,0,0.0,regressor_model_3.pkl
ICL,1,0.06714109105159954,regressor_model_3.pkl
PSCVT_copy1,0,0.0,regressor_model_3.pkl
PGK,0,0.0,regressor_model_3.pkl
HDH,0,0.0,regressor_model_3.pkl
ALDD1,0,0.0,regressor_model_3.pkl
FE3DCITCH,0,0.0,regressor_model_3.pkl
AGPOP,0,0.0,regressor_model_3.pkl
PRAIi_copy2,1,0.0,regressor_model_3.pkl
CBMKr,0,0.0,regressor_model_3.pkl
1PPDCRc,0,0.0,regressor_model_3.pkl
GAPDi_nadp,0,0.0,regressor_model_3.pkl
FE3PYOVDL,0,0.0,regressor_model_3.pkl
PGM,0,0.0,regressor_model_3.pkl
PMANM,0,0.0,regressor_model_3.pkl
ILETA,0,0.0,regressor_model_3.pkl
LEUTA,0,-0.014675875405105288,regressor_model_3.pkl
R15BPK,0,0.0,regressor_model_3.pkl
LYSRC,0,0.0,regressor_model_3.pkl
OXOADLR,1,0.0,regressor_model_3.pkl
TRPS3,0,0.0,regressor_model_3.pkl
H2CO3D,0,0.0,regressor_model_3.pkl
SERAT_copy2,0,0.0,regressor_model_3.pkl
HSK,0,0.0,regressor_model_3.pkl
PPNDH,1,0.0,regressor_model_3.pkl
PSCVT_copy2,0,0.0,regressor_model_3.pkl
G5SD_copy2,0,0.0,regressor_model_3.pkl
ADK1,0,0.0,regressor_model_3.pkl
NTD4,0,0.0,regressor_model_3.pkl
PHETHPTOX3,1,0.0,regressor_model_3.pkl
ALATA_L,0,0.0,regressor_model_3.pkl
MEPCT_1,0,0.0,regressor_model_3.pkl
PDH,0,0.0,regressor_model_3.pkl
MALS,1,0.0,regressor_model_3.pkl
ANHMK,0,0.0,regressor_model_3.pkl
RECOAH7,0,0.0,regressor_model_3.pkl
GLUDxi,0,0.0,regressor_model_3.pkl
TRPS1_copy2,0,0.0,regressor_model_3.pkl
ALLTN,0,0.0,regressor_model_3.pkl
NDPK5,1,0.0,regressor_model_3.pkl
HISTD,0,0.0,regressor_model_3.pkl
ME2,0,0.0,regressor_model_3.pkl
GLXCL,0,0.0,regressor_model_3.pkl
PRPPS,0,0.0,regressor_model_3.pkl
URIH,0,0.0,regressor_model_3.pkl
PPCK,0,0.0,regressor_model_3.pkl
ALAR,0,0.0,regressor_model_3.pkl
HPYRI,0,0.0,regressor_model_3.pkl
PRAIi_copy1,0,0.0,regressor_model_3.pkl
CSPMDDH,0,0.0,regressor_model_3.pkl
MAN1PT2,1,0.0,regressor_model_3.pkl
HCO3E,0,0.0,regressor_model_3.pkl
DHAD1_copy1,0,0.0,regressor_model_3.pkl
APPAT,0,0.0,regressor_model_3.pkl
ADPT,0,0.0,regressor_model_3.pkl
PRASCSi_copy2,0,0.0,regressor_model_3.pkl
CBPS,0,0.0,regressor_model_3.pkl
FRDO7r,0,0.0,regressor_model_3.pkl
TRSARr,0,0.0,regressor_model_3.pkl
G5SD_copy1,0,0.0,regressor_model_3.pkl
GLNS_copy2,0,0.0,regressor_model_3.pkl
FRDO6r,0,0.0,regressor_model_3.pkl
MDH,0,0.0,regressor_model_3.pkl
PPM,0,0.0,regressor_model_3.pkl
PTRCTA2,1,0.035756025632666576,regressor_model_3.pkl
DMALRED,0,0.0,regressor_model_3.pkl
G3PD2,0,0.0,regressor_model_3.pkl
DLYSPYRAT,1,0.0,regressor_model_3.pkl
DHSKDH,0,0.0,regressor_model_3.pkl
VALDHr,1,0.002936767116698629,regressor_model_3.pkl
MEPCT,0,0.0,regressor_model_3.pkl
LSERDHr,0,0.0,regressor_model_3.pkl
G6PDH2r,0,0.0,regressor_model_3.pkl
DHQTi_copy1,0,0.0,regressor_model_3.pkl
DHQTi_copy2,0,0.0,regressor_model_3.pkl
HPYRRx,0,0.0,regressor_model_3.pkl
GLUDy,0,0.0,regressor_model_3.pkl
LTDCL,1,0.0,regressor_model_3.pkl
H2CO3D2,0,0.0,regressor_model_3.pkl
GAPD,0,0.0,regressor_model_3.pkl
SSALy,1,0.026520941081691122,regressor_model_3.pkl
GLYCTO1,0,0.0,regressor_model_3.pkl
ACS,0,0.0,regressor_model_3.pkl
PDHa,1,0.0,regressor_model_3.pkl
HEPCT,0,0.0,regressor_model_3.pkl
SERAT_copy1,0,0.0,regressor_model_3.pkl
VALTA,0,0.0,regressor_model_3.pkl
SUCOAS,0,0.0,regressor_model_3.pkl
FRDO4r,0,0.0,regressor_model_3.pkl
GLNS_copy1,1,0.0,regressor_model_3.pkl
ILEDHr_1,0,0.0,regressor_model_3.pkl
ENO,0,0.0,regressor_model_3.pkl
RBK,0,0.0,regressor_model_3.pkl
ALATRS,0,0.0,regressor_model_3.pkl
PTPATi,0,0.0,regressor_model_3.pkl
FDH,0,0.0,regressor_model_3.pkl
NDPK3,0,0.0,regressor_model_3.pkl
DHAD1_copy2,0,0.0,regressor_model_3.pkl
PHETA1,0,0.0,regressor_model_3.pkl
FALDM,0,0.0,regressor_model_3.pkl
PPND,0,0.0,regressor_model_3.pkl
PPK,0,0.0,regressor_model_3.pkl
PPA,0,0.0,regressor_model_3.pkl
PRASCSi_copy1,0,0.004689023651539986,regressor_model_3.pkl
AROH,0,0.0,regressor_model_3.pkl
GLUSy,0,0.0,regressor_model_3.pkl
GLYALDDr,0,0.0,regressor_model_3.pkl
LLEUDr,1,0.0,regressor_model_3.pkl
AGMDA,0,0.0,regressor_model_3.pkl
GLYCK,0,0.0,regressor_model_3.pkl
FE3DCITR,0,0.0,regressor_model_3.pkl
TRPS1_copy1,0,0.0,regressor_model_3.pkl
AKGDH,1,0.12281629602733231,regressor_model_3.pkl
IDPh_1,0,0.0,regressor_model_3.pkl
DLYSOXGAT,0,0.0,regressor_model_3.pkl
NDP8,0,0.0,regressor_model_3.pkl
TALA,1,0.038985133695573555,regressor_model_3.pkl
URO_c,0,0.0,regressor_model_3.pkl
PGI,0,0.0,regressor_model_3.pkl
ICL,1,0.07243486548812374,regressor_model_3.pkl
PSCVT_copy1,0,0.0,regressor_model_3.pkl
PGK,0,0.003597525096626843,regressor_model_3.pkl
HDH,1,0.0,regressor_model_3.pkl
ALDD1,0,0.0,regressor_model_3.pkl
FE3DCITCH,0,0.0,regressor_model_3.pkl
AGPOP,0,0.0,regressor_model_3.pkl
PRAIi_copy2,1,0.0,regressor_model_3.pkl
CBMKr,0,0.0,regressor_model_3.pkl
1PPDCRc,0,0.0,regressor_model_3.pkl
GAPDi_nadp,0,0.0,regressor_model_3.pkl
FE3PYOVDL,0,0.0,regressor_model_3.pkl
PGM,0,0.0,regressor_model_3.pkl
PMANM,0,0.0,regressor_model_3.pkl
ILETA,0,0.0,regressor_model_3.pkl
LEUTA,0,0.0,regressor_model_3.pkl
R15BPK,0,0.0,regressor_model_3.pkl
LYSRC,0,0.0,regressor_model_3.pkl
OXOADLR,1,0.003415435149471291,regressor_model_3.pkl
TRPS3,0,0.0,regressor_model_3.pkl
H2CO3D,0,0.0,regressor_model_3.pkl
SERAT_copy2,0,0.0,regressor_model_3.pkl
HSK,0,0.0,regressor_model_3.pkl
PPNDH,1,0.0,regressor_model_3.pkl
PSCVT_copy2,0,0.0,regressor_model_3.pkl
G5SD_copy2,0,0.0,regressor_model_3.pkl
ADK1,0,0.0,regressor_model_3.pkl
NTD4,0,0.0,regressor_model_3.pkl
PHETHPTOX3,1,0.0,regressor_model_3.pkl
ALATA_L,0,0.0,regressor_model_3.pkl
MEPCT_1,0,0.0,regressor_model_3.pkl
PDH,0,0.0,regressor_model_3.pkl
MALS,1,0.0,regressor_model_3.pkl
ANHMK,0,0.0,regressor_model_3.pkl
RECOAH7,0,0.0,regressor_model_3.pkl
GLUDxi,0,0.0,regressor_model_3.pkl
TRPS1_copy2,0,0.0,regressor_model_3.pkl
ALLTN,0,0.0,regressor_model_3.pkl
NDPK5,0,0.0,regressor_model_3.pkl
HISTD,0,0.0,regressor_model_3.pkl
ME2,0,0.0,regressor_model_3.pkl
GLXCL,0,0.0,regressor_model_3.pkl
PRPPS,0,0.0,regressor_model_3.pkl
URIH,0,0.0,regressor_model_3.pkl
PPCK,0,0.0,regressor_model_3.pkl
ALAR,0,0.0,regressor_model_3.pkl
HPYRI,0,0.0,regressor_model_3.pkl
PRAIi_copy1,0,0.0,regressor_model_3.pkl
CSPMDDH,0,0.0,regressor_model_3.pkl
MAN1PT2,0,0.0,regressor_model_3.pkl
HCO3E,0,0.0,regressor_model_3.pkl
DHAD1_copy1,0,0.0,regressor_model_3.pkl
APPAT,0,0.0,regressor_model_3.pkl
ADPT,0,0.0,regressor_model_3.pkl
PRASCSi_copy2,0,0.0,regressor_model_3.pkl
CBPS,0,0.0,regressor_model_3.pkl
FRDO7r,0,0.0,regressor_model_3.pkl
TRSARr,0,0.0,regressor_model_3.pkl
G5SD_copy1,0,0.0,regressor_model_3.pkl
GLNS_copy2,0,0.0,regressor_model_3.pkl
FRDO6r,0,0.0,regressor_model_3.pkl
MDH,0,0.0,regressor_model_3.pkl
PPM,0,0.0,regressor_model_3.pkl
PTRCTA2,0,0.08901211546889755,regressor_model_3.pkl
DMALRED,0,0.0,regressor_model_3.pkl
G3PD2,0,0.0,regressor_model_3.pkl
DLYSPYRAT,0,0.0,regressor_model_3.pkl
DHSKDH,0,0.0,regressor_model_3.pkl
VALDHr,1,0.0,regressor_model_3.pkl
MEPCT,0,0.0,regressor_model_3.pkl
LSERDHr,1,0.0,regressor_model_3.pkl
G6PDH2r,0,0.0,regressor_model_3.pkl
DHQTi_copy1,0,0.0,regressor_model_3.pkl
DHQTi_copy2,0,0.0,regressor_model_3.pkl
HPYRRx,0,0.0,regressor_model_3.pkl
GLUDy,0,0.0,regressor_model_3.pkl
LTDCL,1,0.0,regressor_model_3.pkl
H2CO3D2,0,0.0,regressor_model_3.pkl
GAPD,0,0.0,regressor_model_3.pkl
SSALy,1,0.0,regressor_model_3.pkl
GLYCTO1,0,0.0,regressor_model_3.pkl
ACS,0,0.0,regressor_model_3.pkl
PDHa,1,0.0,regressor_model_3.pkl
HEPCT,0,0.0,regressor_model_3.pkl
SERAT_copy1,0,0.0,regressor_model_3.pkl
VALTA,0,0.0,regressor_model_3.pkl
SUCOAS,0,0.0,regressor_model_3.pkl
FRDO4r,0,0.0,regressor_model_3.pkl
GLNS_copy1,0,0.0,regressor_model_3.pkl
ILEDHr_1,0,0.0,regressor_model_3.pkl
ENO,0,0.0,regressor_model_3.pkl
RBK,0,0.0,regressor_model_3.pkl
ALATRS,0,0.0,regressor_model_3.pkl
PTPATi,0,0.0,regressor_model_3.pkl
FDH,0,0.0,regressor_model_3.pkl
NDPK3,0,0.0,regressor_model_3.pkl
DHAD1_copy2,0,0.0,regressor_model_3.pkl
PHETA1,0,0.0,regressor_model_3.pkl
FALDM,0,0.0,regressor_model_3.pkl
PPND,0,0.0,regressor_model_3.pkl
PPK,0,0.0,regressor_model_3.pkl
PPA,0,0.0,regressor_model_3.pkl
PRASCSi_copy1,0,0.0,regressor_model_3.pkl
AROH,0,0.0,regressor_model_3.pkl
GLUSy,0,0.0,regressor_model_3.pkl
GLYALDDr,0,0.0,regressor_model_3.pkl
LLEUDr,0,0.0,regressor_model_3.pkl
AGMDA,0,0.0,regressor_model_3.pkl
GLYCK,0,0.0,regressor_model_3.pkl
FE3DCITR,1,0.0,regressor_model_3.pkl
TRPS1_copy1,0,0.0,regressor_model_3.pkl
AKGDH,1,0.10117519573533441,regressor_model_3.pkl
IDPh_1,0,0.0,regressor_model_3.pkl
DLYSOXGAT,0,0.0,regressor_model_3.pkl
NDP8,0,0.0,regressor_model_3.pkl
TALA,1,0.03483208677465824,regressor_model_3.pkl
URO_c,0,0.0,regressor_model_3.pkl
PGI,0,0.0,regressor_model_3.pkl
ICL,1,0.05813417126791126,regressor_model_3.pkl
PSCVT_copy1,0,0.0,regressor_model_3.pkl
PGK,0,0.0,regressor_model_3.pkl
HDH,1,0.0,regressor_model_3.pkl
ALDD1,0,0.0,regressor_model_3.pkl
FE3DCITCH,0,0.0,regressor_model_3.pkl
AGPOP,0,0.0,regressor_model_3.pkl
PRAIi_copy2,1,0.0,regressor_model_3.pkl
CBMKr,0,0.0,regressor_model_3.pkl
1PPDCRc,0,0.0,regressor_model_3.pkl
GAPDi_nadp,0,0.0,regressor_model_3.pkl
FE3PYOVDL,0,0.0,regressor_model_3.pkl
PGM,0,0.0,regressor_model_3.pkl
PMANM,0,0.0,regressor_model_3.pkl
ILETA,0,0.0,regressor_model_3.pkl
LEUTA,0,0.0,regressor_model_3.pkl
R15BPK,0,0.0,regressor_model_3.pkl
LYSRC,0,0.0,regressor_model_3.pkl
OXOADLR,0,0.0,regressor_model_3.pkl
TRPS3,0,0.0,regressor_model_3.pkl
H2CO3D,0,0.0,regressor_model_3.pkl
SERAT_copy2,0,0.0,regressor_model_3.pkl
HSK,0,0.0,regressor_model_3.pkl
PPNDH,0,0.0,regressor_model_3.pkl
PSCVT_copy2,0,0.0,regressor_model_3.pkl
G5SD_copy2,0,0.0,regressor_model_3.pkl
ADK1,0,0.0,regressor_model_3.pkl
NTD4,1,0.0,regressor_model_3.pkl
PHETHPTOX3,1,0.0,regressor_model_3.pkl
ALATA_L,0,0.0,regressor_model_3.pkl
MEPCT_1,0,0.0,regressor_model_3.pkl
PDH,0,0.0,regressor_model_3.pkl
MALS,1,0.0,regressor_model_3.pkl
ANHMK,0,0.0,regressor_model_3.pkl
RECOAH7,0,0.0,regressor_model_3.pkl
GLUDxi,0,0.0,regressor_model_3.pkl
TRPS1_copy2,0,0.0,regressor_model_3.pkl
ALLTN,0,0.0,regressor_model_3.pkl
NDPK5,1,0.0,regressor_model_3.pkl
HISTD,0,0.0,regressor_model_3.pkl
ME2,0,0.0,regressor_model_3.pkl
GLXCL,1,0.0,regressor_model_3.pkl
PRPPS,0,0.0,regressor_model_3.pkl
URIH,0,0.0,regressor_model_3.pkl
PPCK,0,0.0,regressor_model_3.pkl
ALAR,0,0.0,regressor_model_3.pkl
HPYRI,1,0.0,regressor_model_3.pkl
PRAIi_copy1,0,0.0,regressor_model_3.pkl
CSPMDDH,0,0.0,regressor_model_3.pkl
MAN1PT2,1,0.0,regressor_model_3.pkl
HCO3E,0,0.0,regressor_model_3.pkl
DHAD1_copy1,0,0.0,regressor_model_3.pkl
APPAT,0,0.0,regressor_model_3.pkl
ADPT,0,0.0,regressor_model_3.pkl
PRASCSi_copy2,0,0.0,regressor_model_3.pkl
CBPS,0,0.0,regressor_model_3.pkl
FRDO7r,0,0.0,regressor_model_3.pkl
TRSARr,0,0.0,regressor_model_3.pkl
G5SD_copy1,0,0.0,regressor_model_3.pkl
GLNS_copy2,0,0.0,regressor_model_3.pkl
FRDO6r,0,0.0,regressor_model_3.pkl
MDH,0,0.0,regressor_model_3.pkl
PPM,0,0.0,regressor_model_3.pkl
PTRCTA2,1,0.09643348345167073,regressor_model_3.pkl
DMALRED,0,0.0,regressor_model_3.pkl
G3PD2,0,0.0,regressor_model_3.pkl
DLYSPYRAT,0,0.0,regressor_model_3.pkl
DHSKDH,0,0.0,regressor_model_3.pkl
VALDHr,1,0.0,regressor_model_3.pkl
MEPCT,0,0.0,regressor_model_3.pkl
LSERDHr,0,0.0,regressor_model_3.pkl
G6PDH2r,0,0.0,regressor_model_3.pkl
DHQTi_copy1,0,0.0,regressor_model_3.pkl
DHQTi_copy2,0,0.0,regressor_model_3.pkl
HPYRRx,0,0.0,regressor_model_3.pkl
GLUDy,0,0.0,regressor_model_3.pkl
LTDCL,1,0.0,regressor_model_3.pkl
H2CO3D2,0,0.0,regressor_model_3.pkl
GAPD,0,0.0,regressor_model_3.pkl
SSALy,1,0.0,regressor_model_3.pkl
GLYCTO1,0,0.0,regressor_model_3.pkl
ACS,0,0.0,regressor_model_3.pkl
PDHa,1,0.0,regressor_model_3.pkl
HEPCT,0,0.0,regressor_model_3.pkl
SERAT_copy1,0,0.0,regressor_model_3.pkl
VALTA,0,0.0,regressor_model_3.pkl
SUCOAS,0,0.0,regressor_model_3.pkl
FRDO4r,0,0.0,regressor_model_3.pkl
GLNS_copy1,1,0.0,regressor_model_3.pkl
ILEDHr_1,0,0.0,regressor_model_3.pkl
ENO,0,0.0,regressor_model_3.pkl
RBK,0,0.0,regressor_model_3.pkl
ALATRS,0,0.0,regressor_model_3.pkl
PTPATi,0,0.0,regressor_model_3.pkl
FDH,0,0.0,regressor_model_3.pkl
NDPK3,0,0.0,regressor_model_3.pkl
DHAD1_copy2,0,0.0,regressor_model_3.pkl
PHETA1,0,0.0,regressor_model_3.pkl
FALDM,0,0.0,regressor_model_3.pkl
PPND,0,0.0,regressor_model_3.pkl
PPK,0,0.0,regressor_model_3.pkl
PPA,0,0.0,regressor_model_3.pkl
PRASCSi_copy1,0,0.0,regressor_model_3.pkl
AROH,0,0.0,regressor_model_3.pkl
GLUSy,0,0.0,regressor_model_3.pkl
GLYALDDr,1,0.0,regressor_model_3.pkl
LLEUDr,1,0.0,regressor_model_3.pkl
AGMDA,0,0.0,regressor_model_3.pkl
GLYCK,0,0.0,regressor_model_3.pkl
FE3DCITR,0,0.0,regressor_model_3.pkl
TRPS1_copy1,0,0.0,regressor_model_3.pkl
AKGDH,1,0.10534156534003034,regressor_model_3.pkl
IDPh_1,0,0.0,regressor_model_3.pkl
DLYSOXGAT,0,0.0,regressor_model_3.pkl
NDP8,0,0.0,regressor_model_3.pkl
TALA,1,0.0372505618549266,regressor_model_3.pkl
URO_c,0,0.0,regressor_model_3.pkl
PGI,0,0.0,regressor_model_3.pkl
ICL,1,0.06393723819101893,regressor_model_3.pkl
PSCVT_copy1,0,0.0,regressor_model_3.pkl
PGK,0,0.0,regressor_model_3.pkl
HDH,1,0.0,regressor_model_3.pkl
ALDD1,0,0.0,regressor_model_3.pkl
FE3DCITCH,0,0.0,regressor_model_3.pkl
AGPOP,0,0.0,regressor_model_3.pkl
PRAIi_copy2,0,0.0,regressor_model_3.pkl
CBMKr,0,0.0,regressor_model_3.pkl
1PPDCRc,0,0.0,regressor_model_3.pkl
GAPDi_nadp,0,0.0,regressor_model_3.pkl
FE3PYOVDL,0,0.0,regressor_model_3.pkl
PGM,0,0.0,regressor_model_3.pkl
PMANM,0,0.0,regressor_model_3.pkl
ILETA,0,0.0,regressor_model_3.pkl
LEUTA,0,0.0,regressor_model_3.pkl
R15BPK,0,0.0,regressor_model_3.pkl
LYSRC,0,0.0,regressor_model_3.pkl
OXOADLR,1,0.0,regressor_model_3.pkl
TRPS3,0,0.0,regressor_model_3.pkl
H2CO3D,0,0.0,regressor_model_3.pkl
SERAT_copy2,1,0.0,regressor_model_3.pkl
HSK,0,0.0,regressor_model_3.pkl
PPNDH,1,0.0,regressor_model_3.pkl
PSCVT_copy2,0,0.0,regressor_model_3.pkl
G5SD_copy2,0,0.0,regressor_model_3.pkl
ADK1,0,0.0,regressor_model_3.pkl
NTD4,0,0.0,regressor_model_3.pkl
PHETHPTOX3,1,0.0,regressor_model_3.pkl
ALATA_L,0,0.0,regressor_model_3.pkl
MEPCT_1,0,0.0,regressor_model_3.pkl
PDH,0,0.0,regressor_model_3.pkl
MALS,1,0.0,regressor_model_3.pkl
ANHMK,0,0.0,regressor_model_3.pkl
RECOAH7,0,0.0,regressor_model_3.pkl
GLUDxi,0,0.0,regressor_model_3.pkl
TRPS1_copy2,0,0.0,regressor_model_3.pkl
ALLTN,0,0.0,regressor_model_3.pkl
NDPK5,0,0.0,regressor_model_3.pkl
HISTD,0,0.0,regressor_model_3.pkl
ME2,0,0.0,regressor_model_3.pkl
GLXCL,0,0.0,regressor_model_3.pkl
PRPPS,0,0.0,regressor_model_3.pkl
URIH,0,0.0,regressor_model_3.pkl
PPCK,0,0.0,regressor_model_3.pkl
ALAR,0,0.0,regressor_model_3.pkl
HPYRI,0,0.0,regressor_model_3.pkl
PRAIi_copy1,0,0.0,regressor_model_3.pkl
CSPMDDH,0,0.0,regressor_model_3.pkl
MAN1PT2,1,0.0,regressor_model_3.pkl
HCO3E,1,0.0,regressor_model_3.pkl
DHAD1_copy1,0,0.0,regressor_model_3.pkl
APPAT,0,0.0,regressor_model_3.pkl
ADPT,0,0.0,regressor_model_3.pkl
PRASCSi_copy2,0,0.0,regressor_model_3.pkl
CBPS,0,0.0,regressor_model_3.pkl
FRDO7r,0,0.0,regressor_model_3.pkl
TRSARr,0,0.0,regressor_model_3.pkl
G5SD_copy1,0,0.0,regressor_model_3.pkl
GLNS_copy2,0,0.0,regressor_model_3.pkl
FRDO6r,0,0.0,regressor_model_3.pkl
MDH,0,0.0,regressor_model_3.pkl
PPM,0,0.0,regressor_model_3.pkl
PTRCTA2,1,0.08899198393902218,regressor_model_3.pkl
DMALRED,0,0.0,regressor_model_3.pkl
G3PD2,0,0.0,regressor_model_3.pkl
DLYSPYRAT,1,0.0,regressor_model_3.pkl
DHSKDH,0,0.0,regressor_model_3.pkl
VALDHr,1,0.0,regressor_model_3.pkl
MEPCT,0,0.0,regressor_model_3.pkl
LSERDHr,0,0.0,regressor_model_3.pkl
G6PDH2r,0,0.0,regressor_model_3.pkl
DHQTi_copy1,0,0.0,regressor_model_3.pkl
DHQTi_copy2,0,0.0,regressor_model_3.pkl
HPYRRx,0,0.0,regressor_model_3.pkl
GLUDy,0,0.0,regressor_model_3.pkl
LTDCL,1,0.003199224217223799,regressor_model_3.pkl
H2CO3D2,0,0.0,regressor_model_3.pkl
GAPD,0,0.0,regressor_model_3.pkl
SSALy,0,0.0,regressor_model_3.pkl
GLYCTO1,0,0.0,regressor_model_3.pkl
ACS,0,0.0,regressor_model_3.pkl
PDHa,1,0.0,regressor_model_3.pkl
HEPCT,0,0.0,regressor_model_3.pkl
SERAT_copy1,0,0.0,regressor_model_3.pkl
VALTA,0,0.0,regressor_model_3.pkl
SUCOAS,0,0.0,regressor_model_3.pkl
FRDO4r,0,0.0,regressor_model_3.pkl
GLNS_copy1,1,0.0,regressor_model_3.pkl
ILEDHr_1,0,0.0,regressor_model_3.pkl
ENO,0,0.0,regressor_model_3.pkl
RBK,0,0.0,regressor_model_3.pkl
ALATRS,0,0.0,regressor_model_3.pkl
PTPATi,0,0.0,regressor_model_3.pkl
FDH,0,0.0,regressor_model_3.pkl
NDPK3,0,0.0,regressor_model_3.pkl
DHAD1_copy2,0,0.0,regressor_model_3.pkl
PHETA1,0,0.0,regressor_model_3.pkl
FALDM,0,0.0,regressor_model_3.pkl
PPND,0,0.0,regressor_model_3.pkl
PPK,0,0.0,regressor_model_3.pkl
PPA,0,0.0,regressor_model_3.pkl
PRASCSi_copy1,0,0.0,regressor_model_3.pkl
AROH,0,0.0,regressor_model_3.pkl
GLUSy,0,0.0,regressor_model_3.pkl
GLYALDDr,0,0.0,regressor_model_3.pkl
LLEUDr,1,0.0,regressor_model_3.pkl
AGMDA,0,0.0,regressor_model_3.pkl
GLYCK,0,0.0,regressor_model_3.pkl
FE3DCITR,0,0.0035558282788162553,regressor_model_3.pkl
TRPS1_copy1,0,0.0,regressor_model_3.pkl
AKGDH,1,0.10226830329701295,regressor_model_3.pkl
IDPh_1,0,0.0,regressor_model_3.pkl
DLYSOXGAT,0,0.0,regressor_model_3.pkl
NDP8,0,0.0,regressor_model_3.pkl
TALA,1,0.03406084566727661,regressor_model_3.pkl
URO_c,0,0.0,regressor_model_3.pkl
PGI,0,0.0,regressor_model_3.pkl
ICL,1,0.06096056312201731,regressor_model_3.pkl
PSCVT_copy1,0,0.0,regressor_model_3.pkl
PGK,0,0.0,regressor_model_3.pkl
HDH,1,0.0,regressor_model_3.pkl
ALDD1,0,0.0,regressor_model_3.pkl
FE3DCITCH,0,0.0,regressor_model_3.pkl
AGPOP,0,0.0,regressor_model_3.pkl
PRAIi_copy2,0,0.0,regressor_model_3.pkl
CBMKr,0,0.0,regressor_model_3.pkl
1PPDCRc,0,0.0,regressor_model_3.pkl
GAPDi_nadp,0,0.0,regressor_model_3.pkl
FE3PYOVDL,0,0.0,regressor_model_3.pkl
PGM,0,0.0,regressor_model_3.pkl
PMANM,0,0.0,regressor_model_3.pkl
ILETA,0,0.0,regressor_model_3.pkl
LEUTA,0,0.0,regressor_model_3.pkl
R15BPK,0,0.0,regressor_model_3.pkl
LYSRC,0,0.0,regressor_model_3.pkl
OXOADLR,1,0.0,regressor_model_3.pkl
TRPS3,0,0.0,regressor_model_3.pkl
H2CO3D,1,0.0,regressor_model_3.pkl
SERAT_copy2,1,0.0,regressor_model_3.pkl
HSK,0,0.0,regressor_model_3.pkl
PPNDH,1,0.0,regressor_model_3.pkl
PSCVT_copy2,0,0.002855178954831117,regressor_model_3.pkl
G5SD_copy2,0,0.0,regressor_model_3.pkl
ADK1,0,0.0,regressor_model_3.pkl
NTD4,0,0.0,regressor_model_3.pkl
PHETHPTOX3,0,0.0,regressor_model_3.pkl
ALATA_L,0,0.0,regressor_model_3.pkl
MEPCT_1,0,0.0,regressor_model_3.pkl
PDH,0,0.0,regressor_model_3.pkl
MALS,0,0.0,regressor_model_3.pkl
ANHMK,0,0.0,regressor_model_3.pkl
RECOAH7,0,0.0,regressor_model_3.pkl
GLUDxi,0,0.0,regressor_model_3.pkl
TRPS1_copy2,0,0.0,regressor_model_3.pkl
ALLTN,0,0.0,regressor_model_3.pkl
NDPK5,1,0.0,regressor_model_3.pkl
HISTD,0,0.0,regressor_model_3.pkl
ME2,0,0.0,regressor_model_3.pkl
GLXCL,0,0.0,regressor_model_3.pkl
PRPPS,0,0.0,regressor_model_3.pkl
URIH,0,0.0,regressor_model_3.pkl
PPCK,0,0.0,regressor_model_3.pkl
ALAR,0,0.0,regressor_model_3.pkl
HPYRI,0,0.0,regressor_model_3.pkl
PRAIi_copy1,0,0.0,regressor_model_3.pkl
CSPMDDH,0,0.0,regressor_model_3.pkl
MAN1PT2,1,0.0,regressor_model_3.pkl
HCO3E,0,0.0,regressor_model_3.pkl
DHAD1_copy1,0,0.0,regressor_model_3.pkl
APPAT,0,0.0,regressor_model_3.pkl
ADPT,0,0.0,regressor_model_3.pkl
PRASCSi_copy2,0,0.0,regressor_model_3.pkl
CBPS,0,0.0,regressor_model_3.pkl
FRDO7r,0,0.0,regressor_model_3.pkl
TRSARr,0,0.0,regressor_model_3.pkl
G5SD_copy1,0,0.0,regressor_model_3.pkl
GLNS_copy2,0,0.0,regressor_model_3.pkl
FRDO6r,0,0.0,regressor_model_3.pkl
MDH,0,0.0,regressor_model_3.pkl
PPM,1,0.0,regressor_model_3.pkl
PTRCTA2,0,0.030688980170216713,regressor_model_3.pkl
DMALRED,0,0.0,regressor_model_3.pkl
G3PD2,0,0.0,regressor_model_3.pkl
DLYSPYRAT,0,0.0,regressor_model_3.pkl
DHSKDH,0,0.0,regressor_model_3.pkl
VALDHr,1,0.0,regressor_model_3.pkl
MEPCT,0,0.0,regressor_model_3.pkl
LSERDHr,0,0.0,regressor_model_3.pkl
G6PDH2r,0,0.0,regressor_model_3.pkl
DHQTi_copy1,0,0.0,regressor_model_3.pkl
DHQTi_copy2,0,0.0,regressor_model_3.pkl
HPYRRx,0,0.0,regressor_model_3.pkl
GLUDy,0,0.0,regressor_model_3.pkl
LTDCL,1,0.0,regressor_model_3.pkl
H2CO3D2,0,0.0,regressor_model_3.pkl
GAPD,0,0.0,regressor_model_3.pkl
SSALy,1,0.026876116397406516,regressor_model_3.pkl
GLYCTO1,0,0.0,regressor_model_3.pkl
ACS,0,0.0,regressor_model_3.pkl
PDHa,1,0.0,regressor_model_3.pkl
HEPCT,0,0.0,regressor_model_3.pkl
SERAT_copy1,0,0.0,regressor_model_3.pkl
VALTA,0,0.0,regressor_model_3.pkl
SUCOAS,0,0.0,regressor_model_3.pkl
FRDO4r,0,0.0,regressor_model_3.pkl
GLNS_copy1,1,0.0,regressor_model_3.pkl
ILEDHr_1,0,0.0,regressor_model_3.pkl
ENO,0,0.0,regressor_model_3.pkl
RBK,0,0.0,regressor_model_3.pkl
ALATRS,0,0.0,regressor_model_3.pkl
PTPATi,0,0.0,regressor_model_3.pkl
FDH,0,0.0,regressor_model_3.pkl
NDPK3,0,0.0,regressor_model_3.pkl
DHAD1_copy2,0,0.0,regressor_model_3.pkl
PHETA1,0,0.0,regressor_model_3.pkl
FALDM,0,0.0,regressor_model_3.pkl
PPND,0,0.0,regressor_model_3.pkl
PPK,0,0.0,regressor_model_3.pkl
PPA,0,0.0,regressor_model_3.pkl
PRASCSi_copy1,0,0.0,regressor_model_3.pkl
AROH,0,0.0,regressor_model_3.pkl
GLUSy,0,0.0,regressor_model_3.pkl
GLYALDDr,0,0.0035132126518872936,regressor_model_3.pkl
LLEUDr,1,0.0,regressor_model_3.pkl
AGMDA,0,0.0,regressor_model_3.pkl
GLYCK,0,0.0,regressor_model_3.pkl
FE3DCITR,0,0.0,regressor_model_3.pkl
TRPS1_copy1,0,0.0,regressor_model_3.pkl
AKGDH,1,0.11404604588814585,regressor_model_3.pkl
IDPh_1,0,0.0,regressor_model_3.pkl
DLYSOXGAT,0,0.0,regressor_model_3.pkl
NDP8,0,0.0,regressor_model_3.pkl
TALA,1,0.029505833165608848,regressor_model_3.pkl
URO_c,0,0.0,regressor_model_3.pkl
PGI,0,0.0,regressor_model_3.pkl
ICL,1,0.06475753552575755,regressor_model_3.pkl
PSCVT_copy1,0,0.0,regressor_model_3.pkl
PGK,0,0.0,regressor_model_3.pkl
HDH,0,0.0,regressor_model_3.pkl
ALDD1,0,0.0,regressor_model_3.pkl
FE3DCITCH,0,0.0,regressor_model_3.pkl
AGPOP,0,0.0,regressor_model_3.pkl
PRAIi_copy2,0,0.0,regressor_model_3.pkl
CBMKr,0,0.0,regressor_model_3.pkl
1PPDCRc,0,0.0,regressor_model_3.pkl
GAPDi_nadp,0,0.0,regressor_model_3.pkl
FE3PYOVDL,0,0.0,regressor_model_3.pkl
PGM,0,0.0,regressor_model_3.pkl
PMANM,0,0.0,regressor_model_3.pkl
ILETA,0,0.0,regressor_model_3.pkl
LEUTA,0,0.0,regressor_model_3.pkl
R15BPK,0,0.0,regressor_model_3.pkl
LYSRC,0,0.0,regressor_model_3.pkl
OXOADLR,1,0.0,regressor_model_3.pkl
TRPS3,0,0.0,regressor_model_3.pkl
H2CO3D,0,0.0,regressor_model_3.pkl
SERAT_copy2,0,0.0,regressor_model_3.pkl
HSK,0,0.0,regressor_model_3.pkl
PPNDH,1,0.0,regressor_model_3.pkl
PSCVT_copy2,0,0.0,regressor_model_3.pkl
G5SD_copy2,0,0.0,regressor_model_3.pkl
ADK1,0,0.0,regressor_model_3.pkl
NTD4,0,0.0,regressor_model_3.pkl
PHETHPTOX3,1,0.0,regressor_model_3.pkl
ALATA_L,0,0.0,regressor_model_3.pkl
MEPCT_1,0,0.0,regressor_model_3.pkl
PDH,0,0.0,regressor_model_3.pkl
MALS,0,0.0,regressor_model_3.pkl
ANHMK,0,0.0,regressor_model_3.pkl
RECOAH7,0,0.0,regressor_model_3.pkl
GLUDxi,0,0.0,regressor_model_3.pkl
TRPS1_copy2,0,0.0,regressor_model_3.pkl
ALLTN,0,0.0,regressor_model_3.pkl
NDPK5,0,0.0,regressor_model_3.pkl
HISTD,0,0.0,regressor_model_3.pkl
ME2,0,0.0,regressor_model_3.pkl
GLXCL,0,0.0,regressor_model_3.pkl
PRPPS,0,0.0,regressor_model_3.pkl
URIH,0,0.0,regressor_model_3.pkl
PPCK,0,0.0,regressor_model_3.pkl
ALAR,0,0.0,regressor_model_3.pkl
HPYRI,0,0.0,regressor_model_3.pkl
PRAIi_copy1,0,0.0,regressor_model_3.pkl
CSPMDDH,0,0.0,regressor_model_3.pkl
MAN1PT2,1,0.0,regressor_model_3.pkl
HCO3E,0,0.0,regressor_model_3.pkl
DHAD1_copy1,0,0.0,regressor_model_3.pkl
APPAT,0,0.0,regressor_model_3.pkl
ADPT,0,0.0,regressor_model_3.pkl
PRASCSi_copy2,0,0.0,regressor_model_3.pkl
CBPS,0,0.0,regressor_model_3.pkl
FRDO7r,0,0.0,regressor_model_3.pkl
TRSARr,0,0.0,regressor_model_3.pkl
G5SD_copy1,0,0.0,regressor_model_3.pkl
GLNS_copy2,0,0.0,regressor_model_3.pkl
FRDO6r,0,0.0,regressor_model_3.pkl
MDH,0,0.0,regressor_model_3.pkl
PPM,0,0.0,regressor_model_3.pkl
PTRCTA2,0,0.0,regressor_model_3.pkl
DMALRED,0,0.0,regressor_model_3.pkl
G3PD2,0,0.0,regressor_model_3.pkl
DLYSPYRAT,0,0.0,regressor_model_3.pkl
DHSKDH,0,0.0,regressor_model_3.pkl
VALDHr,1,0.0,regressor_model_3.pkl
MEPCT,0,0.0,regressor_model_3.pkl
LSERDHr,0,0.0,regressor_model_3.pkl
G6PDH2r,0,0.0,regressor_model_3.pkl
DHQTi_copy1,0,0.0,regressor_model_3.pkl
DHQTi_copy2,0,0.0,regressor_model_3.pkl
HPYRRx,0,0.0,regressor_model_3.pkl
GLUDy,0,0.0,regressor_model_3.pkl
LTDCL,0,0.0,regressor_model_3.pkl
H2CO3D2,0,0.0,regressor_model_3.pkl
GAPD,0,0.0,regressor_model_3.pkl
SSALy,1,0.09535796582435097,regressor_model_3.pkl
GLYCTO1,0,0.0,regressor_model_3.pkl
ACS,0,0.0,regressor_model_3.pkl
PDHa,1,0.0,regressor_model_3.pkl
HEPCT,0,0.0,regressor_model_3.pkl
SERAT_copy1,0,0.0,regressor_model_3.pkl
VALTA,0,0.0,regressor_model_3.pkl
SUCOAS,0,0.002003954436065362,regressor_model_3.pkl
FRDO4r,0,0.0,regressor_model_3.pkl
GLNS_copy1,1,0.002391745055083489,regressor_model_3.pkl
ILEDHr_1,0,0.0,regressor_model_3.pkl
ENO,0,0.0,regressor_model_3.pkl
RBK,0,0.0,regressor_model_3.pkl
ALATRS,0,0.0,regressor_model_3.pkl
PTPATi,0,0.0,regressor_model_3.pkl
FDH,0,0.0,regressor_model_3.pkl
NDPK3,0,0.0,regressor_model_3.pkl
DHAD1_copy2,0,0.0,regressor_model_3.pkl
PHETA1,0,0.0,regressor_model_3.pkl
FALDM,0,0.0,regressor_model_3.pkl
PPND,0,0.0,regressor_model_3.pkl
PPK,0,0.0,regressor_model_3.pkl
PPA,0,0.0,regressor_model_3.pkl
PRASCSi_copy1,0,0.0,regressor_model_3.pkl
AROH,0,0.0,regressor_model_3.pkl
GLUSy,0,0.0,regressor_model_3.pkl
GLYALDDr,0,0.0,regressor_model_3.pkl
LLEUDr,0,0.0,regressor_model_3.pkl
AGMDA,0,0.0,regressor_model_3.pkl
GLYCK,0,0.0,regressor_model_3.pkl
FE3DCITR,0,0.0,regressor_model_3.pkl
TRPS1_copy1,0,0.0,regressor_model_3.pkl
AKGDH,1,0.0987083324509799,regressor_model_3.pkl
IDPh_1,0,0.0,regressor_model_3.pkl
DLYSOXGAT,0,0.0,regressor_model_3.pkl
NDP8,0,0.0,regressor_model_3.pkl
TALA,1,0.030932297042006028,regressor_model_3.pkl
URO_c,0,0.0,regressor_model_3.pkl
PGI,0,0.0,regressor_model_3.pkl
ICL,1,0.05879134930741588,regressor_model_3.pkl
PSCVT_copy1,0,0.0,regressor_model_3.pkl
PGK,0,0.0,regressor_model_3.pkl
HDH,0,0.0,regressor_model_3.pkl
ALDD1,0,0.0,regressor_model_3.pkl
FE3DCITCH,0,0.0,regressor_model_3.pkl
AGPOP,0,0.0,regressor_model_3.pkl
PRAIi_copy2,1,0.0,regressor_model_3.pkl
CBMKr,0,0.0,regressor_model_3.pkl
1PPDCRc,0,0.0,regressor_model_3.pkl
GAPDi_nadp,0,0.0,regressor_model_3.pkl
FE3PYOVDL,0,0.0,regressor_model_3.pkl
PGM,0,0.0,regressor_model_3.pkl
PMANM,0,0.0,regressor_model_3.pkl
ILETA,0,0.0,regressor_model_3.pkl
LEUTA,0,0.0,regressor_model_3.pkl
R15BPK,0,0.0,regressor_model_3.pkl
LYSRC,0,0.0,regressor_model_3.pkl
OXOADLR,0,0.0,regressor_model_3.pkl
TRPS3,0,0.0,regressor_model_3.pkl
H2CO3D,0,0.0,regressor_model_3.pkl
SERAT_copy2,0,0.0,regressor_model_3.pkl
HSK,0,0.0,regressor_model_3.pkl
PPNDH,0,0.0,regressor_model_3.pkl
PSCVT_copy2,0,0.0,regressor_model_3.pkl
G5SD_copy2,0,0.0,regressor_model_3.pkl
ADK1,0,0.0,regressor_model_3.pkl
NTD4,0,0.0,regressor_model_3.pkl
PHETHPTOX3,0,0.0,regressor_model_3.pkl
ALATA_L,0,0.0,regressor_model_3.pkl
MEPCT_1,0,0.0,regressor_model_3.pkl
PDH,0,0.0,regressor_model_3.pkl
MALS,0,0.0,regressor_model_3.pkl
ANHMK,0,0.0,regressor_model_3.pkl
RECOAH7,0,0.0,regressor_model_3.pkl
GLUDxi,0,0.0,regressor_model_3.pkl
TRPS1_copy2,0,0.0,regressor_model_3.pkl
ALLTN,1,0.0,regressor_model_3.pkl
NDPK5,0,0.0,regressor_model_3.pkl
HISTD,0,0.0,regressor_model_3.pkl
ME2,0,0.0,regressor_model_3.pkl
GLXCL,0,0.0022686820026001087,regressor_model_3.pkl
PRPPS,0,0.0,regressor_model_3.pkl
URIH,0,0.0,regressor_model_3.pkl
PPCK,0,0.0,regressor_model_3.pkl
ALAR,0,0.0,regressor_model_3.pkl
HPYRI,0,0.0,regressor_model_3.pkl
PRAIi_copy1,0,0.0,regressor_model_3.pkl
CSPMDDH,0,0.0,regressor_model_3.pkl
MAN1PT2,1,0.0,regressor_model_3.pkl
HCO3E,0,0.0,regressor_model_3.pkl
DHAD1_copy1,0,0.0,regressor_model_3.pkl
APPAT,0,0.0,regressor_model_3.pkl
ADPT,0,0.0,regressor_model_3.pkl
PRASCSi_copy2,0,0.0,regressor_model_3.pkl
CBPS,0,0.0,regressor_model_3.pkl
FRDO7r,0,0.0,regressor_model_3.pkl
TRSARr,0,0.0,regressor_model_3.pkl
G5SD_copy1,0,0.0,regressor_model_3.pkl
GLNS_copy2,0,0.0,regressor_model_3.pkl
FRDO6r,0,0.0,regressor_model_3.pkl
MDH,0,0.0,regressor_model_3.pkl
PPM,0,0.0,regressor_model_3.pkl
PTRCTA2,1,0.00751115258485643,regressor_model_4.pkl
DMALRED,0,0.000841943011901785,regressor_model_4.pkl
G3PD2,0,0.0,regressor_model_4.pkl
DLYSPYRAT,0,0.0,regressor_model_4.pkl
DHSKDH,0,0.0,regressor_model_4.pkl
VALDHr,1,0.0,regressor_model_4.pkl
MEPCT,0,0.0,regressor_model_4.pkl
LSERDHr,0,0.0,regressor_model_4.pkl
G6PDH2r,1,0.00417404840110935,regressor_model_4.pkl
DHQTi_copy1,1,0.002191370824429979,regressor_model_4.pkl
DHQTi_copy2,0,0.000964483056196372,regressor_model_4.pkl
HPYRRx,1,0.0020179830544352737,regressor_model_4.pkl
GLUDy,1,0.0014444300495623313,regressor_model_4.pkl
LTDCL,0,0.0,regressor_model_4.pkl
H2CO3D2,0,0.002563144004851218,regressor_model_4.pkl
GAPD,0,0.0,regressor_model_4.pkl
SSALy,1,0.01807238598756625,regressor_model_4.pkl
GLYCTO1,0,0.0,regressor_model_4.pkl
ACS,0,0.0,regressor_model_4.pkl
PDHa,0,0.0018816951105802128,regressor_model_4.pkl
HEPCT,0,0.0008767774679571704,regressor_model_4.pkl
SERAT_copy1,0,0.0,regressor_model_4.pkl
VALTA,0,0.0,regressor_model_4.pkl
SUCOAS,1,0.08376582802113147,regressor_model_4.pkl
FRDO4r,0,0.0,regressor_model_4.pkl
GLNS_copy1,0,0.0,regressor_model_4.pkl
ILEDHr_1,0,0.0,regressor_model_4.pkl
ENO,0,0.0,regressor_model_4.pkl
RBK,0,0.0,regressor_model_4.pkl
ALATRS,0,0.0,regressor_model_4.pkl
PTPATi,1,0.0,regressor_model_4.pkl
FDH,0,0.0,regressor_model_4.pkl
NDPK3,0,0.0,regressor_model_4.pkl
DHAD1_copy2,0,0.0,regressor_model_4.pkl
PHETA1,0,0.0,regressor_model_4.pkl
FALDM,0,0.0,regressor_model_4.pkl
PPND,0,0.0,regressor_model_4.pkl
PPK,1,0.0,regressor_model_4.pkl
PPA,1,0.0,regressor_model_4.pkl
PRASCSi_copy1,0,0.0,regressor_model_4.pkl
AROH,0,0.0007535051205097813,regressor_model_4.pkl
GLUSy,1,0.009154081650946546,regressor_model_4.pkl
GLYALDDr,0,0.0,regressor_model_4.pkl
LLEUDr,0,0.0,regressor_model_4.pkl
AGMDA,0,0.0,regressor_model_4.pkl
GLYCK,0,0.0005698973868765606,regressor_model_4.pkl
FE3DCITR,1,0.0014949695104105242,regressor_model_4.pkl
TRPS1_copy1,0,0.0,regressor_model_4.pkl
AKGDH,0,0.006480730581028224,regressor_model_4.pkl
IDPh_1,0,0.0,regressor_model_4.pkl
DLYSOXGAT,0,0.0,regressor_model_4.pkl
NDP8,0,0.0,regressor_model_4.pkl
TALA,1,0.013980152674064543,regressor_model_4.pkl
URO_c,1,0.0018894052417880657,regressor_model_4.pkl
PGI,0,0.0,regressor_model_4.pkl
ICL,1,0.048214825937742366,regressor_model_4.pkl
PSCVT_copy1,0,0.0,regressor_model_4.pkl
PGK,0,0.002167798694920467,regressor_model_4.pkl
HDH,0,0.0,regressor_model_4.pkl
ALDD1,0,0.0,regressor_model_4.pkl
FE3DCITCH,0,0.0,regressor_model_4.pkl
AGPOP,1,0.0,regressor_model_4.pkl
PRAIi_copy2,0,0.0,regressor_model_4.pkl
CBMKr,0,0.0,regressor_model_4.pkl
1PPDCRc,0,0.0,regressor_model_4.pkl
GAPDi_nadp,0,0.0013815338227999296,regressor_model_4.pkl
FE3PYOVDL,0,0.0,regressor_model_4.pkl
PGM,0,0.0,regressor_model_4.pkl
PMANM,1,0.00516582095106194,regressor_model_4.pkl
ILETA,0,0.0,regressor_model_4.pkl
LEUTA,0,0.0,regressor_model_4.pkl
R15BPK,1,0.0037095945890316157,regressor_model_4.pkl
LYSRC,0,0.0,regressor_model_4.pkl
OXOADLR,0,0.0,regressor_model_4.pkl
TRPS3,0,0.0,regressor_model_4.pkl
H2CO3D,0,0.0,regressor_model_4.pkl
SERAT_copy2,1,0.0037202874841096795,regressor_model_4.pkl
HSK,1,0.0005157936157352918,regressor_model_4.pkl
PPNDH,0,0.0,regressor_model_4.pkl
PSCVT_copy2,0,0.0,regressor_model_4.pkl
G5SD_copy2,0,0.0,regressor_model_4.pkl
ADK1,0,0.0,regressor_model_4.pkl
NTD4,0,0.0,regressor_model_4.pkl
PHETHPTOX3,0,0.0,regressor_model_4.pkl
ALATA_L,0,0.0,regressor_model_4.pkl
MEPCT_1,1,0.012570815428223034,regressor_model_4.pkl
PDH,0,0.0,regressor_model_4.pkl
MALS,0,0.0,regressor_model_4.pkl
ANHMK,0,0.0,regressor_model_4.pkl
RECOAH7,0,0.0,regressor_model_4.pkl
GLUDxi,0,0.0,regressor_model_4.pkl
TRPS1_copy2,1,0.0016578054158786657,regressor_model_4.pkl
ALLTN,0,0.0006480497040651821,regressor_model_4.pkl
NDPK5,0,0.0006615833724212085,regressor_model_4.pkl
HISTD,1,0.0,regressor_model_4.pkl
ME2,0,0.0,regressor_model_4.pkl
GLXCL,0,0.0,regressor_model_4.pkl
PRPPS,0,0.0,regressor_model_4.pkl
URIH,1,0.0,regressor_model_4.pkl
PPCK,0,0.0,regressor_model_4.pkl
ALAR,1,0.0,regressor_model_4.pkl
HPYRI,0,0.0,regressor_model_4.pkl
PRAIi_copy1,0,0.0,regressor_model_4.pkl
CSPMDDH,0,0.0,regressor_model_4.pkl
MAN1PT2,0,0.0,regressor_model_4.pkl
HCO3E,0,0.0,regressor_model_4.pkl
DHAD1_copy1,0,0.0,regressor_model_4.pkl
APPAT,0,0.0,regressor_model_4.pkl
ADPT,1,0.005020603375047747,regressor_model_4.pkl
PRASCSi_copy2,0,0.0,regressor_model_4.pkl
CBPS,0,0.0,regressor_model_4.pkl
FRDO7r,0,0.0,regressor_model_4.pkl
TRSARr,0,0.0,regressor_model_4.pkl
G5SD_copy1,0,0.0,regressor_model_4.pkl
GLNS_copy2,0,0.0,regressor_model_4.pkl
FRDO6r,0,0.0,regressor_model_4.pkl
MDH,1,0.0013558901058472184,regressor_model_4.pkl
PPM,0,0.0,regressor_model_4.pkl
PTRCTA2,1,0.00565382285030282,regressor_model_4.pkl
DMALRED,0,0.0,regressor_model_4.pkl
G3PD2,0,0.0029281649690442615,regressor_model_4.pkl
DLYSPYRAT,0,0.0,regressor_model_4.pkl
DHSKDH,0,0.0,regressor_model_4.pkl
VALDHr,0,0.0,regressor_model_4.pkl
MEPCT,0,0.0,regressor_model_4.pkl
LSERDHr,0,0.0,regressor_model_4.pkl
G6PDH2r,1,0.006887750986812194,regressor_model_4.pkl
DHQTi_copy1,0,0.0,regressor_model_4.pkl
DHQTi_copy2,0,0.0,regressor_model_4.pkl
HPYRRx,0,0.0,regressor_model_4.pkl
GLUDy,0,0.0,regressor_model_4.pkl
LTDCL,1,0.0,regressor_model_4.pkl
H2CO3D2,0,0.0,regressor_model_4.pkl
GAPD,0,0.0,regressor_model_4.pkl
SSALy,1,0.0789160055429218,regressor_model_4.pkl
GLYCTO1,0,0.0,regressor_model_4.pkl
ACS,0,0.0,regressor_model_4.pkl
PDHa,1,0.0,regressor_model_4.pkl
HEPCT,1,0.0,regressor_model_4.pkl
SERAT_copy1,0,0.0,regressor_model_4.pkl
VALTA,1,0.0,regressor_model_4.pkl
SUCOAS,1,0.0,regressor_model_4.pkl
FRDO4r,0,0.0,regressor_model_4.pkl
GLNS_copy1,0,0.0,regressor_model_4.pkl
ILEDHr_1,1,0.0,regressor_model_4.pkl
ENO,0,0.0,regressor_model_4.pkl
RBK,0,0.0,regressor_model_4.pkl
ALATRS,0,0.0,regressor_model_4.pkl
PTPATi,0,0.0,regressor_model_4.pkl
FDH,0,0.0,regressor_model_4.pkl
NDPK3,0,0.0,regressor_model_4.pkl
DHAD1_copy2,0,0.0,regressor_model_4.pkl
PHETA1,0,0.0,regressor_model_4.pkl
FALDM,0,0.0,regressor_model_4.pkl
PPND,0,0.0,regressor_model_4.pkl
PPK,0,0.002849928052367844,regressor_model_4.pkl
PPA,0,0.0,regressor_model_4.pkl
PRASCSi_copy1,0,0.0,regressor_model_4.pkl
AROH,0,0.0,regressor_model_4.pkl
GLUSy,0,0.0,regressor_model_4.pkl
GLYALDDr,1,0.0,regressor_model_4.pkl
LLEUDr,0,0.0,regressor_model_4.pkl
AGMDA,1,0.0,regressor_model_4.pkl
GLYCK,0,0.0,regressor_model_4.pkl
FE3DCITR,0,0.0,regressor_model_4.pkl
TRPS1_copy1,1,0.0,regressor_model_4.pkl
AKGDH,0,0.08047368614624437,regressor_model_4.pkl
IDPh_1,1,0.0,regressor_model_4.pkl
DLYSOXGAT,0,0.0,regressor_model_4.pkl
NDP8,0,0.0,regressor_model_4.pkl
TALA,1,0.03612163836952631,regressor_model_4.pkl
URO_c,0,0.0,regressor_model_4.pkl
PGI,1,0.0,regressor_model_4.pkl
ICL,1,0.05450050322453817,regressor_model_4.pkl
PSCVT_copy1,0,0.0,regressor_model_4.pkl
PGK,0,0.0,regressor_model_4.pkl
HDH,0,0.0,regressor_model_4.pkl
ALDD1,0,0.0,regressor_model_4.pkl
FE3DCITCH,0,0.0,regressor_model_4.pkl
AGPOP,0,0.0,regressor_model_4.pkl
PRAIi_copy2,1,0.0,regressor_model_4.pkl
CBMKr,0,0.0,regressor_model_4.pkl
1PPDCRc,0,0.0,regressor_model_4.pkl
GAPDi_nadp,0,0.0,regressor_model_4.pkl
FE3PYOVDL,0,0.0,regressor_model_4.pkl
PGM,0,0.0,regressor_model_4.pkl
PMANM,0,0.0,regressor_model_4.pkl
ILETA,0,0.0,regressor_model_4.pkl
LEUTA,0,0.0,regressor_model_4.pkl
R15BPK,0,0.0,regressor_model_4.pkl
LYSRC,0,0.0,regressor_model_4.pkl
OXOADLR,0,0.0,regressor_model_4.pkl
TRPS3,1,0.0,regressor_model_4.pkl
H2CO3D,0,0.0,regressor_model_4.pkl
SERAT_copy2,1,0.0,regressor_model_4.pkl
HSK,0,0.0,regressor_model_4.pkl
PPNDH,0,0.0,regressor_model_4.pkl
PSCVT_copy2,0,0.0,regressor_model_4.pkl
G5SD_copy2,0,0.0,regressor_model_4.pkl
ADK1,1,0.0,regressor_model_4.pkl
NTD4,0,0.0,regressor_model_4.pkl
PHETHPTOX3,0,0.0,regressor_model_4.pkl
ALATA_L,1,0.002139380112116605,regressor_model_4.pkl
MEPCT_1,0,0.0,regressor_model_4.pkl
PDH,0,0.0,regressor_model_4.pkl
MALS,0,0.00270078777661371,regressor_model_4.pkl
ANHMK,1,0.0,regressor_model_4.pkl
RECOAH7,0,0.002088734465849011,regressor_model_4.pkl
GLUDxi,0,0.0,regressor_model_4.pkl
TRPS1_copy2,0,0.0,regressor_model_4.pkl
ALLTN,0,0.0,regressor_model_4.pkl
NDPK5,0,0.0,regressor_model_4.pkl
HISTD,0,-0.023283404823143568,regressor_model_4.pkl
ME2,0,0.0,regressor_model_4.pkl
GLXCL,0,0.0,regressor_model_4.pkl
PRPPS,0,0.0,regressor_model_4.pkl
URIH,0,0.0,regressor_model_4.pkl
PPCK,0,0.00243875062746312,regressor_model_4.pkl
ALAR,0,0.0,regressor_model_4.pkl
HPYRI,0,0.0,regressor_model_4.pkl
PRAIi_copy1,0,0.0,regressor_model_4.pkl
CSPMDDH,1,0.0,regressor_model_4.pkl
MAN1PT2,0,0.0,regressor_model_4.pkl
HCO3E,0,0.0,regressor_model_4.pkl
DHAD1_copy1,0,0.0,regressor_model_4.pkl
APPAT,0,0.0,regressor_model_4.pkl
ADPT,1,0.0,regressor_model_4.pkl
PRASCSi_copy2,0,0.0,regressor_model_4.pkl
CBPS,0,0.0,regressor_model_4.pkl
FRDO7r,0,0.0,regressor_model_4.pkl
TRSARr,0,0.0,regressor_model_4.pkl
G5SD_copy1,0,0.0,regressor_model_4.pkl
GLNS_copy2,0,0.0,regressor_model_4.pkl
FRDO6r,1,0.0,regressor_model_4.pkl
MDH,1,0.0,regressor_model_4.pkl
PPM,0,0.0028168220954702394,regressor_model_4.pkl
PTRCTA2,0,0.07848118615072155,regressor_model_4.pkl
DMALRED,0,0.0,regressor_model_4.pkl
G3PD2,0,0.0,regressor_model_4.pkl
DLYSPYRAT,0,0.0,regressor_model_4.pkl
DHSKDH,1,0.0,regressor_model_4.pkl
VALDHr,0,0.002998343279167257,regressor_model_4.pkl
MEPCT,0,0.0,regressor_model_4.pkl
LSERDHr,0,0.0,regressor_model_4.pkl
G6PDH2r,0,0.0,regressor_model_4.pkl
DHQTi_copy1,0,0.0,regressor_model_4.pkl
DHQTi_copy2,0,0.0,regressor_model_4.pkl
HPYRRx,0,0.0,regressor_model_4.pkl
GLUDy,1,0.0,regressor_model_4.pkl
LTDCL,0,0.0,regressor_model_4.pkl
H2CO3D2,0,0.0,regressor_model_4.pkl
GAPD,0,0.0,regressor_model_4.pkl
SSALy,1,0.0,regressor_model_4.pkl
GLYCTO1,0,0.0,regressor_model_4.pkl
ACS,0,0.0,regressor_model_4.pkl
PDHa,0,0.0014316210658032536,regressor_model_4.pkl
HEPCT,1,0.0,regressor_model_4.pkl
SERAT_copy1,0,0.0,regressor_model_4.pkl
VALTA,0,0.0,regressor_model_4.pkl
SUCOAS,1,0.0,regressor_model_4.pkl
FRDO4r,0,0.0,regressor_model_4.pkl
GLNS_copy1,0,0.0013666753095008554,regressor_model_4.pkl
ILEDHr_1,0,0.0,regressor_model_4.pkl
ENO,0,0.0,regressor_model_4.pkl
RBK,1,0.0,regressor_model_4.pkl
ALATRS,1,0.0,regressor_model_4.pkl
PTPATi,0,0.0,regressor_model_4.pkl
FDH,1,0.0,regressor_model_4.pkl
NDPK3,0,0.0,regressor_model_4.pkl
DHAD1_copy2,1,0.0,regressor_model_4.pkl
PHETA1,0,0.0,regressor_model_4.pkl
FALDM,1,0.0,regressor_model_4.pkl
PPND,0,0.0,regressor_model_4.pkl
PPK,0,0.0,regressor_model_4.pkl
PPA,0,0.0,regressor_model_4.pkl
PRASCSi_copy1,0,0.0,regressor_model_4.pkl
AROH,0,-0.021184701506087027,regressor_model_4.pkl
GLUSy,0,0.0,regressor_model_4.pkl
GLYALDDr,0,0.0,regressor_model_4.pkl
LLEUDr,0,0.0,regressor_model_4.pkl
AGMDA,0,0.0,regressor_model_4.pkl
GLYCK,0,0.0,regressor_model_4.pkl
FE3DCITR,0,0.0,regressor_model_4.pkl
TRPS1_copy1,0,0.0,regressor_model_4.pkl
AKGDH,0,0.08296946625144144,regressor_model_4.pkl
IDPh_1,0,0.0,regressor_model_4.pkl
DLYSOXGAT,0,0.0,regressor_model_4.pkl
NDP8,0,0.0,regressor_model_4.pkl
TALA,0,0.0,regressor_model_4.pkl
URO_c,0,0.0,regressor_model_4.pkl
PGI,1,0.021602410970427942,regressor_model_4.pkl
ICL,1,0.057435570565252225,regressor_model_4.pkl
PSCVT_copy1,0,0.0,regressor_model_4.pkl
PGK,0,0.002269697969497155,regressor_model_4.pkl
HDH,1,0.001857126596283387,regressor_model_4.pkl
ALDD1,0,0.0,regressor_model_4.pkl
FE3DCITCH,0,0.0007165557581367848,regressor_model_4.pkl
AGPOP,0,0.0,regressor_model_4.pkl
PRAIi_copy2,0,0.0001831835911119718,regressor_model_4.pkl
CBMKr,1,0.0,regressor_model_4.pkl
1PPDCRc,0,0.002789803095330325,regressor_model_4.pkl
GAPDi_nadp,0,0.0,regressor_model_4.pkl
FE3PYOVDL,0,0.0,regressor_model_4.pkl
PGM,0,0.0,regressor_model_4.pkl
PMANM,0,0.0,regressor_model_4.pkl
ILETA,0,0.0,regressor_model_4.pkl
LEUTA,0,0.0,regressor_model_4.pkl
R15BPK,0,0.0,regressor_model_4.pkl
LYSRC,0,0.0,regressor_model_4.pkl
OXOADLR,0,0.004506632203906057,regressor_model_4.pkl
TRPS3,1,0.0,regressor_model_4.pkl
H2CO3D,0,0.0,regressor_model_4.pkl
SERAT_copy2,0,0.0,regressor_model_4.pkl
HSK,0,0.0,regressor_model_4.pkl
PPNDH,0,0.004202923801403552,regressor_model_4.pkl
PSCVT_copy2,0,0.0,regressor_model_4.pkl
G5SD_copy2,0,0.0,regressor_model_4.pkl
ADK1,0,0.0,regressor_model_4.pkl
NTD4,0,0.0018366355993738096,regressor_model_4.pkl
PHETHPTOX3,0,0.0018891700832524682,regressor_model_4.pkl
ALATA_L,1,0.0,regressor_model_4.pkl
MEPCT_1,1,0.0008898282028757359,regressor_model_4.pkl
PDH,0,0.0,regressor_model_4.pkl
MALS,1,0.0,regressor_model_4.pkl
ANHMK,0,0.0,regressor_model_4.pkl
RECOAH7,0,0.0,regressor_model_4.pkl
GLUDxi,0,0.0,regressor_model_4.pkl
TRPS1_copy2,0,0.0018482701196766958,regressor_model_4.pkl
ALLTN,1,0.0,regressor_model_4.pkl
NDPK5,0,0.0,regressor_model_4.pkl
HISTD,0,0.0,regressor_model_4.pkl
ME2,0,0.0,regressor_model_4.pkl
GLXCL,0,0.0,regressor_model_4.pkl
PRPPS,0,0.0,regressor_model_4.pkl
URIH,1,0.002877606189887293,regressor_model_4.pkl
PPCK,0,0.0,regressor_model_4.pkl
ALAR,0,0.0,regressor_model_4.pkl
HPYRI,0,0.0,regressor_model_4.pkl
PRAIi_copy1,0,0.0,regressor_model_4.pkl
CSPMDDH,0,0.0,regressor_model_4.pkl
MAN1PT2,0,0.0024104095586978125,regressor_model_4.pkl
HCO3E,0,0.0,regressor_model_4.pkl
DHAD1_copy1,0,0.0,regressor_model_4.pkl
APPAT,0,0.0,regressor_model_4.pkl
ADPT,0,0.0,regressor_model_4.pkl
PRASCSi_copy2,1,0.0,regressor_model_4.pkl
CBPS,0,0.0,regressor_model_4.pkl
FRDO7r,0,0.0,regressor_model_4.pkl
TRSARr,0,0.0,regressor_model_4.pkl
G5SD_copy1,0,0.0,regressor_model_4.pkl
GLNS_copy2,1,0.0,regressor_model_4.pkl
FRDO6r,1,0.0,regressor_model_4.pkl
MDH,1,0.0,regressor_model_4.pkl
PPM,0,0.0,regressor_model_4.pkl
PTRCTA2,0,0.09606440177951432,regressor_model_4.pkl
DMALRED,0,0.0,regressor_model_4.pkl
G3PD2,0,0.0,regressor_model_4.pkl
DLYSPYRAT,0,0.0,regressor_model_4.pkl
DHSKDH,0,0.0,regressor_model_4.pkl
VALDHr,1,0.004598059825644082,regressor_model_4.pkl
MEPCT,0,0.0,regressor_model_4.pkl
LSERDHr,1,0.0,regressor_model_4.pkl
G6PDH2r,1,0.0,regressor_model_4.pkl
DHQTi_copy1,0,0.0,regressor_model_4.pkl
DHQTi_copy2,0,0.0,regressor_model_4.pkl
HPYRRx,0,0.0,regressor_model_4.pkl
GLUDy,0,0.0,regressor_model_4.pkl
LTDCL,0,0.0,regressor_model_4.pkl
H2CO3D2,0,0.0,regressor_model_4.pkl
GAPD,0,0.0,regressor_model_4.pkl
SSALy,1,0.0,regressor_model_4.pkl
GLYCTO1,0,0.0,regressor_model_4.pkl
ACS,0,0.0,regressor_model_4.pkl
PDHa,0,0.0,regressor_model_4.pkl
HEPCT,0,0.0,regressor_model_4.pkl
SERAT_copy1,0,0.0,regressor_model_4.pkl
VALTA,0,0.0,regressor_model_4.pkl
SUCOAS,0,0.0,regressor_model_4.pkl
FRDO4r,1,0.0,regressor_model_4.pkl
GLNS_copy1,0,0.0,regressor_model_4.pkl
ILEDHr_1,0,0.0,regressor_model_4.pkl
ENO,0,0.0,regressor_model_4.pkl
RBK,0,0.0,regressor_model_4.pkl
ALATRS,0,0.0,regressor_model_4.pkl
PTPATi,0,0.0,regressor_model_4.pkl
FDH,0,0.0,regressor_model_4.pkl
NDPK3,0,0.0,regressor_model_4.pkl
DHAD1_copy2,0,0.0,regressor_model_4.pkl
PHETA1,0,0.0,regressor_model_4.pkl
FALDM,0,0.0,regressor_model_4.pkl
PPND,0,0.0,regressor_model_4.pkl
PPK,1,0.0,regressor_model_4.pkl
PPA,0,0.0,regressor_model_4.pkl
PRASCSi_copy1,0,0.0,regressor_model_4.pkl
AROH,0,0.0,regressor_model_4.pkl
GLUSy,0,0.0,regressor_model_4.pkl
GLYALDDr,0,0.0,regressor_model_4.pkl
LLEUDr,1,0.0,regressor_model_4.pkl
AGMDA,0,0.0,regressor_model_4.pkl
GLYCK,0,0.0,regressor_model_4.pkl
FE3DCITR,0,0.0,regressor_model_4.pkl
TRPS1_copy1,0,0.0,regressor_model_4.pkl
AKGDH,1,0.10310526197330809,regressor_model_4.pkl
IDPh_1,0,0.0,regressor_model_4.pkl
DLYSOXGAT,0,0.0,regressor_model_4.pkl
NDP8,0,0.0,regressor_model_4.pkl
TALA,1,0.0,regressor_model_4.pkl
URO_c,0,0.0,regressor_model_4.pkl
PGI,0,0.03928567109955771,regressor_model_4.pkl
ICL,1,0.0685842242076733,regressor_model_4.pkl
PSCVT_copy1,0,0.0,regressor_model_4.pkl
PGK,0,0.0,regressor_model_4.pkl
HDH,0,0.0,regressor_model_4.pkl
ALDD1,0,0.0,regressor_model_4.pkl
FE3DCITCH,0,0.0,regressor_model_4.pkl
AGPOP,0,0.0,regressor_model_4.pkl
PRAIi_copy2,0,0.0,regressor_model_4.pkl
CBMKr,0,0.0,regressor_model_4.pkl
1PPDCRc,0,0.0,regressor_model_4.pkl
GAPDi_nadp,0,0.0,regressor_model_4.pkl
FE3PYOVDL,0,0.0,regressor_model_4.pkl
PGM,0,0.0,regressor_model_4.pkl
PMANM,1,0.0,regressor_model_4.pkl
ILETA,0,0.0,regressor_model_4.pkl
LEUTA,0,0.0,regressor_model_4.pkl
R15BPK,0,0.0,regressor_model_4.pkl
LYSRC,0,0.0,regressor_model_4.pkl
OXOADLR,0,0.0,regressor_model_4.pkl
TRPS3,0,0.0,regressor_model_4.pkl
H2CO3D,0,0.0,regressor_model_4.pkl
SERAT_copy2,0,0.0,regressor_model_4.pkl
HSK,1,0.0,regressor_model_4.pkl
PPNDH,0,0.0,regressor_model_4.pkl
PSCVT_copy2,0,0.0,regressor_model_4.pkl
G5SD_copy2,0,0.0,regressor_model_4.pkl
ADK1,0,0.0,regressor_model_4.pkl
NTD4,0,0.0,regressor_model_4.pkl
PHETHPTOX3,0,0.0,regressor_model_4.pkl
ALATA_L,1,0.0,regressor_model_4.pkl
MEPCT_1,0,0.0,regressor_model_4.pkl
PDH,0,0.0,regressor_model_4.pkl
MALS,0,0.0,regressor_model_4.pkl
ANHMK,0,0.0,regressor_model_4.pkl
RECOAH7,1,0.0,regressor_model_4.pkl
GLUDxi,0,0.0,regressor_model_4.pkl
TRPS1_copy2,1,0.0,regressor_model_4.pkl
ALLTN,0,0.0,regressor_model_4.pkl
NDPK5,0,0.0,regressor_model_4.pkl
HISTD,1,0.0,regressor_model_4.pkl
ME2,0,0.0,regressor_model_4.pkl
GLXCL,0,0.0,regressor_model_4.pkl
PRPPS,0,0.0,regressor_model_4.pkl
URIH,0,0.0,regressor_model_4.pkl
PPCK,0,0.0,regressor_model_4.pkl
ALAR,0,0.0,regressor_model_4.pkl
HPYRI,0,0.0,regressor_model_4.pkl
PRAIi_copy1,0,0.0,regressor_model_4.pkl
CSPMDDH,0,0.0,regressor_model_4.pkl
MAN1PT2,0,0.0,regressor_model_4.pkl
HCO3E,0,0.0,regressor_model_4.pkl
DHAD1_copy1,0,0.0,regressor_model_4.pkl
APPAT,0,0.0,regressor_model_4.pkl
ADPT,0,0.0,regressor_model_4.pkl
PRASCSi_copy2,0,0.0,regressor_model_4.pkl
CBPS,0,0.0,regressor_model_4.pkl
FRDO7r,0,0.0,regressor_model_4.pkl
TRSARr,0,0.0,regressor_model_4.pkl
G5SD_copy1,0,0.0,regressor_model_4.pkl
GLNS_copy2,0,0.0,regressor_model_4.pkl
FRDO6r,0,0.0,regressor_model_4.pkl
MDH,0,0.0,regressor_model_4.pkl
PPM,0,0.0,regressor_model_4.pkl
PTRCTA2,1,0.06694319085099086,regressor_model_4.pkl
DMALRED,0,0.0,regressor_model_4.pkl
G3PD2,0,0.003097008117098182,regressor_model_4.pkl
DLYSPYRAT,1,0.0,regressor_model_4.pkl
DHSKDH,0,0.0,regressor_model_4.pkl
VALDHr,1,0.0,regressor_model_4.pkl
MEPCT,0,0.0,regressor_model_4.pkl
LSERDHr,0,0.0,regressor_model_4.pkl
G6PDH2r,0,0.0,regressor_model_4.pkl
DHQTi_copy1,0,0.0,regressor_model_4.pkl
DHQTi_copy2,0,0.0,regressor_model_4.pkl
HPYRRx,0,0.0,regressor_model_4.pkl
GLUDy,0,0.0,regressor_model_4.pkl
LTDCL,1,0.0,regressor_model_4.pkl
H2CO3D2,0,0.0,regressor_model_4.pkl
GAPD,0,0.0,regressor_model_4.pkl
SSALy,1,0.013412971013740563,regressor_model_4.pkl
GLYCTO1,0,0.0,regressor_model_4.pkl
ACS,0,0.0,regressor_model_4.pkl
PDHa,0,0.0,regressor_model_4.pkl
HEPCT,0,0.0,regressor_model_4.pkl
SERAT_copy1,0,0.0,regressor_model_4.pkl
VALTA,0,0.0,regressor_model_4.pkl
SUCOAS,0,0.0,regressor_model_4.pkl
FRDO4r,0,0.0,regressor_model_4.pkl
GLNS_copy1,1,0.0,regressor_model_4.pkl
ILEDHr_1,0,0.0,regressor_model_4.pkl
ENO,0,0.0,regressor_model_4.pkl
RBK,0,0.0,regressor_model_4.pkl
ALATRS,0,0.0,regressor_model_4.pkl
PTPATi,0,0.0,regressor_model_4.pkl
FDH,0,0.0,regressor_model_4.pkl
NDPK3,0,0.0,regressor_model_4.pkl
DHAD1_copy2,0,0.0,regressor_model_4.pkl
PHETA1,0,0.0,regressor_model_4.pkl
FALDM,0,0.0,regressor_model_4.pkl
PPND,0,0.0,regressor_model_4.pkl
PPK,0,0.0,regressor_model_4.pkl
PPA,0,0.0,regressor_model_4.pkl
PRASCSi_copy1,0,0.0,regressor_model_4.pkl
AROH,0,0.0,regressor_model_4.pkl
GLUSy,0,0.0,regressor_model_4.pkl
GLYALDDr,0,0.0,regressor_model_4.pkl
LLEUDr,0,0.0,regressor_model_4.pkl
AGMDA,0,0.0,regressor_model_4.pkl
GLYCK,0,0.0,regressor_model_4.pkl
FE3DCITR,0,0.0,regressor_model_4.pkl
TRPS1_copy1,0,0.0,regressor_model_4.pkl
AKGDH,1,0.10752944425719882,regressor_model_4.pkl
IDPh_1,0,0.0,regressor_model_4.pkl
DLYSOXGAT,0,0.0,regressor_model_4.pkl
NDP8,0,0.0,regressor_model_4.pkl
TALA,0,0.0,regressor_model_4.pkl
URO_c,0,0.0,regressor_model_4.pkl
PGI,1,0.035489463574150136,regressor_model_4.pkl
ICL,1,0.07641870285950142,regressor_model_4.pkl
PSCVT_copy1,0,0.0,regressor_model_4.pkl
PGK,0,0.0,regressor_model_4.pkl
HDH,1,0.0,regressor_model_4.pkl
ALDD1,0,0.0,regressor_model_4.pkl
FE3DCITCH,1,0.0,regressor_model_4.pkl
AGPOP,0,0.0,regressor_model_4.pkl
PRAIi_copy2,0,0.0,regressor_model_4.pkl
CBMKr,0,0.0,regressor_model_4.pkl
1PPDCRc,0,0.0,regressor_model_4.pkl
GAPDi_nadp,0,0.0,regressor_model_4.pkl
FE3PYOVDL,0,0.0,regressor_model_4.pkl
PGM,0,0.0,regressor_model_4.pkl
PMANM,0,0.0,regressor_model_4.pkl
ILETA,0,0.0,regressor_model_4.pkl
LEUTA,0,0.0,regressor_model_4.pkl
R15BPK,0,0.0,regressor_model_4.pkl
LYSRC,0,0.0,regressor_model_4.pkl
OXOADLR,0,0.0,regressor_model_4.pkl
TRPS3,0,0.0,regressor_model_4.pkl
H2CO3D,0,0.0,regressor_model_4.pkl
SERAT_copy2,0,0.0,regressor_model_4.pkl
HSK,0,0.0,regressor_model_4.pkl
PPNDH,0,0.0,regressor_model_4.pkl
PSCVT_copy2,0,0.0,regressor_model_4.pkl
G5SD_copy2,0,0.0,regressor_model_4.pkl
ADK1,0,0.0,regressor_model_4.pkl
NTD4,0,0.0,regressor_model_4.pkl
PHETHPTOX3,1,0.0,regressor_model_4.pkl
ALATA_L,0,0.0,regressor_model_4.pkl
MEPCT_1,0,0.0,regressor_model_4.pkl
PDH,0,0.0,regressor_model_4.pkl
MALS,1,0.0032725352952986952,regressor_model_4.pkl
ANHMK,0,0.0,regressor_model_4.pkl
RECOAH7,0,0.0,regressor_model_4.pkl
GLUDxi,0,0.0,regressor_model_4.pkl
TRPS1_copy2,0,0.0,regressor_model_4.pkl
ALLTN,0,0.0,regressor_model_4.pkl
NDPK5,1,0.0,regressor_model_4.pkl
HISTD,0,0.0,regressor_model_4.pkl
ME2,0,0.0,regressor_model_4.pkl
GLXCL,0,0.0,regressor_model_4.pkl
PRPPS,0,0.0,regressor_model_4.pkl
URIH,0,0.0,regressor_model_4.pkl
PPCK,0,0.0,regressor_model_4.pkl
ALAR,0,0.0,regressor_model_4.pkl
HPYRI,0,0.0,regressor_model_4.pkl
PRAIi_copy1,0,0.0,regressor_model_4.pkl
CSPMDDH,0,0.0,regressor_model_4.pkl
MAN1PT2,1,0.0,regressor_model_4.pkl
HCO3E,0,0.0,regressor_model_4.pkl
DHAD1_copy1,0,0.0,regressor_model_4.pkl
APPAT,0,0.0,regressor_model_4.pkl
ADPT,0,0.0,regressor_model_4.pkl
PRASCSi_copy2,0,0.0,regressor_model_4.pkl
CBPS,0,0.0,regressor_model_4.pkl
FRDO7r,0,0.0,regressor_model_4.pkl
TRSARr,0,0.0,regressor_model_4.pkl
G5SD_copy1,0,0.0,regressor_model_4.pkl
GLNS_copy2,0,0.0,regressor_model_4.pkl
FRDO6r,0,0.0,regressor_model_4.pkl
MDH,0,0.0,regressor_model_4.pkl
PPM,0,0.0,regressor_model_4.pkl
PTRCTA2,1,0.0,regressor_model_4.pkl
DMALRED,0,0.0,regressor_model_4.pkl
G3PD2,0,0.0,regressor_model_4.pkl
DLYSPYRAT,1,0.0,regressor_model_4.pkl
DHSKDH,0,0.0,regressor_model_4.pkl
VALDHr,0,0.0037372056440252827,regressor_model_4.pkl
MEPCT,0,0.0,regressor_model_4.pkl
LSERDHr,0,0.0,regressor_model_4.pkl
G6PDH2r,1,0.0,regressor_model_4.pkl
DHQTi_copy1,0,0.0,regressor_model_4.pkl
DHQTi_copy2,0,0.0,regressor_model_4.pkl
HPYRRx,0,0.0,regressor_model_4.pkl
GLUDy,0,0.0,regressor_model_4.pkl
LTDCL,0,0.0,regressor_model_4.pkl
H2CO3D2,0,0.0,regressor_model_4.pkl
GAPD,0,0.0,regressor_model_4.pkl
SSALy,0,0.07827978004455717,regressor_model_4.pkl
GLYCTO1,0,0.0,regressor_model_4.pkl
ACS,0,0.0,regressor_model_4.pkl
PDHa,1,0.0,regressor_model_4.pkl
HEPCT,0,0.0,regressor_model_4.pkl
SERAT_copy1,0,0.0,regressor_model_4.pkl
VALTA,0,0.0,regressor_model_4.pkl
SUCOAS,0,0.0,regressor_model_4.pkl
FRDO4r,0,0.0,regressor_model_4.pkl
GLNS_copy1,1,0.0,regressor_model_4.pkl
ILEDHr_1,0,0.0,regressor_model_4.pkl
ENO,0,0.0,regressor_model_4.pkl
RBK,0,0.0,regressor_model_4.pkl
ALATRS,0,0.0,regressor_model_4.pkl
PTPATi,0,0.0,regressor_model_4.pkl
FDH,0,0.0,regressor_model_4.pkl
NDPK3,0,0.0,regressor_model_4.pkl
DHAD1_copy2,0,0.0,regressor_model_4.pkl
PHETA1,0,0.0,regressor_model_4.pkl
FALDM,0,0.0,regressor_model_4.pkl
PPND,0,0.0,regressor_model_4.pkl
PPK,0,0.0,regressor_model_4.pkl
PPA,0,0.0,regressor_model_4.pkl
PRASCSi_copy1,0,0.0,regressor_model_4.pkl
AROH,0,0.0,regressor_model_4.pkl
GLUSy,0,0.0,regressor_model_4.pkl
GLYALDDr,0,0.0,regressor_model_4.pkl
LLEUDr,0,0.0012924406377133883,regressor_model_4.pkl
AGMDA,0,0.0,regressor_model_4.pkl
GLYCK,1,0.001511414189482413,regressor_model_4.pkl
FE3DCITR,0,0.0,regressor_model_4.pkl
TRPS1_copy1,0,0.0,regressor_model_4.pkl
AKGDH,1,0.0843020565486909,regressor_model_4.pkl
IDPh_1,0,0.0,regressor_model_4.pkl
DLYSOXGAT,0,0.0,regressor_model_4.pkl
NDP8,0,0.0,regressor_model_4.pkl
TALA,0,0.02918507292024983,regressor_model_4.pkl
URO_c,0,0.0,regressor_model_4.pkl
PGI,0,0.0,regressor_model_4.pkl
ICL,1,0.05634671922797808,regressor_model_4.pkl
PSCVT_copy1,0,0.0,regressor_model_4.pkl
PGK,0,0.0,regressor_model_4.pkl
HDH,1,0.0016596463368889485,regressor_model_4.pkl
ALDD1,0,0.0,regressor_model_4.pkl
FE3DCITCH,1,0.0,regressor_model_4.pkl
AGPOP,0,0.0,regressor_model_4.pkl
PRAIi_copy2,0,0.0009815597288063795,regressor_model_4.pkl
CBMKr,0,0.0,regressor_model_4.pkl
1PPDCRc,0,0.0,regressor_model_4.pkl
GAPDi_nadp,0,0.0,regressor_model_4.pkl
FE3PYOVDL,0,0.0,regressor_model_4.pkl
PGM,0,0.0,regressor_model_4.pkl
PMANM,0,0.0,regressor_model_4.pkl
ILETA,0,0.0,regressor_model_4.pkl
LEUTA,0,0.0,regressor_model_4.pkl
R15BPK,0,0.0,regressor_model_4.pkl
LYSRC,0,0.0,regressor_model_4.pkl
OXOADLR,1,0.0,regressor_model_4.pkl
TRPS3,0,0.0,regressor_model_4.pkl
H2CO3D,0,0.0,regressor_model_4.pkl
SERAT_copy2,0,0.0,regressor_model_4.pkl
HSK,0,0.0,regressor_model_4.pkl
PPNDH,0,0.0,regressor_model_4.pkl
PSCVT_copy2,0,0.0,regressor_model_4.pkl
G5SD_copy2,0,0.0,regressor_model_4.pkl
ADK1,0,0.0,regressor_model_4.pkl
NTD4,0,0.0,regressor_model_4.pkl
PHETHPTOX3,1,0.0,regressor_model_4.pkl
ALATA_L,0,0.0,regressor_model_4.pkl
MEPCT_1,0,0.0,regressor_model_4.pkl
PDH,0,0.0,regressor_model_4.pkl
MALS,1,0.0,regressor_model_4.pkl
ANHMK,0,0.0,regressor_model_4.pkl
RECOAH7,0,0.0,regressor_model_4.pkl
GLUDxi,0,0.0,regressor_model_4.pkl
TRPS1_copy2,0,0.0,regressor_model_4.pkl
ALLTN,0,0.0,regressor_model_4.pkl
NDPK5,0,0.0017273520709163341,regressor_model_4.pkl
HISTD,0,0.0,regressor_model_4.pkl
ME2,0,0.0,regressor_model_4.pkl
GLXCL,0,0.0,regressor_model_4.pkl
PRPPS,0,0.0,regressor_model_4.pkl
URIH,0,0.0,regressor_model_4.pkl
PPCK,0,0.0017124735008845647,regressor_model_4.pkl
ALAR,0,0.0,regressor_model_4.pkl
HPYRI,0,0.0,regressor_model_4.pkl
PRAIi_copy1,0,0.0,regressor_model_4.pkl
CSPMDDH,0,0.0,regressor_model_4.pkl
MAN1PT2,1,0.001740098783470978,regressor_model_4.pkl
HCO3E,0,0.0,regressor_model_4.pkl
DHAD1_copy1,0,0.0,regressor_model_4.pkl
APPAT,0,0.0,regressor_model_4.pkl
ADPT,0,0.0,regressor_model_4.pkl
PRASCSi_copy2,0,0.0,regressor_model_4.pkl
CBPS,0,0.0,regressor_model_4.pkl
FRDO7r,0,0.0,regressor_model_4.pkl
TRSARr,0,0.0,regressor_model_4.pkl
G5SD_copy1,0,0.0,regressor_model_4.pkl
GLNS_copy2,0,0.0,regressor_model_4.pkl
FRDO6r,0,0.0,regressor_model_4.pkl
MDH,0,0.0,regressor_model_4.pkl
PPM,0,0.0,regressor_model_4.pkl
PTRCTA2,1,0.03650690943654284,regressor_model_4.pkl
DMALRED,0,0.0,regressor_model_4.pkl
G3PD2,0,0.0035745618615724995,regressor_model_4.pkl
DLYSPYRAT,0,0.0,regressor_model_4.pkl
DHSKDH,0,0.0,regressor_model_4.pkl
VALDHr,1,0.0,regressor_model_4.pkl
MEPCT,0,0.0,regressor_model_4.pkl
LSERDHr,0,0.0,regressor_model_4.pkl
G6PDH2r,0,0.0,regressor_model_4.pkl
DHQTi_copy1,0,0.0,regressor_model_4.pkl
DHQTi_copy2,0,0.0,regressor_model_4.pkl
HPYRRx,0,0.0,regressor_model_4.pkl
GLUDy,0,0.0,regressor_model_4.pkl
LTDCL,1,0.002670438800667036,regressor_model_4.pkl
H2CO3D2,0,0.0,regressor_model_4.pkl
GAPD,0,0.0,regressor_model_4.pkl
SSALy,0,0.022260473457897598,regressor_model_4.pkl
GLYCTO1,0,0.0,regressor_model_4.pkl
ACS,0,0.0,regressor_model_4.pkl
PDHa,1,0.003526616815389388,regressor_model_4.pkl
HEPCT,0,0.0,regressor_model_4.pkl
SERAT_copy1,0,0.0,regressor_model_4.pkl
VALTA,0,0.0,regressor_model_4.pkl
SUCOAS,0,0.0,regressor_model_4.pkl
FRDO4r,0,0.0,regressor_model_4.pkl
GLNS_copy1,1,0.0,regressor_model_4.pkl
ILEDHr_1,0,0.0,regressor_model_4.pkl
ENO,0,0.0,regressor_model_4.pkl
RBK,0,0.0,regressor_model_4.pkl
ALATRS,0,0.0,regressor_model_4.pkl
PTPATi,0,0.0,regressor_model_4.pkl
FDH,0,0.0,regressor_model_4.pkl
NDPK3,0,0.0,regressor_model_4.pkl
DHAD1_copy2,0,0.0,regressor_model_4.pkl
PHETA1,0,0.0,regressor_model_4.pkl
FALDM,0,0.0,regressor_model_4.pkl
PPND,0,0.0,regressor_model_4.pkl
PPK,0,0.0,regressor_model_4.pkl
PPA,0,0.0,regressor_model_4.pkl
PRASCSi_copy1,0,0.0,regressor_model_4.pkl
AROH,1,0.0,regressor_model_4.pkl
GLUSy,0,0.0,regressor_model_4.pkl
GLYALDDr,0,0.0,regressor_model_4.pkl
LLEUDr,1,0.0,regressor_model_4.pkl
AGMDA,0,0.0,regressor_model_4.pkl
GLYCK,0,0.0,regressor_model_4.pkl
FE3DCITR,0,0.0033790256200448565,regressor_model_4.pkl
TRPS1_copy1,0,0.0,regressor_model_4.pkl
AKGDH,1,0.11216888569817599,regressor_model_4.pkl
IDPh_1,0,0.0,regressor_model_4.pkl
DLYSOXGAT,0,0.0,regressor_model_4.pkl
NDP8,0,0.0,regressor_model_4.pkl
TALA,0,0.04081906613287698,regressor_model_4.pkl
URO_c,0,0.0,regressor_model_4.pkl
PGI,1,0.0,regressor_model_4.pkl
ICL,1,0.07689702018812883,regressor_model_4.pkl
PSCVT_copy1,0,0.0,regressor_model_4.pkl
PGK,0,0.0,regressor_model_4.pkl
HDH,1,0.0,regressor_model_4.pkl
ALDD1,0,0.0,regressor_model_4.pkl
FE3DCITCH,1,0.0,regressor_model_4.pkl
AGPOP,0,0.0,regressor_model_4.pkl
PRAIi_copy2,1,0.0,regressor_model_4.pkl
CBMKr,0,0.0,regressor_model_4.pkl
1PPDCRc,1,0.0,regressor_model_4.pkl
GAPDi_nadp,0,0.0,regressor_model_4.pkl
FE3PYOVDL,0,0.0,regressor_model_4.pkl
PGM,0,0.0,regressor_model_4.pkl
PMANM,0,0.0,regressor_model_4.pkl
ILETA,0,0.0,regressor_model_4.pkl
LEUTA,0,0.0,regressor_model_4.pkl
R15BPK,0,0.0,regressor_model_4.pkl
LYSRC,0,0.0,regressor_model_4.pkl
OXOADLR,1,0.0,regressor_model_4.pkl
TRPS3,0,0.0,regressor_model_4.pkl
H2CO3D,0,0.0,regressor_model_4.pkl
SERAT_copy2,0,0.0,regressor_model_4.pkl
HSK,0,0.0,regressor_model_4.pkl
PPNDH,0,0.0,regressor_model_4.pkl
PSCVT_copy2,0,0.0,regressor_model_4.pkl
G5SD_copy2,0,0.0,regressor_model_4.pkl
ADK1,0,0.0,regressor_model_4.pkl
NTD4,1,0.0,regressor_model_4.pkl
PHETHPTOX3,1,0.0,regressor_model_4.pkl
ALATA_L,0,0.0,regressor_model_4.pkl
MEPCT_1,0,0.0,regressor_model_4.pkl
PDH,0,0.0,regressor_model_4.pkl
MALS,1,0.0,regressor_model_4.pkl
ANHMK,0,0.0,regressor_model_4.pkl
RECOAH7,0,0.0,regressor_model_4.pkl
GLUDxi,0,0.0,regressor_model_4.pkl
TRPS1_copy2,0,0.0,regressor_model_4.pkl
ALLTN,0,0.0,regressor_model_4.pkl
NDPK5,1,0.0,regressor_model_4.pkl
HISTD,0,0.0,regressor_model_4.pkl
ME2,0,0.0,regressor_model_4.pkl
GLXCL,0,0.0,regressor_model_4.pkl
PRPPS,0,0.0,regressor_model_4.pkl
URIH,1,0.0,regressor_model_4.pkl
PPCK,0,0.0034594049267734905,regressor_model_4.pkl
ALAR,0,0.0,regressor_model_4.pkl
HPYRI,0,0.0,regressor_model_4.pkl
PRAIi_copy1,0,0.0,regressor_model_4.pkl
CSPMDDH,0,0.0,regressor_model_4.pkl
MAN1PT2,0,0.0,regressor_model_4.pkl
HCO3E,0,0.0,regressor_model_4.pkl
DHAD1_copy1,0,0.0,regressor_model_4.pkl
APPAT,0,0.0,regressor_model_4.pkl
ADPT,0,0.0,regressor_model_4.pkl
PRASCSi_copy2,0,0.0,regressor_model_4.pkl
CBPS,0,0.0,regressor_model_4.pkl
FRDO7r,0,0.0,regressor_model_4.pkl
TRSARr,0,0.0,regressor_model_4.pkl
G5SD_copy1,0,0.0,regressor_model_4.pkl
GLNS_copy2,0,0.0,regressor_model_4.pkl
FRDO6r,0,0.0,regressor_model_4.pkl
MDH,0,0.0,regressor_model_4.pkl
PPM,1,0.0,regressor_model_4.pkl
PTRCTA2,1,0.08869678512536053,regressor_model_4.pkl
DMALRED,0,0.0,regressor_model_4.pkl
G3PD2,0,0.001891911868562788,regressor_model_4.pkl
DLYSPYRAT,1,0.004595736159694337,regressor_model_4.pkl
DHSKDH,0,0.0,regressor_model_4.pkl
VALDHr,1,0.004666590124253255,regressor_model_4.pkl
MEPCT,0,0.0,regressor_model_4.pkl
LSERDHr,0,0.0,regressor_model_4.pkl
G6PDH2r,0,0.0,regressor_model_4.pkl
DHQTi_copy1,0,0.0,regressor_model_4.pkl
DHQTi_copy2,0,0.0,regressor_model_4.pkl
HPYRRx,0,0.0,regressor_model_4.pkl
GLUDy,0,0.0,regressor_model_4.pkl
LTDCL,0,0.0,regressor_model_4.pkl
H2CO3D2,0,0.0,regressor_model_4.pkl
GAPD,0,0.0,regressor_model_4.pkl
SSALy,0,0.0,regressor_model_4.pkl
GLYCTO1,0,0.0,regressor_model_4.pkl
ACS,0,0.0,regressor_model_4.pkl
PDHa,1,0.0,regressor_model_4.pkl
HEPCT,0,0.0,regressor_model_4.pkl
SERAT_copy1,0,0.0,regressor_model_4.pkl
VALTA,0,0.0,regressor_model_4.pkl
SUCOAS,0,0.0,regressor_model_4.pkl
FRDO4r,0,0.0,regressor_model_4.pkl
GLNS_copy1,1,0.0,regressor_model_4.pkl
ILEDHr_1,0,0.0,regressor_model_4.pkl
ENO,0,0.0,regressor_model_4.pkl
RBK,0,0.0,regressor_model_4.pkl
ALATRS,0,0.0,regressor_model_4.pkl
PTPATi,0,0.0,regressor_model_4.pkl
FDH,0,0.0,regressor_model_4.pkl
NDPK3,0,0.0,regressor_model_4.pkl
DHAD1_copy2,0,0.0,regressor_model_4.pkl
PHETA1,0,0.0,regressor_model_4.pkl
FALDM,0,0.0,regressor_model_4.pkl
PPND,0,0.0,regressor_model_4.pkl
PPK,0,0.0,regressor_model_4.pkl
PPA,0,0.0,regressor_model_4.pkl
PRASCSi_copy1,0,0.0,regressor_model_4.pkl
AROH,0,0.0,regressor_model_4.pkl
GLUSy,0,0.0,regressor_model_4.pkl
GLYALDDr,0,0.0,regressor_model_4.pkl
LLEUDr,0,0.0018241540983148785,regressor_model_4.pkl
AGMDA,0,0.0,regressor_model_4.pkl
GLYCK,0,0.0,regressor_model_4.pkl
FE3DCITR,0,0.0,regressor_model_4.pkl
TRPS1_copy1,0,0.0,regressor_model_4.pkl
AKGDH,1,0.09355411175654071,regressor_model_4.pkl
IDPh_1,0,0.0,regressor_model_4.pkl
DLYSOXGAT,0,0.0,regressor_model_4.pkl
NDP8,0,0.0,regressor_model_4.pkl
TALA,0,0.03624381663330705,regressor_model_4.pkl
URO_c,0,0.0,regressor_model_4.pkl
PGI,1,0.0,regressor_model_4.pkl
ICL,1,0.06444907584795329,regressor_model_4.pkl
PSCVT_copy1,0,0.0,regressor_model_4.pkl
PGK,0,0.0,regressor_model_4.pkl
HDH,1,0.0,regressor_model_4.pkl
ALDD1,0,0.0,regressor_model_4.pkl
FE3DCITCH,1,0.0,regressor_model_4.pkl
AGPOP,0,0.0,regressor_model_4.pkl
PRAIi_copy2,1,0.0,regressor_model_4.pkl
CBMKr,0,0.0,regressor_model_4.pkl
1PPDCRc,0,0.0,regressor_model_4.pkl
GAPDi_nadp,0,0.0,regressor_model_4.pkl
FE3PYOVDL,0,0.0,regressor_model_4.pkl
PGM,0,0.0,regressor_model_4.pkl
PMANM,0,0.0,regressor_model_4.pkl
ILETA,0,0.0,regressor_model_4.pkl
LEUTA,1,0.0,regressor_model_4.pkl
R15BPK,0,0.0,regressor_model_4.pkl
LYSRC,0,0.0,regressor_model_4.pkl
OXOADLR,1,0.0,regressor_model_4.pkl
TRPS3,0,0.0,regressor_model_4.pkl
H2CO3D,0,0.0,regressor_model_4.pkl
SERAT_copy2,0,0.0,regressor_model_4.pkl
HSK,0,0.0,regressor_model_4.pkl
PPNDH,0,0.0,regressor_model_4.pkl
PSCVT_copy2,0,0.0,regressor_model_4.pkl
G5SD_copy2,0,0.0,regressor_model_4.pkl
ADK1,0,0.0,regressor_model_4.pkl
NTD4,0,0.0,regressor_model_4.pkl
PHETHPTOX3,1,0.0,regressor_model_4.pkl
ALATA_L,0,0.0,regressor_model_4.pkl
MEPCT_1,0,0.0,regressor_model_4.pkl
PDH,0,0.0,regressor_model_4.pkl
MALS,0,0.0,regressor_model_4.pkl
ANHMK,0,0.0,regressor_model_4.pkl
RECOAH7,0,0.0,regressor_model_4.pkl
GLUDxi,0,0.0,regressor_model_4.pkl
TRPS1_copy2,0,0.0,regressor_model_4.pkl
ALLTN,0,0.0015526723508030387,regressor_model_4.pkl
NDPK5,1,0.0022352296901628496,regressor_model_4.pkl
HISTD,0,0.0,regressor_model_4.pkl
ME2,0,0.0,regressor_model_4.pkl
GLXCL,0,0.0,regressor_model_4.pkl
PRPPS,0,0.0,regressor_model_4.pkl
URIH,0,0.0,regressor_model_4.pkl
PPCK,0,0.0015241219051965738,regressor_model_4.pkl
ALAR,0,0.0,regressor_model_4.pkl
HPYRI,0,0.0,regressor_model_4.pkl
PRAIi_copy1,0,0.0,regressor_model_4.pkl
CSPMDDH,0,0.0,regressor_model_4.pkl
MAN1PT2,1,0.0,regressor_model_4.pkl
HCO3E,0,0.0,regressor_model_4.pkl
DHAD1_copy1,0,0.0,regressor_model_4.pkl
APPAT,0,0.0,regressor_model_4.pkl
ADPT,0,0.0,regressor_model_4.pkl
PRASCSi_copy2,0,0.0,regressor_model_4.pkl
CBPS,0,0.0,regressor_model_4.pkl
FRDO7r,0,0.0,regressor_model_4.pkl
TRSARr,0,0.0,regressor_model_4.pkl
G5SD_copy1,0,0.0,regressor_model_4.pkl
GLNS_copy2,0,0.0,regressor_model_4.pkl
FRDO6r,0,0.0,regressor_model_4.pkl
MDH,0,0.0,regressor_model_4.pkl
PPM,0,0.0,regressor_model_4.pkl
PTRCTA2,1,0.09293367854330495,regressor_model_4.pkl
DMALRED,0,0.0,regressor_model_4.pkl
G3PD2,0,0.0,regressor_model_4.pkl
DLYSPYRAT,1,0.0,regressor_model_4.pkl
DHSKDH,0,0.0,regressor_model_4.pkl
VALDHr,1,0.0,regressor_model_4.pkl
MEPCT,0,0.0,regressor_model_4.pkl
LSERDHr,0,0.0,regressor_model_4.pkl
G6PDH2r,0,0.0,regressor_model_4.pkl
DHQTi_copy1,0,0.001160080683393978,regressor_model_4.pkl
DHQTi_copy2,0,0.0,regressor_model_4.pkl
HPYRRx,0,0.0,regressor_model_4.pkl
GLUDy,0,0.0,regressor_model_4.pkl
LTDCL,0,0.0,regressor_model_4.pkl
H2CO3D2,0,0.0,regressor_model_4.pkl
GAPD,0,0.0,regressor_model_4.pkl
SSALy,0,0.0,regressor_model_4.pkl
GLYCTO1,0,0.0,regressor_model_4.pkl
ACS,0,0.0,regressor_model_4.pkl
PDHa,1,0.0,regressor_model_4.pkl
HEPCT,0,0.0,regressor_model_4.pkl
SERAT_copy1,0,0.0,regressor_model_4.pkl
VALTA,0,0.0,regressor_model_4.pkl
SUCOAS,0,0.0,regressor_model_4.pkl
FRDO4r,0,0.0,regressor_model_4.pkl
GLNS_copy1,1,0.0,regressor_model_4.pkl
ILEDHr_1,1,0.0,regressor_model_4.pkl
ENO,0,0.0,regressor_model_4.pkl
RBK,0,0.0,regressor_model_4.pkl
ALATRS,0,0.0,regressor_model_4.pkl
PTPATi,0,0.0,regressor_model_4.pkl
FDH,0,0.0,regressor_model_4.pkl
NDPK3,0,0.0,regressor_model_4.pkl
DHAD1_copy2,0,0.0,regressor_model_4.pkl
PHETA1,0,0.0,regressor_model_4.pkl
FALDM,0,0.0,regressor_model_4.pkl
PPND,0,0.0,regressor_model_4.pkl
PPK,0,0.0,regressor_model_4.pkl
PPA,0,0.0,regressor_model_4.pkl
PRASCSi_copy1,0,0.0,regressor_model_4.pkl
AROH,0,0.0,regressor_model_4.pkl
GLUSy,0,0.0,regressor_model_4.pkl
GLYALDDr,0,0.0015572443257694593,regressor_model_4.pkl
LLEUDr,1,0.0,regressor_model_4.pkl
AGMDA,0,0.0,regressor_model_4.pkl
GLYCK,0,0.0,regressor_model_4.pkl
FE3DCITR,0,0.0,regressor_model_4.pkl
TRPS1_copy1,0,0.0,regressor_model_4.pkl
AKGDH,1,0.10088831665016802,regressor_model_4.pkl
IDPh_1,0,0.0,regressor_model_4.pkl
DLYSOXGAT,0,0.0,regressor_model_4.pkl
NDP8,0,0.0,regressor_model_4.pkl
TALA,0,0.037719467854276205,regressor_model_4.pkl
URO_c,0,0.0,regressor_model_4.pkl
PGI,1,0.0,regressor_model_4.pkl
ICL,1,0.06700915294766226,regressor_model_4.pkl
PSCVT_copy1,0,0.0,regressor_model_4.pkl
PGK,0,0.0018627515777355616,regressor_model_4.pkl
HDH,1,0.002523283977250756,regressor_model_4.pkl
ALDD1,0,0.0,regressor_model_4.pkl
FE3DCITCH,1,0.0,regressor_model_4.pkl
AGPOP,0,0.0,regressor_model_4.pkl
PRAIi_copy2,1,0.0,regressor_model_4.pkl
CBMKr,0,0.0,regressor_model_4.pkl
1PPDCRc,0,0.0,regressor_model_4.pkl
GAPDi_nadp,0,0.0,regressor_model_4.pkl
FE3PYOVDL,0,0.0,regressor_model_4.pkl
PGM,0,0.0,regressor_model_4.pkl
PMANM,0,0.0,regressor_model_4.pkl
ILETA,0,0.0,regressor_model_4.pkl
LEUTA,0,0.0,regressor_model_4.pkl
R15BPK,0,0.0,regressor_model_4.pkl
LYSRC,0,0.0,regressor_model_4.pkl
OXOADLR,1,0.002194685755527144,regressor_model_4.pkl
TRPS3,0,0.0,regressor_model_4.pkl
H2CO3D,0,0.0,regressor_model_4.pkl
SERAT_copy2,0,0.0,regressor_model_4.pkl
HSK,0,0.0,regressor_model_4.pkl
PPNDH,1,0.0,regressor_model_4.pkl
PSCVT_copy2,0,0.0,regressor_model_4.pkl
G5SD_copy2,0,0.0,regressor_model_4.pkl
ADK1,0,0.0,regressor_model_4.pkl
NTD4,0,0.0,regressor_model_4.pkl
PHETHPTOX3,1,0.0,regressor_model_4.pkl
ALATA_L,0,0.0,regressor_model_4.pkl
MEPCT_1,0,0.0,regressor_model_4.pkl
PDH,0,0.0,regressor_model_4.pkl
MALS,0,0.0,regressor_model_4.pkl
ANHMK,0,0.0,regressor_model_4.pkl
RECOAH7,0,0.0,regressor_model_4.pkl
GLUDxi,0,0.0,regressor_model_4.pkl
TRPS1_copy2,0,0.0,regressor_model_4.pkl
ALLTN,0,0.0,regressor_model_4.pkl
NDPK5,0,0.0,regressor_model_4.pkl
HISTD,0,0.0,regressor_model_4.pkl
ME2,0,0.0,regressor_model_4.pkl
GLXCL,0,0.0,regressor_model_4.pkl
PRPPS,0,0.0,regressor_model_4.pkl
URIH,0,0.0,regressor_model_4.pkl
PPCK,0,0.0018344941913919777,regressor_model_4.pkl
ALAR,0,0.0,regressor_model_4.pkl
HPYRI,0,0.0,regressor_model_4.pkl
PRAIi_copy1,0,0.0,regressor_model_4.pkl
CSPMDDH,0,0.0,regressor_model_4.pkl
MAN1PT2,0,0.0,regressor_model_4.pkl
HCO3E,0,0.0,regressor_model_4.pkl
DHAD1_copy1,0,0.0,regressor_model_4.pkl
APPAT,0,0.0,regressor_model_4.pkl
ADPT,0,0.0,regressor_model_4.pkl
PRASCSi_copy2,0,0.0,regressor_model_4.pkl
CBPS,0,0.0,regressor_model_4.pkl
FRDO7r,0,0.0,regressor_model_4.pkl
TRSARr,0,0.0,regressor_model_4.pkl
G5SD_copy1,0,0.0,regressor_model_4.pkl
GLNS_copy2,0,0.0,regressor_model_4.pkl
FRDO6r,0,0.0,regressor_model_4.pkl
MDH,0,0.0,regressor_model_4.pkl
PPM,0,0.0,regressor_model_4.pkl
PTRCTA2,1,0.03394480583113393,regressor_model_4.pkl
DMALRED,0,0.0,regressor_model_4.pkl
G3PD2,0,0.0,regressor_model_4.pkl
DLYSPYRAT,1,0.0,regressor_model_4.pkl
DHSKDH,0,0.0,regressor_model_4.pkl
VALDHr,1,0.003438048733769949,regressor_model_4.pkl
MEPCT,0,0.0,regressor_model_4.pkl
LSERDHr,0,0.0,regressor_model_4.pkl
G6PDH2r,0,0.0,regressor_model_4.pkl
DHQTi_copy1,0,0.0,regressor_model_4.pkl
DHQTi_copy2,0,0.0,regressor_model_4.pkl
HPYRRx,0,0.0,regressor_model_4.pkl
GLUDy,0,0.0,regressor_model_4.pkl
LTDCL,0,0.0,regressor_model_4.pkl
H2CO3D2,0,0.0,regressor_model_4.pkl
GAPD,0,0.0,regressor_model_4.pkl
SSALy,0,0.02300893355053351,regressor_model_4.pkl
GLYCTO1,0,0.0,regressor_model_4.pkl
ACS,0,0.0,regressor_model_4.pkl
PDHa,1,0.0,regressor_model_4.pkl
HEPCT,0,0.0,regressor_model_4.pkl
SERAT_copy1,0,0.0,regressor_model_4.pkl
VALTA,0,0.0,regressor_model_4.pkl
SUCOAS,0,0.0,regressor_model_4.pkl
FRDO4r,0,0.0,regressor_model_4.pkl
GLNS_copy1,1,0.0,regressor_model_4.pkl
ILEDHr_1,0,0.0,regressor_model_4.pkl
ENO,0,0.0,regressor_model_4.pkl
RBK,0,0.0,regressor_model_4.pkl
ALATRS,0,0.0,regressor_model_4.pkl
PTPATi,0,0.0,regressor_model_4.pkl
FDH,0,0.0,regressor_model_4.pkl
NDPK3,0,0.0,regressor_model_4.pkl
DHAD1_copy2,0,0.0,regressor_model_4.pkl
PHETA1,0,0.0,regressor_model_4.pkl
FALDM,0,0.0,regressor_model_4.pkl
PPND,0,0.0,regressor_model_4.pkl
PPK,0,0.0,regressor_model_4.pkl
PPA,0,0.0,regressor_model_4.pkl
PRASCSi_copy1,0,0.0,regressor_model_4.pkl
AROH,0,0.0,regressor_model_4.pkl
GLUSy,0,0.0,regressor_model_4.pkl
GLYALDDr,0,0.0,regressor_model_4.pkl
LLEUDr,0,0.0,regressor_model_4.pkl
AGMDA,0,0.0,regressor_model_4.pkl
GLYCK,1,0.0,regressor_model_4.pkl
FE3DCITR,0,0.0,regressor_model_4.pkl
TRPS1_copy1,0,0.0,regressor_model_4.pkl
AKGDH,1,0.11173699702555656,regressor_model_4.pkl
IDPh_1,0,0.0,regressor_model_4.pkl
DLYSOXGAT,0,0.0,regressor_model_4.pkl
NDP8,0,0.0,regressor_model_4.pkl
TALA,0,0.03881925309619476,regressor_model_4.pkl
URO_c,0,0.0,regressor_model_4.pkl
PGI,1,0.0,regressor_model_4.pkl
ICL,1,0.0753024704599054,regressor_model_4.pkl
PSCVT_copy1,0,0.0,regressor_model_4.pkl
PGK,0,0.0,regressor_model_4.pkl
HDH,0,0.0,regressor_model_4.pkl
ALDD1,0,0.0,regressor_model_4.pkl
FE3DCITCH,1,0.0,regressor_model_4.pkl
AGPOP,0,0.0,regressor_model_4.pkl
PRAIi_copy2,1,0.0,regressor_model_4.pkl
CBMKr,0,0.0,regressor_model_4.pkl
1PPDCRc,0,0.0,regressor_model_4.pkl
GAPDi_nadp,0,0.0,regressor_model_4.pkl
FE3PYOVDL,0,0.0,regressor_model_4.pkl
PGM,0,0.0,regressor_model_4.pkl
PMANM,0,0.0,regressor_model_4.pkl
ILETA,0,0.0,regressor_model_4.pkl
LEUTA,0,0.0,regressor_model_4.pkl
R15BPK,0,0.0,regressor_model_4.pkl
LYSRC,0,0.0,regressor_model_4.pkl
OXOADLR,1,0.0,regressor_model_4.pkl
TRPS3,0,0.0,regressor_model_4.pkl
H2CO3D,0,0.0,regressor_model_4.pkl
SERAT_copy2,0,0.0,regressor_model_4.pkl
HSK,0,0.0,regressor_model_4.pkl
PPNDH,1,0.0,regressor_model_4.pkl
PSCVT_copy2,0,0.0,regressor_model_4.pkl
G5SD_copy2,0,0.0,regressor_model_4.pkl
ADK1,0,0.0,regressor_model_4.pkl
NTD4,0,0.0,regressor_model_4.pkl
PHETHPTOX3,1,0.0,regressor_model_4.pkl
ALATA_L,0,0.0,regressor_model_4.pkl
MEPCT_1,0,0.0,regressor_model_4.pkl
PDH,0,0.0,regressor_model_4.pkl
MALS,0,0.0,regressor_model_4.pkl
ANHMK,0,0.0,regressor_model_4.pkl
RECOAH7,0,0.0,regressor_model_4.pkl
GLUDxi,0,0.0,regressor_model_4.pkl
TRPS1_copy2,0,0.0,regressor_model_4.pkl
ALLTN,0,0.0,regressor_model_4.pkl
NDPK5,0,0.0,regressor_model_4.pkl
HISTD,0,0.0,regressor_model_4.pkl
ME2,0,0.0,regressor_model_4.pkl
GLXCL,0,0.0,regressor_model_4.pkl
PRPPS,0,0.0,regressor_model_4.pkl
URIH,0,0.0,regressor_model_4.pkl
PPCK,0,0.0,regressor_model_4.pkl
ALAR,0,0.0,regressor_model_4.pkl
HPYRI,0,0.0,regressor_model_4.pkl
PRAIi_copy1,0,0.0,regressor_model_4.pkl
CSPMDDH,0,0.0,regressor_model_4.pkl
MAN1PT2,1,0.0,regressor_model_4.pkl
HCO3E,0,0.0,regressor_model_4.pkl
DHAD1_copy1,0,0.0,regressor_model_4.pkl
APPAT,0,0.0,regressor_model_4.pkl
ADPT,0,0.0,regressor_model_4.pkl
PRASCSi_copy2,0,0.0,regressor_model_4.pkl
CBPS,0,0.0,regressor_model_4.pkl
FRDO7r,0,0.0,regressor_model_4.pkl
TRSARr,0,0.0,regressor_model_4.pkl
G5SD_copy1,0,0.0,regressor_model_4.pkl
GLNS_copy2,0,0.0,regressor_model_4.pkl
FRDO6r,0,0.0,regressor_model_4.pkl
MDH,0,0.0,regressor_model_4.pkl
PPM,0,0.0,regressor_model_4.pkl
PTRCTA2,0,0.0,regressor_model_4.pkl
DMALRED,0,0.0,regressor_model_4.pkl
G3PD2,0,0.0,regressor_model_4.pkl
DLYSPYRAT,0,0.0,regressor_model_4.pkl
DHSKDH,0,0.0,regressor_model_4.pkl
VALDHr,0,0.0,regressor_model_4.pkl
MEPCT,0,0.0,regressor_model_4.pkl
LSERDHr,0,0.0,regressor_model_4.pkl
G6PDH2r,1,0.0,regressor_model_4.pkl
DHQTi_copy1,0,0.0,regressor_model_4.pkl
DHQTi_copy2,0,0.0,regressor_model_4.pkl
HPYRRx,0,0.0,regressor_model_4.pkl
GLUDy,0,0.0,regressor_model_4.pkl
LTDCL,0,0.0,regressor_model_4.pkl
H2CO3D2,0,0.0,regressor_model_4.pkl
GAPD,0,0.0,regressor_model_4.pkl
SSALy,1,0.07320281347801562,regressor_model_4.pkl
GLYCTO1,0,0.0,regressor_model_4.pkl
ACS,0,0.0,regressor_model_4.pkl
PDHa,0,0.002066101806573064,regressor_model_4.pkl
HEPCT,0,0.0,regressor_model_4.pkl
SERAT_copy1,0,0.0,regressor_model_4.pkl
VALTA,0,0.0,regressor_model_4.pkl
SUCOAS,0,0.0,regressor_model_4.pkl
FRDO4r,0,0.0,regressor_model_4.pkl
GLNS_copy1,1,0.0,regressor_model_4.pkl
ILEDHr_1,0,0.0,regressor_model_4.pkl
ENO,0,0.0,regressor_model_4.pkl
RBK,0,0.0,regressor_model_4.pkl
ALATRS,0,0.0,regressor_model_4.pkl
PTPATi,0,0.0,regressor_model_4.pkl
FDH,0,0.0,regressor_model_4.pkl
NDPK3,0,0.0,regressor_model_4.pkl
DHAD1_copy2,0,0.0,regressor_model_4.pkl
PHETA1,0,0.0,regressor_model_4.pkl
FALDM,0,0.0,regressor_model_4.pkl
PPND,0,0.0,regressor_model_4.pkl
PPK,0,0.0,regressor_model_4.pkl
PPA,0,0.0,regressor_model_4.pkl
PRASCSi_copy1,0,0.0,regressor_model_4.pkl
AROH,1,0.0,regressor_model_4.pkl
GLUSy,0,0.0037715079265609633,regressor_model_4.pkl
GLYALDDr,0,0.0,regressor_model_4.pkl
LLEUDr,0,0.0,regressor_model_4.pkl
AGMDA,0,0.0,regressor_model_4.pkl
GLYCK,0,0.0,regressor_model_4.pkl
FE3DCITR,0,0.003961031046123577,regressor_model_4.pkl
TRPS1_copy1,0,0.0,regressor_model_4.pkl
AKGDH,1,0.07911537212681508,regressor_model_4.pkl
IDPh_1,0,0.0,regressor_model_4.pkl
DLYSOXGAT,0,0.0,regressor_model_4.pkl
NDP8,0,0.0,regressor_model_4.pkl
TALA,0,0.02910587947396464,regressor_model_4.pkl
URO_c,0,0.0,regressor_model_4.pkl
PGI,0,0.0,regressor_model_4.pkl
ICL,1,0.0585169661036184,regressor_model_4.pkl
PSCVT_copy1,0,0.0,regressor_model_4.pkl
PGK,0,0.0,regressor_model_4.pkl
HDH,0,0.0,regressor_model_4.pkl
ALDD1,0,0.0,regressor_model_4.pkl
FE3DCITCH,0,0.0,regressor_model_4.pkl
AGPOP,0,0.0,regressor_model_4.pkl
PRAIi_copy2,1,0.0,regressor_model_4.pkl
CBMKr,0,0.0,regressor_model_4.pkl
1PPDCRc,1,0.0,regressor_model_4.pkl
GAPDi_nadp,0,0.0,regressor_model_4.pkl
FE3PYOVDL,0,0.0,regressor_model_4.pkl
PGM,0,0.0,regressor_model_4.pkl
PMANM,0,0.0,regressor_model_4.pkl
ILETA,0,0.0,regressor_model_4.pkl
LEUTA,0,0.0,regressor_model_4.pkl
R15BPK,0,0.0,regressor_model_4.pkl
LYSRC,0,0.0018342536371630943,regressor_model_4.pkl
OXOADLR,0,0.0,regressor_model_4.pkl
TRPS3,0,0.0,regressor_model_4.pkl
H2CO3D,1,0.0,regressor_model_4.pkl
SERAT_copy2,0,0.0,regressor_model_4.pkl
HSK,0,0.0,regressor_model_4.pkl
PPNDH,0,0.0,regressor_model_4.pkl
PSCVT_copy2,0,0.0,regressor_model_4.pkl
G5SD_copy2,0,0.0,regressor_model_4.pkl
ADK1,0,0.0,regressor_model_4.pkl
NTD4,0,0.0,regressor_model_4.pkl
PHETHPTOX3,0,0.0,regressor_model_4.pkl
ALATA_L,0,0.0,regressor_model_4.pkl
MEPCT_1,0,0.0,regressor_model_4.pkl
PDH,0,0.0,regressor_model_4.pkl
MALS,1,0.0,regressor_model_4.pkl
ANHMK,0,0.0,regressor_model_4.pkl
RECOAH7,0,0.0,regressor_model_4.pkl
GLUDxi,0,0.0,regressor_model_4.pkl
TRPS1_copy2,0,0.0,regressor_model_4.pkl
ALLTN,0,0.0,regressor_model_4.pkl
NDPK5,0,0.0,regressor_model_4.pkl
HISTD,0,0.0,regressor_model_4.pkl
ME2,0,0.0,regressor_model_4.pkl
GLXCL,0,0.0,regressor_model_4.pkl
PRPPS,0,0.0,regressor_model_4.pkl
URIH,0,0.0,regressor_model_4.pkl
PPCK,0,0.0,regressor_model_4.pkl
ALAR,0,0.0,regressor_model_4.pkl
HPYRI,0,0.0,regressor_model_4.pkl
PRAIi_copy1,0,0.0,regressor_model_4.pkl
CSPMDDH,0,0.0,regressor_model_4.pkl
MAN1PT2,0,0.0,regressor_model_4.pkl
HCO3E,0,0.0,regressor_model_4.pkl
DHAD1_copy1,0,0.0,regressor_model_4.pkl
APPAT,0,0.0,regressor_model_4.pkl
ADPT,0,0.0,regressor_model_4.pkl
PRASCSi_copy2,0,0.0,regressor_model_4.pkl
CBPS,0,0.002287815870729182,regressor_model_4.pkl
FRDO7r,0,0.0,regressor_model_4.pkl
TRSARr,0,0.0,regressor_model_4.pkl
G5SD_copy1,0,0.0,regressor_model_4.pkl
GLNS_copy2,0,0.0,regressor_model_4.pkl
FRDO6r,0,0.0,regressor_model_4.pkl
MDH,0,0.0,regressor_model_4.pkl
PPM,0,0.0,regressor_model_4.pkl
PTRCTA2,1,0.03236970174208813,regressor_model_4.pkl
DMALRED,0,0.0,regressor_model_4.pkl
G3PD2,0,0.0,regressor_model_4.pkl
DLYSPYRAT,1,0.0031189299612562936,regressor_model_4.pkl
DHSKDH,0,0.0,regressor_model_4.pkl
VALDHr,1,0.004252206508553204,regressor_model_4.pkl
MEPCT,0,0.0,regressor_model_4.pkl
LSERDHr,0,0.0,regressor_model_4.pkl
G6PDH2r,0,0.0,regressor_model_4.pkl
DHQTi_copy1,0,0.0,regressor_model_4.pkl
DHQTi_copy2,0,0.0,regressor_model_4.pkl
HPYRRx,0,0.0,regressor_model_4.pkl
GLUDy,0,0.0,regressor_model_4.pkl
LTDCL,1,0.0,regressor_model_4.pkl
H2CO3D2,0,0.0,regressor_model_4.pkl
GAPD,0,0.0,regressor_model_4.pkl
SSALy,0,0.017762724308948024,regressor_model_4.pkl
GLYCTO1,0,0.0,regressor_model_4.pkl
ACS,0,0.0,regressor_model_4.pkl
PDHa,1,0.0,regressor_model_4.pkl
HEPCT,0,0.0,regressor_model_4.pkl
SERAT_copy1,0,0.0,regressor_model_4.pkl
VALTA,0,0.0,regressor_model_4.pkl
SUCOAS,0,0.0,regressor_model_4.pkl
FRDO4r,0,0.0,regressor_model_4.pkl
GLNS_copy1,1,0.0,regressor_model_4.pkl
ILEDHr_1,0,0.0,regressor_model_4.pkl
ENO,0,0.0,regressor_model_4.pkl
RBK,0,0.0,regressor_model_4.pkl
ALATRS,0,0.0,regressor_model_4.pkl
PTPATi,0,0.0,regressor_model_4.pkl
FDH,0,0.0,regressor_model_4.pkl
NDPK3,0,0.0,regressor_model_4.pkl
DHAD1_copy2,0,0.0,regressor_model_4.pkl
PHETA1,0,0.0,regressor_model_4.pkl
FALDM,0,0.0,regressor_model_4.pkl
PPND,0,0.0,regressor_model_4.pkl
PPK,0,0.0,regressor_model_4.pkl
PPA,0,0.0,regressor_model_4.pkl
PRASCSi_copy1,0,0.0,regressor_model_4.pkl
AROH,0,0.0,regressor_model_4.pkl
GLUSy,0,0.0,regressor_model_4.pkl
GLYALDDr,0,0.0,regressor_model_4.pkl
LLEUDr,0,0.0,regressor_model_4.pkl
AGMDA,0,0.0,regressor_model_4.pkl
GLYCK,0,0.0,regressor_model_4.pkl
FE3DCITR,0,0.0,regressor_model_4.pkl
TRPS1_copy1,0,0.0,regressor_model_4.pkl
AKGDH,1,0.09751520424172393,regressor_model_4.pkl
IDPh_1,0,0.0,regressor_model_4.pkl
DLYSOXGAT,0,0.0,regressor_model_4.pkl
NDP8,0,0.0,regressor_model_4.pkl
TALA,0,0.03166841637170103,regressor_model_4.pkl
URO_c,0,0.0,regressor_model_4.pkl
PGI,1,0.0,regressor_model_4.pkl
ICL,1,0.06801680627951488,regressor_model_4.pkl
PSCVT_copy1,0,0.0,regressor_model_4.pkl
PGK,0,0.0,regressor_model_4.pkl
HDH,1,0.0,regressor_model_4.pkl
ALDD1,0,0.0,regressor_model_4.pkl
FE3DCITCH,0,0.0,regressor_model_4.pkl
AGPOP,0,0.0,regressor_model_4.pkl
PRAIi_copy2,1,0.0,regressor_model_4.pkl
CBMKr,0,0.0,regressor_model_4.pkl
1PPDCRc,0,0.0,regressor_model_4.pkl
GAPDi_nadp,0,0.0,regressor_model_4.pkl
FE3PYOVDL,0,0.0,regressor_model_4.pkl
PGM,0,0.0,regressor_model_4.pkl
PMANM,0,0.0,regressor_model_4.pkl
ILETA,0,0.0,regressor_model_4.pkl
LEUTA,0,0.0,regressor_model_4.pkl
R15BPK,0,0.0,regressor_model_4.pkl
LYSRC,0,0.0,regressor_model_4.pkl
OXOADLR,1,0.0,regressor_model_4.pkl
TRPS3,0,0.0,regressor_model_4.pkl
H2CO3D,0,-0.020740431111449305,regressor_model_4.pkl
SERAT_copy2,0,0.0,regressor_model_4.pkl
HSK,0,0.0,regressor_model_4.pkl
PPNDH,1,0.0,regressor_model_4.pkl
PSCVT_copy2,0,0.0,regressor_model_4.pkl
G5SD_copy2,1,0.0,regressor_model_4.pkl
ADK1,0,0.0,regressor_model_4.pkl
NTD4,1,0.0,regressor_model_4.pkl
PHETHPTOX3,1,0.0,regressor_model_4.pkl
ALATA_L,0,0.0,regressor_model_4.pkl
MEPCT_1,0,0.0,regressor_model_4.pkl
PDH,0,0.0,regressor_model_4.pkl
MALS,1,0.0,regressor_model_4.pkl
ANHMK,0,0.0,regressor_model_4.pkl
RECOAH7,0,0.0,regressor_model_4.pkl
GLUDxi,0,0.0,regressor_model_4.pkl
TRPS1_copy2,0,0.0,regressor_model_4.pkl
ALLTN,0,0.0,regressor_model_4.pkl
NDPK5,0,0.0,regressor_model_4.pkl
HISTD,0,0.0,regressor_model_4.pkl
ME2,0,0.0,regressor_model_4.pkl
GLXCL,0,0.0,regressor_model_4.pkl
PRPPS,0,0.0,regressor_model_4.pkl
URIH,0,0.0,regressor_model_4.pkl
PPCK,0,0.0,regressor_model_4.pkl
ALAR,0,0.0,regressor_model_4.pkl
HPYRI,0,-0.009225745230666493,regressor_model_4.pkl
PRAIi_copy1,0,0.0,regressor_model_4.pkl
CSPMDDH,0,0.0,regressor_model_4.pkl
MAN1PT2,1,0.0,regressor_model_4.pkl
HCO3E,0,0.0,regressor_model_4.pkl
DHAD1_copy1,0,0.0,regressor_model_4.pkl
APPAT,0,0.0,regressor_model_4.pkl
ADPT,0,0.0,regressor_model_4.pkl
PRASCSi_copy2,0,0.0,regressor_model_4.pkl
CBPS,0,0.0,regressor_model_4.pkl
FRDO7r,0,0.0,regressor_model_4.pkl
TRSARr,0,0.0,regressor_model_4.pkl
G5SD_copy1,0,0.0,regressor_model_4.pkl
GLNS_copy2,0,0.0,regressor_model_4.pkl
FRDO6r,0,0.0,regressor_model_4.pkl
MDH,0,0.0,regressor_model_4.pkl
PPM,0,0.0,regressor_model_4.pkl
PTRCTA2,1,0.038953070467724824,regressor_model_4.pkl
DMALRED,0,0.0,regressor_model_4.pkl
G3PD2,0,0.0,regressor_model_4.pkl
DLYSPYRAT,1,0.0020419433003348703,regressor_model_4.pkl
DHSKDH,0,0.0,regressor_model_4.pkl
VALDHr,1,0.002913813801647157,regressor_model_4.pkl
MEPCT,0,0.0,regressor_model_4.pkl
LSERDHr,0,0.0,regressor_model_4.pkl
G6PDH2r,0,0.0,regressor_model_4.pkl
DHQTi_copy1,0,0.0,regressor_model_4.pkl
DHQTi_copy2,0,0.0,regressor_model_4.pkl
HPYRRx,0,0.0,regressor_model_4.pkl
GLUDy,0,0.0,regressor_model_4.pkl
LTDCL,1,0.0,regressor_model_4.pkl
H2CO3D2,0,0.0,regressor_model_4.pkl
GAPD,0,0.0,regressor_model_4.pkl
SSALy,1,0.019819158408715728,regressor_model_4.pkl
GLYCTO1,0,0.0,regressor_model_4.pkl
ACS,0,0.0,regressor_model_4.pkl
PDHa,1,0.002807638193310525,regressor_model_4.pkl
HEPCT,0,0.0,regressor_model_4.pkl
SERAT_copy1,0,0.0,regressor_model_4.pkl
VALTA,0,0.0,regressor_model_4.pkl
SUCOAS,0,0.0,regressor_model_4.pkl
FRDO4r,0,0.0,regressor_model_4.pkl
GLNS_copy1,1,0.0016416840132707465,regressor_model_4.pkl
ILEDHr_1,0,0.0,regressor_model_4.pkl
ENO,0,0.0,regressor_model_4.pkl
RBK,0,0.0,regressor_model_4.pkl
ALATRS,0,0.0,regressor_model_4.pkl
PTPATi,0,0.0,regressor_model_4.pkl
FDH,0,0.0,regressor_model_4.pkl
NDPK3,0,0.0,regressor_model_4.pkl
DHAD1_copy2,0,0.0,regressor_model_4.pkl
PHETA1,0,0.0,regressor_model_4.pkl
FALDM,0,0.0,regressor_model_4.pkl
PPND,0,0.0,regressor_model_4.pkl
PPK,0,0.0,regressor_model_4.pkl
PPA,0,0.0,regressor_model_4.pkl
PRASCSi_copy1,0,0.0,regressor_model_4.pkl
AROH,0,0.0,regressor_model_4.pkl
GLUSy,0,0.0,regressor_model_4.pkl
GLYALDDr,0,0.0,regressor_model_4.pkl
LLEUDr,0,0.0,regressor_model_4.pkl
AGMDA,0,0.0,regressor_model_4.pkl
GLYCK,0,0.0,regressor_model_4.pkl
FE3DCITR,0,0.0,regressor_model_4.pkl
TRPS1_copy1,0,0.0,regressor_model_4.pkl
AKGDH,1,0.0980213690376733,regressor_model_4.pkl
IDPh_1,0,0.0,regressor_model_4.pkl
DLYSOXGAT,0,0.0,regressor_model_4.pkl
NDP8,0,0.0,regressor_model_4.pkl
TALA,0,0.03579089141459193,regressor_model_4.pkl
URO_c,0,0.0,regressor_model_4.pkl
PGI,1,0.0,regressor_model_4.pkl
ICL,1,0.06520236845731692,regressor_model_4.pkl
PSCVT_copy1,0,0.0,regressor_model_4.pkl
PGK,0,0.0,regressor_model_4.pkl
HDH,1,0.0,regressor_model_4.pkl
ALDD1,0,0.0,regressor_model_4.pkl
FE3DCITCH,0,0.0,regressor_model_4.pkl
AGPOP,0,0.0,regressor_model_4.pkl
PRAIi_copy2,1,0.002119293391268386,regressor_model_4.pkl
CBMKr,0,0.0,regressor_model_4.pkl
1PPDCRc,0,0.001087962554539896,regressor_model_4.pkl
GAPDi_nadp,0,0.0,regressor_model_4.pkl
FE3PYOVDL,0,0.0,regressor_model_4.pkl
PGM,0,0.0,regressor_model_4.pkl
PMANM,0,0.0,regressor_model_4.pkl
ILETA,0,0.0,regressor_model_4.pkl
LEUTA,0,0.0,regressor_model_4.pkl
R15BPK,0,0.0,regressor_model_4.pkl
LYSRC,0,0.0,regressor_model_4.pkl
OXOADLR,0,0.000951271140940589,regressor_model_4.pkl
TRPS3,0,0.0,regressor_model_4.pkl
H2CO3D,0,0.0,regressor_model_4.pkl
SERAT_copy2,0,0.0,regressor_model_4.pkl
HSK,0,0.0,regressor_model_4.pkl
PPNDH,0,0.0,regressor_model_4.pkl
PSCVT_copy2,0,0.0,regressor_model_4.pkl
G5SD_copy2,0,0.0,regressor_model_4.pkl
ADK1,0,0.0,regressor_model_4.pkl
NTD4,0,0.0,regressor_model_4.pkl
PHETHPTOX3,0,0.0,regressor_model_4.pkl
ALATA_L,0,0.0,regressor_model_4.pkl
MEPCT_1,0,0.0,regressor_model_4.pkl
PDH,0,0.0,regressor_model_4.pkl
MALS,1,0.0,regressor_model_4.pkl
ANHMK,0,0.0,regressor_model_4.pkl
RECOAH7,0,0.0,regressor_model_4.pkl
GLUDxi,0,0.0,regressor_model_4.pkl
TRPS1_copy2,0,0.0,regressor_model_4.pkl
ALLTN,0,0.0,regressor_model_4.pkl
NDPK5,1,0.0,regressor_model_4.pkl
HISTD,0,0.0,regressor_model_4.pkl
ME2,0,0.0,regressor_model_4.pkl
GLXCL,0,0.0,regressor_model_4.pkl
PRPPS,0,0.0,regressor_model_4.pkl
URIH,0,0.0,regressor_model_4.pkl
PPCK,0,0.0,regressor_model_4.pkl
ALAR,0,0.0011606057882612153,regressor_model_4.pkl
HPYRI,0,0.0,regressor_model_4.pkl
PRAIi_copy1,0,0.0,regressor_model_4.pkl
CSPMDDH,0,0.0,regressor_model_4.pkl
MAN1PT2,1,0.0,regressor_model_4.pkl
HCO3E,1,0.0,regressor_model_4.pkl
DHAD1_copy1,0,0.0,regressor_model_4.pkl
APPAT,0,0.0,regressor_model_4.pkl
ADPT,0,0.0,regressor_model_4.pkl
PRASCSi_copy2,0,0.0,regressor_model_4.pkl
CBPS,0,0.0,regressor_model_4.pkl
FRDO7r,1,0.0,regressor_model_4.pkl
TRSARr,0,0.0,regressor_model_4.pkl
G5SD_copy1,0,0.0,regressor_model_4.pkl
GLNS_copy2,0,0.0,regressor_model_4.pkl
FRDO6r,0,0.0,regressor_model_4.pkl
MDH,0,0.0,regressor_model_4.pkl
PPM,0,0.0,regressor_model_4.pkl
PTRCTA2,1,0.03243169480624397,regressor_model_4.pkl
DMALRED,0,0.0,regressor_model_4.pkl
G3PD2,0,0.0,regressor_model_4.pkl
DLYSPYRAT,0,0.0,regressor_model_4.pkl
DHSKDH,0,0.0,regressor_model_4.pkl
VALDHr,1,0.0014796150931481345,regressor_model_4.pkl
MEPCT,0,0.0,regressor_model_4.pkl
LSERDHr,0,0.0,regressor_model_4.pkl
G6PDH2r,1,0.0,regressor_model_4.pkl
DHQTi_copy1,0,0.0,regressor_model_4.pkl
DHQTi_copy2,0,0.0,regressor_model_4.pkl
HPYRRx,0,0.0,regressor_model_4.pkl
GLUDy,0,0.0,regressor_model_4.pkl
LTDCL,1,0.0,regressor_model_4.pkl
H2CO3D2,0,0.0,regressor_model_4.pkl
GAPD,0,0.0,regressor_model_4.pkl
SSALy,1,0.020334790252439783,regressor_model_4.pkl
GLYCTO1,0,0.0,regressor_model_4.pkl
ACS,0,0.0,regressor_model_4.pkl
PDHa,1,0.0,regressor_model_4.pkl
HEPCT,0,0.0,regressor_model_4.pkl
SERAT_copy1,0,0.0,regressor_model_4.pkl
VALTA,0,0.0,regressor_model_4.pkl
SUCOAS,0,0.0,regressor_model_4.pkl
FRDO4r,0,0.0,regressor_model_4.pkl
GLNS_copy1,0,0.0,regressor_model_4.pkl
ILEDHr_1,0,0.0,regressor_model_4.pkl
ENO,0,0.0,regressor_model_4.pkl
RBK,0,0.0,regressor_model_4.pkl
ALATRS,0,0.0,regressor_model_4.pkl
PTPATi,0,0.0,regressor_model_4.pkl
FDH,0,0.0,regressor_model_4.pkl
NDPK3,0,0.0,regressor_model_4.pkl
DHAD1_copy2,0,0.0,regressor_model_4.pkl
PHETA1,0,0.0,regressor_model_4.pkl
FALDM,0,0.0,regressor_model_4.pkl
PPND,0,0.0,regressor_model_4.pkl
PPK,0,0.0,regressor_model_4.pkl
PPA,0,0.0,regressor_model_4.pkl
PRASCSi_copy1,0,0.0,regressor_model_4.pkl
AROH,0,0.0,regressor_model_4.pkl
GLUSy,0,0.0,regressor_model_4.pkl
GLYALDDr,0,0.0,regressor_model_4.pkl
LLEUDr,1,0.0,regressor_model_4.pkl
AGMDA,0,0.0,regressor_model_4.pkl
GLYCK,0,0.0,regressor_model_4.pkl
FE3DCITR,0,0.0,regressor_model_4.pkl
TRPS1_copy1,0,0.0,regressor_model_4.pkl
AKGDH,1,0.11481708698777299,regressor_model_4.pkl
IDPh_1,0,0.0,regressor_model_4.pkl
DLYSOXGAT,0,0.0,regressor_model_4.pkl
NDP8,0,0.0,regressor_model_4.pkl
TALA,0,0.03697129913753867,regressor_model_4.pkl
URO_c,0,0.0,regressor_model_4.pkl
PGI,0,0.0,regressor_model_4.pkl
ICL,1,0.0772032706577871,regressor_model_4.pkl
PSCVT_copy1,0,0.0,regressor_model_4.pkl
PGK,0,0.0,regressor_model_4.pkl
HDH,1,0.0,regressor_model_4.pkl
ALDD1,0,0.0,regressor_model_4.pkl
FE3DCITCH,0,0.0,regressor_model_4.pkl
AGPOP,0,0.0,regressor_model_4.pkl
PRAIi_copy2,1,0.0,regressor_model_4.pkl
CBMKr,0,0.0,regressor_model_4.pkl
1PPDCRc,0,0.0,regressor_model_4.pkl
GAPDi_nadp,0,0.0,regressor_model_4.pkl
FE3PYOVDL,0,0.0,regressor_model_4.pkl
PGM,0,0.0,regressor_model_4.pkl
PMANM,0,0.0,regressor_model_4.pkl
ILETA,0,0.0,regressor_model_4.pkl
LEUTA,0,0.0,regressor_model_4.pkl
R15BPK,0,0.0,regressor_model_4.pkl
LYSRC,0,0.0,regressor_model_4.pkl
OXOADLR,1,0.0018751280966589506,regressor_model_4.pkl
TRPS3,0,0.0,regressor_model_4.pkl
H2CO3D,0,0.0,regressor_model_4.pkl
SERAT_copy2,0,0.0,regressor_model_4.pkl
HSK,0,0.0,regressor_model_4.pkl
PPNDH,1,0.0,regressor_model_4.pkl
PSCVT_copy2,0,0.0,regressor_model_4.pkl
G5SD_copy2,0,0.0,regressor_model_4.pkl
ADK1,0,0.0,regressor_model_4.pkl
NTD4,0,0.0,regressor_model_4.pkl
PHETHPTOX3,1,0.0,regressor_model_4.pkl
ALATA_L,0,0.0,regressor_model_4.pkl
MEPCT_1,0,0.0,regressor_model_4.pkl
PDH,0,0.0,regressor_model_4.pkl
MALS,0,0.0,regressor_model_4.pkl
ANHMK,0,0.0,regressor_model_4.pkl
RECOAH7,0,0.0,regressor_model_4.pkl
GLUDxi,0,0.0,regressor_model_4.pkl
TRPS1_copy2,0,0.0,regressor_model_4.pkl
ALLTN,0,0.0,regressor_model_4.pkl
NDPK5,1,0.0,regressor_model_4.pkl
HISTD,0,0.0,regressor_model_4.pkl
ME2,0,0.0,regressor_model_4.pkl
GLXCL,0,0.0,regressor_model_4.pkl
PRPPS,0,0.0,regressor_model_4.pkl
URIH,0,0.0,regressor_model_4.pkl
PPCK,0,0.0022803676404286044,regressor_model_4.pkl
ALAR,0,0.0,regressor_model_4.pkl
HPYRI,1,0.0,regressor_model_4.pkl
PRAIi_copy1,0,0.0,regressor_model_4.pkl
CSPMDDH,0,0.0,regressor_model_4.pkl
MAN1PT2,1,0.0,regressor_model_4.pkl
HCO3E,0,0.0,regressor_model_4.pkl
DHAD1_copy1,0,0.0,regressor_model_4.pkl
APPAT,0,0.0,regressor_model_4.pkl
ADPT,0,0.0,regressor_model_4.pkl
PRASCSi_copy2,0,0.0,regressor_model_4.pkl
CBPS,0,0.0,regressor_model_4.pkl
FRDO7r,0,0.0,regressor_model_4.pkl
TRSARr,0,0.0,regressor_model_4.pkl
G5SD_copy1,0,0.0,regressor_model_4.pkl
GLNS_copy2,0,0.0,regressor_model_4.pkl
FRDO6r,0,0.0,regressor_model_4.pkl
MDH,0,0.0,regressor_model_4.pkl
PPM,0,0.0,regressor_model_4.pkl
PTRCTA2,1,0.08520012543252321,regressor_model_4.pkl
DMALRED,0,0.0,regressor_model_4.pkl
G3PD2,0,0.0,regressor_model_4.pkl
DLYSPYRAT,1,0.0,regressor_model_4.pkl
DHSKDH,0,0.0,regressor_model_4.pkl
VALDHr,1,0.004876865088774324,regressor_model_4.pkl
MEPCT,0,0.0,regressor_model_4.pkl
LSERDHr,0,0.0,regressor_model_4.pkl
G6PDH2r,0,0.0,regressor_model_4.pkl
DHQTi_copy1,0,0.0,regressor_model_4.pkl
DHQTi_copy2,0,0.0,regressor_model_4.pkl
HPYRRx,0,0.0,regressor_model_4.pkl
GLUDy,0,0.0,regressor_model_4.pkl
LTDCL,0,0.0,regressor_model_4.pkl
H2CO3D2,0,0.0,regressor_model_4.pkl
GAPD,0,0.0,regressor_model_4.pkl
SSALy,1,0.0,regressor_model_4.pkl
GLYCTO1,0,0.0,regressor_model_4.pkl
ACS,0,0.0,regressor_model_4.pkl
PDHa,1,0.0,regressor_model_4.pkl
HEPCT,0,0.0,regressor_model_4.pkl
SERAT_copy1,0,0.0,regressor_model_4.pkl
VALTA,0,0.0,regressor_model_4.pkl
SUCOAS,0,0.0,regressor_model_4.pkl
FRDO4r,0,0.0,regressor_model_4.pkl
GLNS_copy1,1,0.0039230004574995056,regressor_model_4.pkl
ILEDHr_1,0,0.0,regressor_model_4.pkl
ENO,0,0.0,regressor_model_4.pkl
RBK,0,0.0,regressor_model_4.pkl
ALATRS,0,0.0,regressor_model_4.pkl
PTPATi,0,0.0,regressor_model_4.pkl
FDH,0,0.0,regressor_model_4.pkl
NDPK3,0,0.0,regressor_model_4.pkl
DHAD1_copy2,0,0.0,regressor_model_4.pkl
PHETA1,0,0.0,regressor_model_4.pkl
FALDM,0,0.0,regressor_model_4.pkl
PPND,0,0.0,regressor_model_4.pkl
PPK,1,0.0,regressor_model_4.pkl
PPA,0,0.0,regressor_model_4.pkl
PRASCSi_copy1,0,0.0,regressor_model_4.pkl
AROH,0,0.0,regressor_model_4.pkl
GLUSy,0,0.0,regressor_model_4.pkl
GLYALDDr,0,0.0,regressor_model_4.pkl
LLEUDr,1,0.0,regressor_model_4.pkl
AGMDA,0,0.0,regressor_model_4.pkl
GLYCK,0,0.0,regressor_model_4.pkl
FE3DCITR,0,0.0,regressor_model_4.pkl
TRPS1_copy1,0,0.0,regressor_model_4.pkl
AKGDH,1,0.08949923025787561,regressor_model_4.pkl
IDPh_1,0,0.0,regressor_model_4.pkl
DLYSOXGAT,0,0.0,regressor_model_4.pkl
NDP8,0,0.0,regressor_model_4.pkl
TALA,1,0.033961184765708655,regressor_model_4.pkl
URO_c,0,0.0,regressor_model_4.pkl
PGI,0,0.0,regressor_model_4.pkl
ICL,1,0.05992410818895888,regressor_model_4.pkl
PSCVT_copy1,0,0.0,regressor_model_4.pkl
PGK,0,0.0,regressor_model_4.pkl
HDH,0,0.0,regressor_model_4.pkl
ALDD1,0,0.0,regressor_model_4.pkl
FE3DCITCH,1,0.0033382131831554696,regressor_model_4.pkl
AGPOP,0,0.0,regressor_model_4.pkl
PRAIi_copy2,1,0.0,regressor_model_4.pkl
CBMKr,0,0.0,regressor_model_4.pkl
1PPDCRc,0,0.0,regressor_model_4.pkl
GAPDi_nadp,0,0.0,regressor_model_4.pkl
FE3PYOVDL,0,0.0,regressor_model_4.pkl
PGM,0,0.0,regressor_model_4.pkl
PMANM,0,0.0,regressor_model_4.pkl
ILETA,0,0.0,regressor_model_4.pkl
LEUTA,0,0.0,regressor_model_4.pkl
R15BPK,0,0.0,regressor_model_4.pkl
LYSRC,0,0.0,regressor_model_4.pkl
OXOADLR,1,0.0,regressor_model_4.pkl
TRPS3,0,0.0,regressor_model_4.pkl
H2CO3D,0,0.0,regressor_model_4.pkl
SERAT_copy2,0,0.0,regressor_model_4.pkl
HSK,0,0.0,regressor_model_4.pkl
PPNDH,0,0.0,regressor_model_4.pkl
PSCVT_copy2,0,0.0,regressor_model_4.pkl
G5SD_copy2,0,0.0,regressor_model_4.pkl
ADK1,0,0.0,regressor_model_4.pkl
NTD4,0,0.0,regressor_model_4.pkl
PHETHPTOX3,1,0.0,regressor_model_4.pkl
ALATA_L,0,0.0,regressor_model_4.pkl
MEPCT_1,0,0.0,regressor_model_4.pkl
PDH,0,0.0,regressor_model_4.pkl
MALS,0,0.0,regressor_model_4.pkl
ANHMK,0,0.0,regressor_model_4.pkl
RECOAH7,0,0.0,regressor_model_4.pkl
GLUDxi,0,0.0,regressor_model_4.pkl
TRPS1_copy2,0,0.0,regressor_model_4.pkl
ALLTN,0,0.0,regressor_model_4.pkl
NDPK5,1,0.0,regressor_model_4.pkl
HISTD,0,0.0,regressor_model_4.pkl
ME2,0,0.0,regressor_model_4.pkl
GLXCL,0,0.0,regressor_model_4.pkl
PRPPS,0,0.0,regressor_model_4.pkl
URIH,0,0.0,regressor_model_4.pkl
PPCK,0,0.0,regressor_model_4.pkl
ALAR,0,0.0,regressor_model_4.pkl
HPYRI,0,0.0,regressor_model_4.pkl
PRAIi_copy1,0,0.0,regressor_model_4.pkl
CSPMDDH,0,0.0,regressor_model_4.pkl
MAN1PT2,0,0.0,regressor_model_4.pkl
HCO3E,0,0.0,regressor_model_4.pkl
DHAD1_copy1,0,0.0,regressor_model_4.pkl
APPAT,0,0.0,regressor_model_4.pkl
ADPT,0,0.0,regressor_model_4.pkl
PRASCSi_copy2,0,0.0,regressor_model_4.pkl
CBPS,0,0.0,regressor_model_4.pkl
FRDO7r,0,0.0,regressor_model_4.pkl
TRSARr,0,0.0,regressor_model_4.pkl
G5SD_copy1,0,0.0,regressor_model_4.pkl
GLNS_copy2,0,0.0,regressor_model_4.pkl
FRDO6r,0,0.0,regressor_model_4.pkl
MDH,0,0.0,regressor_model_4.pkl
PPM,0,0.0,regressor_model_4.pkl
PTRCTA2,0,0.008694918109152128,regressor_model_4.pkl
DMALRED,0,0.0,regressor_model_4.pkl
G3PD2,0,0.0,regressor_model_4.pkl
DLYSPYRAT,0,0.0,regressor_model_4.pkl
DHSKDH,0,0.0,regressor_model_4.pkl
VALDHr,1,0.002082080149748924,regressor_model_4.pkl
MEPCT,0,0.0,regressor_model_4.pkl
LSERDHr,0,0.0,regressor_model_4.pkl
G6PDH2r,0,0.0016653701536368695,regressor_model_4.pkl
DHQTi_copy1,0,0.0,regressor_model_4.pkl
DHQTi_copy2,0,0.0,regressor_model_4.pkl
HPYRRx,0,0.0,regressor_model_4.pkl
GLUDy,0,0.0,regressor_model_4.pkl
LTDCL,1,0.003327009039840862,regressor_model_4.pkl
H2CO3D2,0,0.001657861651076809,regressor_model_4.pkl
GAPD,0,0.0,regressor_model_4.pkl
SSALy,1,0.02767284167885131,regressor_model_4.pkl
GLYCTO1,0,0.0,regressor_model_4.pkl
ACS,0,0.0,regressor_model_4.pkl
PDHa,0,0.0029213705021269064,regressor_model_4.pkl
HEPCT,0,0.01240483546840714,regressor_model_4.pkl
SERAT_copy1,0,0.0,regressor_model_4.pkl
VALTA,0,0.0,regressor_model_4.pkl
SUCOAS,0,0.0932060329859057,regressor_model_4.pkl
FRDO4r,0,0.0,regressor_model_4.pkl
GLNS_copy1,1,0.0005996628679437649,regressor_model_4.pkl
ILEDHr_1,0,0.0,regressor_model_4.pkl
ENO,0,0.0,regressor_model_4.pkl
RBK,0,0.0,regressor_model_4.pkl
ALATRS,0,0.0,regressor_model_4.pkl
PTPATi,0,0.0,regressor_model_4.pkl
FDH,0,0.0,regressor_model_4.pkl
NDPK3,0,0.0,regressor_model_4.pkl
DHAD1_copy2,0,0.0,regressor_model_4.pkl
PHETA1,0,0.0,regressor_model_4.pkl
FALDM,0,0.0,regressor_model_4.pkl
PPND,0,0.0,regressor_model_4.pkl
PPK,0,0.0,regressor_model_4.pkl
PPA,0,0.0,regressor_model_4.pkl
PRASCSi_copy1,0,0.0,regressor_model_4.pkl
AROH,0,0.0,regressor_model_4.pkl
GLUSy,0,0.0,regressor_model_4.pkl
GLYALDDr,0,0.0,regressor_model_4.pkl
LLEUDr,1,0.0,regressor_model_4.pkl
AGMDA,0,0.0023058304065473006,regressor_model_4.pkl
GLYCK,1,0.0,regressor_model_4.pkl
FE3DCITR,0,0.0,regressor_model_4.pkl
TRPS1_copy1,0,0.0,regressor_model_4.pkl
AKGDH,1,0.00848619491170948,regressor_model_4.pkl
IDPh_1,0,0.0011361956985649138,regressor_model_4.pkl
DLYSOXGAT,0,0.0,regressor_model_4.pkl
NDP8,0,0.0,regressor_model_4.pkl
TALA,1,0.018359381429618935,regressor_model_4.pkl
URO_c,0,0.0,regressor_model_4.pkl
PGI,0,0.0007514774824003381,regressor_model_4.pkl
ICL,1,0.04819978826184198,regressor_model_4.pkl
PSCVT_copy1,0,0.0,regressor_model_4.pkl
PGK,0,0.0,regressor_model_4.pkl
HDH,1,0.0,regressor_model_4.pkl
ALDD1,0,0.0,regressor_model_4.pkl
FE3DCITCH,1,0.0,regressor_model_4.pkl
AGPOP,0,0.0,regressor_model_4.pkl
PRAIi_copy2,1,0.0015416314955823138,regressor_model_4.pkl
CBMKr,0,0.0,regressor_model_4.pkl
1PPDCRc,0,0.0,regressor_model_4.pkl
GAPDi_nadp,0,0.0,regressor_model_4.pkl
FE3PYOVDL,0,0.0,regressor_model_4.pkl
PGM,0,0.0,regressor_model_4.pkl
PMANM,0,0.0,regressor_model_4.pkl
ILETA,0,0.0,regressor_model_4.pkl
LEUTA,0,0.0,regressor_model_4.pkl
R15BPK,0,0.0,regressor_model_4.pkl
LYSRC,0,0.0,regressor_model_4.pkl
OXOADLR,0,0.0,regressor_model_4.pkl
TRPS3,0,0.0032486131432440672,regressor_model_4.pkl
H2CO3D,0,0.0,regressor_model_4.pkl
SERAT_copy2,0,0.00032046398236267395,regressor_model_4.pkl
HSK,0,0.0,regressor_model_4.pkl
PPNDH,0,0.0,regressor_model_4.pkl
PSCVT_copy2,0,0.0,regressor_model_4.pkl
G5SD_copy2,0,0.0,regressor_model_4.pkl
ADK1,0,0.0010374543360908769,regressor_model_4.pkl
NTD4,0,0.0,regressor_model_4.pkl
PHETHPTOX3,0,0.0,regressor_model_4.pkl
ALATA_L,0,0.0,regressor_model_4.pkl
MEPCT_1,0,0.0,regressor_model_4.pkl
PDH,0,0.0,regressor_model_4.pkl
MALS,1,0.0031844303291062625,regressor_model_4.pkl
ANHMK,1,0.0004483179441552503,regressor_model_4.pkl
RECOAH7,0,0.0,regressor_model_4.pkl
GLUDxi,0,0.0,regressor_model_4.pkl
TRPS1_copy2,0,0.0,regressor_model_4.pkl
ALLTN,0,0.0011965742530038392,regressor_model_4.pkl
NDPK5,1,0.0,regressor_model_4.pkl
HISTD,0,0.0,regressor_model_4.pkl
ME2,0,0.0,regressor_model_4.pkl
GLXCL,0,0.0,regressor_model_4.pkl
PRPPS,0,0.0,regressor_model_4.pkl
URIH,0,0.0010188317037668814,regressor_model_4.pkl
PPCK,0,0.0,regressor_model_4.pkl
ALAR,1,0.002132839079647427,regressor_model_4.pkl
HPYRI,0,0.0,regressor_model_4.pkl
PRAIi_copy1,0,0.0014213969657569925,regressor_model_4.pkl
CSPMDDH,0,0.0029040796957596057,regressor_model_4.pkl
MAN1PT2,1,0.0,regressor_model_4.pkl
HCO3E,0,0.0011552949784932555,regressor_model_4.pkl
DHAD1_copy1,0,0.0,regressor_model_4.pkl
APPAT,0,0.0,regressor_model_4.pkl
ADPT,0,0.005743336290125078,regressor_model_4.pkl
PRASCSi_copy2,0,0.0,regressor_model_4.pkl
CBPS,0,0.0,regressor_model_4.pkl
FRDO7r,0,0.0,regressor_model_4.pkl
TRSARr,0,0.0,regressor_model_4.pkl
G5SD_copy1,0,0.0,regressor_model_4.pkl
GLNS_copy2,0,0.0,regressor_model_4.pkl
FRDO6r,0,0.0,regressor_model_4.pkl
MDH,0,0.0,regressor_model_4.pkl
PPM,0,0.0,regressor_model_4.pkl
PTRCTA2,1,0.053117848024291134,regressor_model_4.pkl
DMALRED,0,0.0,regressor_model_4.pkl
G3PD2,0,0.0,regressor_model_4.pkl
DLYSPYRAT,0,0.0,regressor_model_4.pkl
DHSKDH,0,0.0,regressor_model_4.pkl
VALDHr,1,0.0,regressor_model_4.pkl
MEPCT,0,0.0,regressor_model_4.pkl
LSERDHr,0,0.0,regressor_model_4.pkl
G6PDH2r,0,0.0,regressor_model_4.pkl
DHQTi_copy1,0,0.0,regressor_model_4.pkl
DHQTi_copy2,0,0.0,regressor_model_4.pkl
HPYRRx,0,0.0,regressor_model_4.pkl
GLUDy,0,0.0,regressor_model_4.pkl
LTDCL,1,0.0,regressor_model_4.pkl
H2CO3D2,0,0.0,regressor_model_4.pkl
GAPD,0,0.0,regressor_model_4.pkl
SSALy,1,0.023027809969652077,regressor_model_4.pkl
GLYCTO1,0,0.0,regressor_model_4.pkl
ACS,0,0.0,regressor_model_4.pkl
PDHa,0,0.0,regressor_model_4.pkl
HEPCT,0,0.0,regressor_model_4.pkl
SERAT_copy1,0,0.0,regressor_model_4.pkl
VALTA,0,0.0,regressor_model_4.pkl
SUCOAS,0,0.0,regressor_model_4.pkl
FRDO4r,0,0.0,regressor_model_4.pkl
GLNS_copy1,1,0.0,regressor_model_4.pkl
ILEDHr_1,0,0.0,regressor_model_4.pkl
ENO,0,0.0,regressor_model_4.pkl
RBK,0,0.0,regressor_model_4.pkl
ALATRS,0,0.0,regressor_model_4.pkl
PTPATi,0,0.0,regressor_model_4.pkl
FDH,0,0.0,regressor_model_4.pkl
NDPK3,0,0.0,regressor_model_4.pkl
DHAD1_copy2,0,0.0,regressor_model_4.pkl
PHETA1,0,0.0,regressor_model_4.pkl
FALDM,0,0.0,regressor_model_4.pkl
PPND,0,0.0,regressor_model_4.pkl
PPK,0,0.0,regressor_model_4.pkl
PPA,0,0.0,regressor_model_4.pkl
PRASCSi_copy1,0,0.0,regressor_model_4.pkl
AROH,0,0.0,regressor_model_4.pkl
GLUSy,0,0.0,regressor_model_4.pkl
GLYALDDr,0,0.0,regressor_model_4.pkl
LLEUDr,1,0.0,regressor_model_4.pkl
AGMDA,0,0.0,regressor_model_4.pkl
GLYCK,0,0.0,regressor_model_4.pkl
FE3DCITR,0,0.0,regressor_model_4.pkl
TRPS1_copy1,0,0.0,regressor_model_4.pkl
AKGDH,1,0.11451477428426769,regressor_model_4.pkl
IDPh_1,0,0.0,regressor_model_4.pkl
DLYSOXGAT,0,0.0,regressor_model_4.pkl
NDP8,0,0.0,regressor_model_4.pkl
TALA,1,0.0,regressor_model_4.pkl
URO_c,0,0.0,regressor_model_4.pkl
PGI,0,0.03769629333122137,regressor_model_4.pkl
ICL,1,0.07826191056341947,regressor_model_4.pkl
PSCVT_copy1,0,0.0,regressor_model_4.pkl
PGK,0,0.0,regressor_model_4.pkl
HDH,1,0.0,regressor_model_4.pkl
ALDD1,0,0.0,regressor_model_4.pkl
FE3DCITCH,1,0.0,regressor_model_4.pkl
AGPOP,0,0.0,regressor_model_4.pkl
PRAIi_copy2,1,0.0,regressor_model_4.pkl
CBMKr,0,0.0,regressor_model_4.pkl
1PPDCRc,0,0.0,regressor_model_4.pkl
GAPDi_nadp,0,0.0,regressor_model_4.pkl
FE3PYOVDL,0,0.0,regressor_model_4.pkl
PGM,0,0.0,regressor_model_4.pkl
PMANM,0,0.0,regressor_model_4.pkl
ILETA,0,0.0,regressor_model_4.pkl
LEUTA,0,0.0,regressor_model_4.pkl
R15BPK,0,0.0,regressor_model_4.pkl
LYSRC,0,0.0,regressor_model_4.pkl
OXOADLR,1,0.0,regressor_model_4.pkl
TRPS3,0,0.0,regressor_model_4.pkl
H2CO3D,0,0.0,regressor_model_4.pkl
SERAT_copy2,0,0.0,regressor_model_4.pkl
HSK,0,0.0,regressor_model_4.pkl
PPNDH,1,0.0,regressor_model_4.pkl
PSCVT_copy2,0,0.0,regressor_model_4.pkl
G5SD_copy2,0,0.0,regressor_model_4.pkl
ADK1,0,0.0,regressor_model_4.pkl
NTD4,0,0.0,regressor_model_4.pkl
PHETHPTOX3,0,0.0,regressor_model_4.pkl
ALATA_L,0,0.0,regressor_model_4.pkl
MEPCT_1,0,0.0,regressor_model_4.pkl
PDH,0,0.0,regressor_model_4.pkl
MALS,1,0.0,regressor_model_4.pkl
ANHMK,0,0.0,regressor_model_4.pkl
RECOAH7,0,0.0,regressor_model_4.pkl
GLUDxi,0,0.0,regressor_model_4.pkl
TRPS1_copy2,0,0.0,regressor_model_4.pkl
ALLTN,0,0.0,regressor_model_4.pkl
NDPK5,0,0.0,regressor_model_4.pkl
HISTD,0,0.0,regressor_model_4.pkl
ME2,0,0.0,regressor_model_4.pkl
GLXCL,0,0.0,regressor_model_4.pkl
PRPPS,0,0.0,regressor_model_4.pkl
URIH,0,0.0,regressor_model_4.pkl
PPCK,0,0.004809874717812523,regressor_model_4.pkl
ALAR,1,0.0,regressor_model_4.pkl
HPYRI,0,0.0,regressor_model_4.pkl
PRAIi_copy1,0,0.0,regressor_model_4.pkl
CSPMDDH,0,0.0,regressor_model_4.pkl
MAN1PT2,1,0.0,regressor_model_4.pkl
HCO3E,0,0.0,regressor_model_4.pkl
DHAD1_copy1,0,0.0,regressor_model_4.pkl
APPAT,0,0.0,regressor_model_4.pkl
ADPT,0,0.0,regressor_model_4.pkl
PRASCSi_copy2,0,0.0,regressor_model_4.pkl
CBPS,0,0.0,regressor_model_4.pkl
FRDO7r,0,0.0,regressor_model_4.pkl
TRSARr,0,0.0,regressor_model_4.pkl
G5SD_copy1,0,0.0,regressor_model_4.pkl
GLNS_copy2,0,0.0,regressor_model_4.pkl
FRDO6r,0,0.0,regressor_model_4.pkl
MDH,0,0.0,regressor_model_4.pkl
PPM,0,0.0,regressor_model_4.pkl
PTRCTA2,0,0.09539621899363711,regressor_model_4.pkl
DMALRED,0,0.0,regressor_model_4.pkl
G3PD2,0,0.0046315155798148,regressor_model_4.pkl
DLYSPYRAT,0,0.0,regressor_model_4.pkl
DHSKDH,0,0.0,regressor_model_4.pkl
VALDHr,1,0.0,regressor_model_4.pkl
MEPCT,0,0.0,regressor_model_4.pkl
LSERDHr,0,0.0,regressor_model_4.pkl
G6PDH2r,0,0.0,regressor_model_4.pkl
DHQTi_copy1,0,0.0,regressor_model_4.pkl
DHQTi_copy2,0,0.0,regressor_model_4.pkl
HPYRRx,0,0.0,regressor_model_4.pkl
GLUDy,0,0.0,regressor_model_4.pkl
LTDCL,0,0.0,regressor_model_4.pkl
H2CO3D2,0,0.0,regressor_model_4.pkl
GAPD,0,0.0,regressor_model_4.pkl
SSALy,1,0.0,regressor_model_4.pkl
GLYCTO1,0,0.0,regressor_model_4.pkl
ACS,0,0.0,regressor_model_4.pkl
PDHa,1,0.0,regressor_model_4.pkl
HEPCT,0,0.0,regressor_model_4.pkl
SERAT_copy1,0,0.0,regressor_model_4.pkl
VALTA,0,0.0,regressor_model_4.pkl
SUCOAS,0,0.0,regressor_model_4.pkl
FRDO4r,0,0.0,regressor_model_4.pkl
GLNS_copy1,1,0.0,regressor_model_4.pkl
ILEDHr_1,0,0.0,regressor_model_4.pkl
ENO,0,0.0,regressor_model_4.pkl
RBK,0,0.0,regressor_model_4.pkl
ALATRS,0,0.0,regressor_model_4.pkl
PTPATi,0,0.0,regressor_model_4.pkl
FDH,0,0.0,regressor_model_4.pkl
NDPK3,0,0.0,regressor_model_4.pkl
DHAD1_copy2,0,0.0,regressor_model_4.pkl
PHETA1,0,0.0,regressor_model_4.pkl
FALDM,0,0.0,regressor_model_4.pkl
PPND,0,0.0,regressor_model_4.pkl
PPK,0,0.0,regressor_model_4.pkl
PPA,0,0.0,regressor_model_4.pkl
PRASCSi_copy1,0,0.0,regressor_model_4.pkl
AROH,0,0.0,regressor_model_4.pkl
GLUSy,0,0.0,regressor_model_4.pkl
GLYALDDr,0,0.0,regressor_model_4.pkl
LLEUDr,0,0.0,regressor_model_4.pkl
AGMDA,0,0.0,regressor_model_4.pkl
GLYCK,0,0.0,regressor_model_4.pkl
FE3DCITR,0,0.0,regressor_model_4.pkl
TRPS1_copy1,0,0.0,regressor_model_4.pkl
AKGDH,1,0.09913045305435005,regressor_model_4.pkl
IDPh_1,0,0.0,regressor_model_4.pkl
DLYSOXGAT,0,0.0,regressor_model_4.pkl
NDP8,0,0.0,regressor_model_4.pkl
TALA,1,0.0,regressor_model_4.pkl
URO_c,0,0.0,regressor_model_4.pkl
PGI,0,0.0384121323510476,regressor_model_4.pkl
ICL,1,0.06622421054820729,regressor_model_4.pkl
PSCVT_copy1,0,0.0,regressor_model_4.pkl
PGK,0,0.0,regressor_model_4.pkl
HDH,1,0.0,regressor_model_4.pkl
ALDD1,0,0.0,regressor_model_4.pkl
FE3DCITCH,1,0.0,regressor_model_4.pkl
AGPOP,0,0.0,regressor_model_4.pkl
PRAIi_copy2,1,0.0,regressor_model_4.pkl
CBMKr,0,0.0,regressor_model_4.pkl
1PPDCRc,0,0.0,regressor_model_4.pkl
GAPDi_nadp,0,0.0,regressor_model_4.pkl
FE3PYOVDL,0,0.0,regressor_model_4.pkl
PGM,0,0.0,regressor_model_4.pkl
PMANM,0,0.0,regressor_model_4.pkl
ILETA,0,0.0,regressor_model_4.pkl
LEUTA,1,0.0,regressor_model_4.pkl
R15BPK,0,0.0,regressor_model_4.pkl
LYSRC,0,0.0,regressor_model_4.pkl
OXOADLR,0,0.0,regressor_model_4.pkl
TRPS3,0,0.0,regressor_model_4.pkl
H2CO3D,0,0.0,regressor_model_4.pkl
SERAT_copy2,0,0.0,regressor_model_4.pkl
HSK,0,0.0,regressor_model_4.pkl
PPNDH,1,0.0,regressor_model_4.pkl
PSCVT_copy2,0,0.0,regressor_model_4.pkl
G5SD_copy2,0,0.0,regressor_model_4.pkl
ADK1,0,0.0,regressor_model_4.pkl
NTD4,1,0.0,regressor_model_4.pkl
PHETHPTOX3,1,0.0,regressor_model_4.pkl
ALATA_L,0,0.0,regressor_model_4.pkl
MEPCT_1,0,0.0,regressor_model_4.pkl
PDH,0,0.0,regressor_model_4.pkl
MALS,1,0.0,regressor_model_4.pkl
ANHMK,0,0.0,regressor_model_4.pkl
RECOAH7,0,0.0,regressor_model_4.pkl
GLUDxi,0,0.0,regressor_model_4.pkl
TRPS1_copy2,0,0.0,regressor_model_4.pkl
ALLTN,0,0.0,regressor_model_4.pkl
NDPK5,0,0.0,regressor_model_4.pkl
HISTD,0,0.0,regressor_model_4.pkl
ME2,0,0.0,regressor_model_4.pkl
GLXCL,0,0.0,regressor_model_4.pkl
PRPPS,0,0.0,regressor_model_4.pkl
URIH,0,0.0,regressor_model_4.pkl
PPCK,0,0.0,regressor_model_4.pkl
ALAR,0,0.0,regressor_model_4.pkl
HPYRI,0,0.0,regressor_model_4.pkl
PRAIi_copy1,0,0.0,regressor_model_4.pkl
CSPMDDH,0,0.0,regressor_model_4.pkl
MAN1PT2,1,0.0,regressor_model_4.pkl
HCO3E,0,0.0,regressor_model_4.pkl
DHAD1_copy1,0,0.0,regressor_model_4.pkl
APPAT,0,0.0,regressor_model_4.pkl
ADPT,0,0.0,regressor_model_4.pkl
PRASCSi_copy2,0,0.0,regressor_model_4.pkl
CBPS,0,0.0,regressor_model_4.pkl
FRDO7r,1,0.0,regressor_model_4.pkl
TRSARr,0,0.0,regressor_model_4.pkl
G5SD_copy1,0,0.0,regressor_model_4.pkl
GLNS_copy2,0,0.0,regressor_model_4.pkl
FRDO6r,0,0.0,regressor_model_4.pkl
MDH,0,0.0,regressor_model_4.pkl
PPM,0,0.0,regressor_model_4.pkl
PTRCTA2,1,0.0,regressor_model_4.pkl
DMALRED,0,0.0,regressor_model_4.pkl
G3PD2,0,0.0,regressor_model_4.pkl
DLYSPYRAT,1,0.0,regressor_model_4.pkl
DHSKDH,0,0.0,regressor_model_4.pkl
VALDHr,1,0.0,regressor_model_4.pkl
MEPCT,0,0.0,regressor_model_4.pkl
LSERDHr,0,0.0,regressor_model_4.pkl
G6PDH2r,0,0.02854797355920211,regressor_model_4.pkl
DHQTi_copy1,0,0.002061817118769587,regressor_model_4.pkl
DHQTi_copy2,0,0.0,regressor_model_4.pkl
HPYRRx,0,0.0,regressor_model_4.pkl
GLUDy,0,0.0,regressor_model_4.pkl
LTDCL,1,0.0026897254972437514,regressor_model_4.pkl
H2CO3D2,0,0.0,regressor_model_4.pkl
GAPD,0,0.0,regressor_model_4.pkl
SSALy,1,0.07178676302809893,regressor_model_4.pkl
GLYCTO1,0,0.0,regressor_model_4.pkl
ACS,0,0.0,regressor_model_4.pkl
PDHa,1,0.0027684563159682566,regressor_model_4.pkl
HEPCT,0,0.0,regressor_model_4.pkl
SERAT_copy1,0,0.0,regressor_model_4.pkl
VALTA,0,0.0,regressor_model_4.pkl
SUCOAS,0,0.0,regressor_model_4.pkl
FRDO4r,0,0.0,regressor_model_4.pkl
GLNS_copy1,1,0.0,regressor_model_4.pkl
ILEDHr_1,0,0.0,regressor_model_4.pkl
ENO,0,0.0,regressor_model_4.pkl
RBK,0,0.0,regressor_model_4.pkl
ALATRS,0,0.0,regressor_model_4.pkl
PTPATi,0,0.0,regressor_model_4.pkl
FDH,0,0.0,regressor_model_4.pkl
NDPK3,0,0.0,regressor_model_4.pkl
DHAD1_copy2,0,0.0,regressor_model_4.pkl
PHETA1,0,0.0,regressor_model_4.pkl
FALDM,0,0.0,regressor_model_4.pkl
PPND,0,0.0,regressor_model_4.pkl
PPK,0,0.0,regressor_model_4.pkl
PPA,0,0.0,regressor_model_4.pkl
PRASCSi_copy1,0,0.0,regressor_model_4.pkl
AROH,0,-0.015523346274978107,regressor_model_4.pkl
GLUSy,0,0.0,regressor_model_4.pkl
GLYALDDr,0,0.0,regressor_model_4.pkl
LLEUDr,0,0.0,regressor_model_4.pkl
AGMDA,0,0.0,regressor_model_4.pkl
GLYCK,0,0.0,regressor_model_4.pkl
FE3DCITR,1,0.0,regressor_model_4.pkl
TRPS1_copy1,0,0.0,regressor_model_4.pkl
AKGDH,1,0.07693039764341311,regressor_model_4.pkl
IDPh_1,0,0.0,regressor_model_4.pkl
DLYSOXGAT,0,0.0,regressor_model_4.pkl
NDP8,0,0.0,regressor_model_4.pkl
TALA,1,0.0,regressor_model_4.pkl
URO_c,0,0.0,regressor_model_4.pkl
PGI,0,0.0,regressor_model_4.pkl
ICL,1,0.05336539208821224,regressor_model_4.pkl
PSCVT_copy1,0,0.0,regressor_model_4.pkl
PGK,0,0.0,regressor_model_4.pkl
HDH,0,0.0,regressor_model_4.pkl
ALDD1,0,0.0,regressor_model_4.pkl
FE3DCITCH,1,0.0,regressor_model_4.pkl
AGPOP,0,0.0,regressor_model_4.pkl
PRAIi_copy2,0,0.0,regressor_model_4.pkl
CBMKr,0,0.0,regressor_model_4.pkl
1PPDCRc,0,0.008821632759561106,regressor_model_4.pkl
GAPDi_nadp,0,0.0,regressor_model_4.pkl
FE3PYOVDL,0,0.0,regressor_model_4.pkl
PGM,0,0.0,regressor_model_4.pkl
PMANM,0,0.0,regressor_model_4.pkl
ILETA,0,0.0,regressor_model_4.pkl
LEUTA,0,0.0,regressor_model_4.pkl
R15BPK,0,0.0,regressor_model_4.pkl
LYSRC,0,0.0,regressor_model_4.pkl
OXOADLR,1,0.0,regressor_model_4.pkl
TRPS3,0,0.0,regressor_model_4.pkl
H2CO3D,0,0.0,regressor_model_4.pkl
SERAT_copy2,1,0.0,regressor_model_4.pkl
HSK,0,0.0,regressor_model_4.pkl
PPNDH,1,0.0,regressor_model_4.pkl
PSCVT_copy2,0,0.0,regressor_model_4.pkl
G5SD_copy2,0,0.0,regressor_model_4.pkl
ADK1,0,0.0,regressor_model_4.pkl
NTD4,0,0.0,regressor_model_4.pkl
PHETHPTOX3,1,0.0,regressor_model_4.pkl
ALATA_L,0,0.0,regressor_model_4.pkl
MEPCT_1,0,0.0,regressor_model_4.pkl
PDH,0,0.0,regressor_model_4.pkl
MALS,1,0.002704978039345718,regressor_model_4.pkl
ANHMK,0,0.0,regressor_model_4.pkl
RECOAH7,0,0.0,regressor_model_4.pkl
GLUDxi,0,0.0,regressor_model_4.pkl
TRPS1_copy2,0,0.0,regressor_model_4.pkl
ALLTN,0,0.0,regressor_model_4.pkl
NDPK5,1,0.0,regressor_model_4.pkl
HISTD,0,0.0,regressor_model_4.pkl
ME2,0,0.0,regressor_model_4.pkl
GLXCL,0,0.0,regressor_model_4.pkl
PRPPS,0,0.0,regressor_model_4.pkl
URIH,0,0.0,regressor_model_4.pkl
PPCK,0,0.0,regressor_model_4.pkl
ALAR,0,0.0,regressor_model_4.pkl
HPYRI,0,0.0,regressor_model_4.pkl
PRAIi_copy1,0,0.0,regressor_model_4.pkl
CSPMDDH,0,0.0,regressor_model_4.pkl
MAN1PT2,1,0.0,regressor_model_4.pkl
HCO3E,0,0.0,regressor_model_4.pkl
DHAD1_copy1,0,0.0,regressor_model_4.pkl
APPAT,0,0.0,regressor_model_4.pkl
ADPT,0,0.0,regressor_model_4.pkl
PRASCSi_copy2,0,0.0,regressor_model_4.pkl
CBPS,0,0.0,regressor_model_4.pkl
FRDO7r,1,0.0,regressor_model_4.pkl
TRSARr,0,0.0,regressor_model_4.pkl
G5SD_copy1,0,0.0,regressor_model_4.pkl
GLNS_copy2,0,0.0,regressor_model_4.pkl
FRDO6r,0,0.0,regressor_model_4.pkl
MDH,0,0.0,regressor_model_4.pkl
PPM,0,0.0,regressor_model_4.pkl
PTRCTA2,1,0.04884976838589986,regressor_model_4.pkl
DMALRED,0,0.0,regressor_model_4.pkl
G3PD2,0,0.0,regressor_model_4.pkl
DLYSPYRAT,0,0.0,regressor_model_4.pkl
DHSKDH,0,0.0,regressor_model_4.pkl
VALDHr,0,0.0,regressor_model_4.pkl
MEPCT,0,0.0,regressor_model_4.pkl
LSERDHr,0,0.0,regressor_model_4.pkl
G6PDH2r,0,0.03241655431004057,regressor_model_4.pkl
DHQTi_copy1,0,0.0,regressor_model_4.pkl
DHQTi_copy2,0,0.0,regressor_model_4.pkl
HPYRRx,0,0.0,regressor_model_4.pkl
GLUDy,0,0.0,regressor_model_4.pkl
LTDCL,1,0.0,regressor_model_4.pkl
H2CO3D2,0,0.0,regressor_model_4.pkl
GAPD,0,0.0,regressor_model_4.pkl
SSALy,0,0.019827781114123182,regressor_model_4.pkl
GLYCTO1,0,0.0,regressor_model_4.pkl
ACS,0,0.0,regressor_model_4.pkl
PDHa,1,0.0,regressor_model_4.pkl
HEPCT,0,0.0,regressor_model_4.pkl
SERAT_copy1,0,0.0,regressor_model_4.pkl
VALTA,0,0.0,regressor_model_4.pkl
SUCOAS,0,0.0,regressor_model_4.pkl
FRDO4r,0,0.0,regressor_model_4.pkl
GLNS_copy1,1,0.0,regressor_model_4.pkl
ILEDHr_1,0,0.0,regressor_model_4.pkl
ENO,0,0.0,regressor_model_4.pkl
RBK,0,0.0,regressor_model_4.pkl
ALATRS,0,0.0,regressor_model_4.pkl
PTPATi,0,0.0,regressor_model_4.pkl
FDH,0,0.0,regressor_model_4.pkl
NDPK3,0,0.0,regressor_model_4.pkl
DHAD1_copy2,0,0.0,regressor_model_4.pkl
PHETA1,0,0.0,regressor_model_4.pkl
FALDM,0,0.0,regressor_model_4.pkl
PPND,0,0.0,regressor_model_4.pkl
PPK,0,0.0,regressor_model_4.pkl
PPA,0,0.0,regressor_model_4.pkl
PRASCSi_copy1,0,0.0,regressor_model_4.pkl
AROH,0,0.0,regressor_model_4.pkl
GLUSy,0,0.0,regressor_model_4.pkl
GLYALDDr,0,0.0,regressor_model_4.pkl
LLEUDr,1,0.0,regressor_model_4.pkl
AGMDA,0,0.0,regressor_model_4.pkl
GLYCK,0,0.0,regressor_model_4.pkl
FE3DCITR,0,0.0,regressor_model_4.pkl
TRPS1_copy1,0,0.0,regressor_model_4.pkl
AKGDH,1,0.11181291998618766,regressor_model_4.pkl
IDPh_1,0,0.0,regressor_model_4.pkl
DLYSOXGAT,0,0.0,regressor_model_4.pkl
NDP8,0,0.0,regressor_model_4.pkl
TALA,1,0.0,regressor_model_4.pkl
URO_c,0,0.0,regressor_model_4.pkl
PGI,0,0.0,regressor_model_4.pkl
ICL,1,0.07543050532846499,regressor_model_4.pkl
PSCVT_copy1,0,0.0,regressor_model_4.pkl
PGK,0,0.0,regressor_model_4.pkl
HDH,1,0.0,regressor_model_4.pkl
ALDD1,0,0.0,regressor_model_4.pkl
FE3DCITCH,1,0.0,regressor_model_4.pkl
AGPOP,0,0.0,regressor_model_4.pkl
PRAIi_copy2,1,0.0,regressor_model_4.pkl
CBMKr,0,0.0,regressor_model_4.pkl
1PPDCRc,0,0.0,regressor_model_4.pkl
GAPDi_nadp,0,0.0,regressor_model_4.pkl
FE3PYOVDL,0,0.0,regressor_model_4.pkl
PGM,0,0.0,regressor_model_4.pkl
PMANM,0,0.0,regressor_model_4.pkl
ILETA,0,0.0,regressor_model_4.pkl
LEUTA,0,0.0,regressor_model_4.pkl
R15BPK,0,0.0,regressor_model_4.pkl
LYSRC,0,0.0,regressor_model_4.pkl
OXOADLR,1,0.006392029001675348,regressor_model_4.pkl
TRPS3,0,0.0,regressor_model_4.pkl
H2CO3D,0,0.0,regressor_model_4.pkl
SERAT_copy2,0,0.0,regressor_model_4.pkl
HSK,0,0.0,regressor_model_4.pkl
PPNDH,0,0.0,regressor_model_4.pkl
PSCVT_copy2,0,0.0,regressor_model_4.pkl
G5SD_copy2,0,0.0,regressor_model_4.pkl
ADK1,0,0.0,regressor_model_4.pkl
NTD4,0,0.0,regressor_model_4.pkl
PHETHPTOX3,1,0.0,regressor_model_4.pkl
ALATA_L,0,0.0,regressor_model_4.pkl
MEPCT_1,0,0.0,regressor_model_4.pkl
PDH,0,0.0,regressor_model_4.pkl
MALS,1,0.0,regressor_model_4.pkl
ANHMK,0,0.0,regressor_model_4.pkl
RECOAH7,0,0.0,regressor_model_4.pkl
GLUDxi,0,0.0,regressor_model_4.pkl
TRPS1_copy2,0,0.0,regressor_model_4.pkl
ALLTN,0,0.0,regressor_model_4.pkl
NDPK5,1,0.0,regressor_model_4.pkl
HISTD,0,0.0,regressor_model_4.pkl
ME2,0,0.0,regressor_model_4.pkl
GLXCL,0,0.0,regressor_model_4.pkl
PRPPS,0,0.0,regressor_model_4.pkl
URIH,0,0.0,regressor_model_4.pkl
PPCK,0,0.0,regressor_model_4.pkl
ALAR,0,0.0,regressor_model_4.pkl
HPYRI,0,0.0,regressor_model_4.pkl
PRAIi_copy1,0,0.0,regressor_model_4.pkl
CSPMDDH,0,0.0,regressor_model_4.pkl
MAN1PT2,1,0.0,regressor_model_4.pkl
HCO3E,0,0.0,regressor_model_4.pkl
DHAD1_copy1,0,0.0,regressor_model_4.pkl
APPAT,0,0.0,regressor_model_4.pkl
ADPT,0,0.0,regressor_model_4.pkl
PRASCSi_copy2,0,0.0,regressor_model_4.pkl
CBPS,0,0.0,regressor_model_4.pkl
FRDO7r,0,0.0,regressor_model_4.pkl
TRSARr,0,0.0,regressor_model_4.pkl
G5SD_copy1,0,0.0,regressor_model_4.pkl
GLNS_copy2,0,0.0,regressor_model_4.pkl
FRDO6r,0,0.0,regressor_model_4.pkl
MDH,0,0.0,regressor_model_4.pkl
PPM,0,0.0,regressor_model_4.pkl
PTRCTA2,1,0.026306537072035095,regressor_model_4.pkl
DMALRED,0,0.0,regressor_model_4.pkl
G3PD2,0,0.0,regressor_model_4.pkl
DLYSPYRAT,1,0.0023955479776557047,regressor_model_4.pkl
DHSKDH,0,0.0,regressor_model_4.pkl
VALDHr,1,0.0014820427847018949,regressor_model_4.pkl
MEPCT,0,0.0,regressor_model_4.pkl
LSERDHr,0,0.0,regressor_model_4.pkl
G6PDH2r,0,0.0,regressor_model_4.pkl
DHQTi_copy1,0,0.0,regressor_model_4.pkl
DHQTi_copy2,0,0.0,regressor_model_4.pkl
HPYRRx,0,0.0,regressor_model_4.pkl
GLUDy,0,0.0,regressor_model_4.pkl
LTDCL,0,0.004294435123673483,regressor_model_4.pkl
H2CO3D2,1,0.0,regressor_model_4.pkl
GAPD,0,0.0,regressor_model_4.pkl
SSALy,0,0.022358402381069165,regressor_model_4.pkl
GLYCTO1,0,0.0,regressor_model_4.pkl
ACS,0,0.0,regressor_model_4.pkl
PDHa,1,0.0,regressor_model_4.pkl
HEPCT,0,0.0,regressor_model_4.pkl
SERAT_copy1,0,0.0,regressor_model_4.pkl
VALTA,0,0.0,regressor_model_4.pkl
SUCOAS,0,0.0,regressor_model_4.pkl
FRDO4r,0,0.0,regressor_model_4.pkl
GLNS_copy1,1,0.0,regressor_model_4.pkl
ILEDHr_1,1,0.0,regressor_model_4.pkl
ENO,0,0.0,regressor_model_4.pkl
RBK,0,0.0,regressor_model_4.pkl
ALATRS,0,0.0,regressor_model_4.pkl
PTPATi,0,0.0,regressor_model_4.pkl
FDH,0,0.0,regressor_model_4.pkl
NDPK3,0,0.0,regressor_model_4.pkl
DHAD1_copy2,0,0.0,regressor_model_4.pkl
PHETA1,0,0.0,regressor_model_4.pkl
FALDM,0,0.0,regressor_model_4.pkl
PPND,0,0.0012508891984364845,regressor_model_4.pkl
PPK,0,0.0,regressor_model_4.pkl
PPA,0,0.0,regressor_model_4.pkl
PRASCSi_copy1,0,0.0,regressor_model_4.pkl
AROH,0,0.0,regressor_model_4.pkl
GLUSy,0,0.0,regressor_model_4.pkl
GLYALDDr,0,0.0,regressor_model_4.pkl
LLEUDr,1,0.0,regressor_model_4.pkl
AGMDA,0,0.0,regressor_model_4.pkl
GLYCK,0,0.0,regressor_model_4.pkl
FE3DCITR,0,0.0,regressor_model_4.pkl
TRPS1_copy1,0,0.0,regressor_model_4.pkl
AKGDH,1,0.10403482849872155,regressor_model_4.pkl
IDPh_1,0,0.0,regressor_model_4.pkl
DLYSOXGAT,0,0.0,regressor_model_4.pkl
NDP8,0,0.0,regressor_model_4.pkl
TALA,1,0.03687711663077947,regressor_model_4.pkl
URO_c,0,0.0,regressor_model_4.pkl
PGI,0,0.0,regressor_model_4.pkl
ICL,1,0.07134337486863042,regressor_model_4.pkl
PSCVT_copy1,0,0.0,regressor_model_4.pkl
PGK,0,0.0,regressor_model_4.pkl
HDH,0,0.005106190073947271,regressor_model_4.pkl
ALDD1,0,0.0,regressor_model_4.pkl
FE3DCITCH,1,0.0,regressor_model_4.pkl
AGPOP,0,0.0,regressor_model_4.pkl
PRAIi_copy2,1,0.0007825061030702766,regressor_model_4.pkl
CBMKr,0,0.0,regressor_model_4.pkl
1PPDCRc,1,0.0,regressor_model_4.pkl
GAPDi_nadp,0,0.0,regressor_model_4.pkl
FE3PYOVDL,0,0.0,regressor_model_4.pkl
PGM,0,0.0,regressor_model_4.pkl
PMANM,0,0.0,regressor_model_4.pkl
ILETA,0,0.0,regressor_model_4.pkl
LEUTA,0,0.0,regressor_model_4.pkl
R15BPK,0,0.0,regressor_model_4.pkl
LYSRC,0,0.0,regressor_model_4.pkl
OXOADLR,0,0.0012622240330296738,regressor_model_4.pkl
TRPS3,0,0.0,regressor_model_4.pkl
H2CO3D,1,0.0,regressor_model_4.pkl
SERAT_copy2,0,0.0,regressor_model_4.pkl
HSK,0,0.0,regressor_model_4.pkl
PPNDH,0,0.0,regressor_model_4.pkl
PSCVT_copy2,0,0.0,regressor_model_4.pkl
G5SD_copy2,0,0.0,regressor_model_4.pkl
ADK1,0,0.0,regressor_model_4.pkl
NTD4,0,0.0,regressor_model_4.pkl
PHETHPTOX3,1,0.0,regressor_model_4.pkl
ALATA_L,0,0.0,regressor_model_4.pkl
MEPCT_1,0,0.0,regressor_model_4.pkl
PDH,0,0.0,regressor_model_4.pkl
MALS,1,0.0,regressor_model_4.pkl
ANHMK,0,0.0,regressor_model_4.pkl
RECOAH7,0,0.0,regressor_model_4.pkl
GLUDxi,0,0.0,regressor_model_4.pkl
TRPS1_copy2,0,0.0,regressor_model_4.pkl
ALLTN,0,0.0,regressor_model_4.pkl
NDPK5,1,0.0,regressor_model_4.pkl
HISTD,0,0.0,regressor_model_4.pkl
ME2,0,0.0,regressor_model_4.pkl
GLXCL,0,0.0,regressor_model_4.pkl
PRPPS,0,0.0,regressor_model_4.pkl
URIH,0,0.0,regressor_model_4.pkl
PPCK,0,0.0017966116642817308,regressor_model_4.pkl
ALAR,0,0.0,regressor_model_4.pkl
HPYRI,0,0.0,regressor_model_4.pkl
PRAIi_copy1,0,0.0,regressor_model_4.pkl
CSPMDDH,0,0.0,regressor_model_4.pkl
MAN1PT2,1,0.001064472647746284,regressor_model_4.pkl
HCO3E,0,0.0,regressor_model_4.pkl
DHAD1_copy1,0,0.0,regressor_model_4.pkl
APPAT,0,0.0,regressor_model_4.pkl
ADPT,0,0.0,regressor_model_4.pkl
PRASCSi_copy2,0,0.0,regressor_model_4.pkl
CBPS,0,0.0,regressor_model_4.pkl
FRDO7r,1,0.0,regressor_model_4.pkl
TRSARr,0,0.0,regressor_model_4.pkl
G5SD_copy1,0,0.0,regressor_model_4.pkl
GLNS_copy2,0,0.0,regressor_model_4.pkl
FRDO6r,0,0.0,regressor_model_4.pkl
MDH,0,0.0,regressor_model_4.pkl
PPM,0,0.0,regressor_model_4.pkl
PTRCTA2,1,0.08791986020573293,regressor_model_4.pkl
DMALRED,0,0.0,regressor_model_4.pkl
G3PD2,0,0.0,regressor_model_4.pkl
DLYSPYRAT,1,0.0,regressor_model_4.pkl
DHSKDH,0,0.0,regressor_model_4.pkl
VALDHr,1,0.0,regressor_model_4.pkl
MEPCT,0,0.0,regressor_model_4.pkl
LSERDHr,0,0.0,regressor_model_4.pkl
G6PDH2r,0,0.0,regressor_model_4.pkl
DHQTi_copy1,0,0.0,regressor_model_4.pkl
DHQTi_copy2,0,0.0,regressor_model_4.pkl
HPYRRx,0,0.0,regressor_model_4.pkl
GLUDy,0,0.0,regressor_model_4.pkl
LTDCL,0,0.0,regressor_model_4.pkl
H2CO3D2,0,0.0,regressor_model_4.pkl
GAPD,0,0.0,regressor_model_4.pkl
SSALy,0,0.0,regressor_model_4.pkl
GLYCTO1,0,0.0,regressor_model_4.pkl
ACS,0,0.0,regressor_model_4.pkl
PDHa,1,0.0,regressor_model_4.pkl
HEPCT,0,0.0,regressor_model_4.pkl
SERAT_copy1,0,0.0,regressor_model_4.pkl
VALTA,0,0.0,regressor_model_4.pkl
SUCOAS,0,0.0,regressor_model_4.pkl
FRDO4r,0,0.0,regressor_model_4.pkl
GLNS_copy1,0,0.0,regressor_model_4.pkl
ILEDHr_1,0,0.0,regressor_model_4.pkl
ENO,0,0.0,regressor_model_4.pkl
RBK,0,0.0,regressor_model_4.pkl
ALATRS,0,0.0,regressor_model_4.pkl
PTPATi,0,0.0,regressor_model_4.pkl
FDH,0,0.0,regressor_model_4.pkl
NDPK3,0,0.0,regressor_model_4.pkl
DHAD1_copy2,0,0.0,regressor_model_4.pkl
PHETA1,0,0.0,regressor_model_4.pkl
FALDM,0,0.0,regressor_model_4.pkl
PPND,0,0.0,regressor_model_4.pkl
PPK,0,0.0,regressor_model_4.pkl
PPA,0,0.0,regressor_model_4.pkl
PRASCSi_copy1,0,0.0,regressor_model_4.pkl
AROH,0,0.0,regressor_model_4.pkl
GLUSy,0,0.0,regressor_model_4.pkl
GLYALDDr,1,0.0,regressor_model_4.pkl
LLEUDr,1,0.0,regressor_model_4.pkl
AGMDA,0,0.0,regressor_model_4.pkl
GLYCK,0,0.0,regressor_model_4.pkl
FE3DCITR,0,0.0,regressor_model_4.pkl
TRPS1_copy1,0,0.0,regressor_model_4.pkl
AKGDH,1,0.09907403649844021,regressor_model_4.pkl
IDPh_1,0,0.0,regressor_model_4.pkl
DLYSOXGAT,0,0.0,regressor_model_4.pkl
NDP8,0,0.0,regressor_model_4.pkl
TALA,1,0.02986744297061958,regressor_model_4.pkl
URO_c,0,0.0,regressor_model_4.pkl
PGI,0,0.0,regressor_model_4.pkl
ICL,1,0.06404308687136526,regressor_model_4.pkl
PSCVT_copy1,0,0.0,regressor_model_4.pkl
PGK,0,0.0,regressor_model_4.pkl
HDH,1,0.0,regressor_model_4.pkl
ALDD1,0,0.0,regressor_model_4.pkl
FE3DCITCH,1,0.0,regressor_model_4.pkl
AGPOP,0,0.0,regressor_model_4.pkl
PRAIi_copy2,1,0.0,regressor_model_4.pkl
CBMKr,0,0.0,regressor_model_4.pkl
1PPDCRc,0,0.0,regressor_model_4.pkl
GAPDi_nadp,0,0.0,regressor_model_4.pkl
FE3PYOVDL,0,0.0,regressor_model_4.pkl
PGM,0,0.0,regressor_model_4.pkl
PMANM,0,0.0,regressor_model_4.pkl
ILETA,0,0.0,regressor_model_4.pkl
LEUTA,0,0.0,regressor_model_4.pkl
R15BPK,0,0.0,regressor_model_4.pkl
LYSRC,0,0.0,regressor_model_4.pkl
OXOADLR,0,0.0,regressor_model_4.pkl
TRPS3,0,0.0,regressor_model_4.pkl
H2CO3D,0,0.0,regressor_model_4.pkl
SERAT_copy2,0,0.0,regressor_model_4.pkl
HSK,0,0.0,regressor_model_4.pkl
PPNDH,1,0.0,regressor_model_4.pkl
PSCVT_copy2,0,0.0,regressor_model_4.pkl
G5SD_copy2,0,0.0,regressor_model_4.pkl
ADK1,0,0.0,regressor_model_4.pkl
NTD4,0,0.0,regressor_model_4.pkl
PHETHPTOX3,0,0.0,regressor_model_4.pkl
ALATA_L,0,0.0,regressor_model_4.pkl
MEPCT_1,0,0.0,regressor_model_4.pkl
PDH,0,0.0,regressor_model_4.pkl
MALS,0,0.0,regressor_model_4.pkl
ANHMK,1,0.0,regressor_model_4.pkl
RECOAH7,0,0.0,regressor_model_4.pkl
GLUDxi,1,0.0,regressor_model_4.pkl
TRPS1_copy2,0,0.0,regressor_model_4.pkl
ALLTN,0,0.0,regressor_model_4.pkl
NDPK5,1,0.0,regressor_model_4.pkl
HISTD,0,0.0,regressor_model_4.pkl
ME2,0,0.0,regressor_model_4.pkl
GLXCL,0,0.0,regressor_model_4.pkl
PRPPS,0,0.0,regressor_model_4.pkl
URIH,0,0.0,regressor_model_4.pkl
PPCK,0,0.0,regressor_model_4.pkl
ALAR,0,0.0,regressor_model_4.pkl
HPYRI,0,0.0,regressor_model_4.pkl
PRAIi_copy1,0,0.0,regressor_model_4.pkl
CSPMDDH,0,0.0,regressor_model_4.pkl
MAN1PT2,0,0.0,regressor_model_4.pkl
HCO3E,0,0.0,regressor_model_4.pkl
DHAD1_copy1,0,0.0,regressor_model_4.pkl
APPAT,0,0.0,regressor_model_4.pkl
ADPT,0,0.0,regressor_model_4.pkl
PRASCSi_copy2,0,0.0,regressor_model_4.pkl
CBPS,0,0.0,regressor_model_4.pkl
FRDO7r,0,0.0,regressor_model_4.pkl
TRSARr,0,0.0,regressor_model_4.pkl
G5SD_copy1,0,0.0,regressor_model_4.pkl
GLNS_copy2,0,0.0,regressor_model_4.pkl
FRDO6r,0,0.0,regressor_model_4.pkl
MDH,0,0.0,regressor_model_4.pkl
PPM,0,0.0,regressor_model_4.pkl
PTRCTA2,1,0.08914689245520473,regressor_model_4.pkl
DMALRED,0,0.0,regressor_model_4.pkl
G3PD2,0,0.0022142355693318253,regressor_model_4.pkl
DLYSPYRAT,1,0.0,regressor_model_4.pkl
DHSKDH,0,0.0,regressor_model_4.pkl
VALDHr,1,0.004033887578444944,regressor_model_4.pkl
MEPCT,0,0.0,regressor_model_4.pkl
LSERDHr,0,0.0,regressor_model_4.pkl
G6PDH2r,0,0.0,regressor_model_4.pkl
DHQTi_copy1,0,0.0,regressor_model_4.pkl
DHQTi_copy2,0,0.0,regressor_model_4.pkl
HPYRRx,0,0.0,regressor_model_4.pkl
GLUDy,0,0.0,regressor_model_4.pkl
LTDCL,1,0.0,regressor_model_4.pkl
H2CO3D2,1,0.0,regressor_model_4.pkl
GAPD,0,0.0,regressor_model_4.pkl
SSALy,0,0.0,regressor_model_4.pkl
GLYCTO1,0,0.0,regressor_model_4.pkl
ACS,0,0.0,regressor_model_4.pkl
PDHa,1,0.0,regressor_model_4.pkl
HEPCT,0,0.0,regressor_model_4.pkl
SERAT_copy1,0,0.0,regressor_model_4.pkl
VALTA,0,0.0,regressor_model_4.pkl
SUCOAS,0,0.0,regressor_model_4.pkl
FRDO4r,0,0.0,regressor_model_4.pkl
GLNS_copy1,0,0.0,regressor_model_4.pkl
ILEDHr_1,0,0.0,regressor_model_4.pkl
ENO,0,0.0,regressor_model_4.pkl
RBK,0,0.0,regressor_model_4.pkl
ALATRS,0,0.0,regressor_model_4.pkl
PTPATi,0,0.0,regressor_model_4.pkl
FDH,0,0.0,regressor_model_4.pkl
NDPK3,0,0.0,regressor_model_4.pkl
DHAD1_copy2,0,0.0,regressor_model_4.pkl
PHETA1,0,0.0,regressor_model_4.pkl
FALDM,0,0.0,regressor_model_4.pkl
PPND,0,0.0,regressor_model_4.pkl
PPK,0,0.0,regressor_model_4.pkl
PPA,0,0.0,regressor_model_4.pkl
PRASCSi_copy1,0,0.0,regressor_model_4.pkl
AROH,0,0.0,regressor_model_4.pkl
GLUSy,1,0.0,regressor_model_4.pkl
GLYALDDr,0,0.0,regressor_model_4.pkl
LLEUDr,0,0.0,regressor_model_4.pkl
AGMDA,0,0.0,regressor_model_4.pkl
GLYCK,0,0.0,regressor_model_4.pkl
FE3DCITR,0,0.0,regressor_model_4.pkl
TRPS1_copy1,0,0.0,regressor_model_4.pkl
AKGDH,1,0.09762599738073419,regressor_model_4.pkl
IDPh_1,0,0.0,regressor_model_4.pkl
DLYSOXGAT,0,0.0,regressor_model_4.pkl
NDP8,0,0.0,regressor_model_4.pkl
TALA,1,0.03713377479334491,regressor_model_4.pkl
URO_c,0,0.0,regressor_model_4.pkl
PGI,0,0.0,regressor_model_4.pkl
ICL,1,0.06588955900641405,regressor_model_4.pkl
PSCVT_copy1,0,0.0,regressor_model_4.pkl
PGK,0,0.0,regressor_model_4.pkl
HDH,1,0.002927966931996728,regressor_model_4.pkl
ALDD1,0,0.0,regressor_model_4.pkl
FE3DCITCH,1,0.0,regressor_model_4.pkl
AGPOP,0,0.0,regressor_model_4.pkl
PRAIi_copy2,1,0.0018397440364732835,regressor_model_4.pkl
CBMKr,0,0.0,regressor_model_4.pkl
1PPDCRc,0,0.0,regressor_model_4.pkl
GAPDi_nadp,0,0.0,regressor_model_4.pkl
FE3PYOVDL,0,0.0,regressor_model_4.pkl
PGM,0,0.0,regressor_model_4.pkl
PMANM,0,0.0,regressor_model_4.pkl
ILETA,0,0.0,regressor_model_4.pkl
LEUTA,0,0.0,regressor_model_4.pkl
R15BPK,0,0.0,regressor_model_4.pkl
LYSRC,0,0.0,regressor_model_4.pkl
OXOADLR,0,0.0,regressor_model_4.pkl
TRPS3,0,0.0,regressor_model_4.pkl
H2CO3D,0,0.0,regressor_model_4.pkl
SERAT_copy2,0,0.0,regressor_model_4.pkl
HSK,0,0.0,regressor_model_4.pkl
PPNDH,1,0.0,regressor_model_4.pkl
PSCVT_copy2,0,0.0,regressor_model_4.pkl
G5SD_copy2,0,0.0,regressor_model_4.pkl
ADK1,0,0.0,regressor_model_4.pkl
NTD4,0,0.0,regressor_model_4.pkl
PHETHPTOX3,1,0.0,regressor_model_4.pkl
ALATA_L,0,0.0,regressor_model_4.pkl
MEPCT_1,0,0.0,regressor_model_4.pkl
PDH,0,0.0,regressor_model_4.pkl
MALS,0,0.0,regressor_model_4.pkl
ANHMK,0,0.0,regressor_model_4.pkl
RECOAH7,0,0.0,regressor_model_4.pkl
GLUDxi,0,0.0,regressor_model_4.pkl
TRPS1_copy2,0,0.0,regressor_model_4.pkl
ALLTN,0,0.0,regressor_model_4.pkl
NDPK5,1,0.0029052845279380064,regressor_model_4.pkl
HISTD,0,0.0,regressor_model_4.pkl
ME2,0,0.0,regressor_model_4.pkl
GLXCL,0,0.0,regressor_model_4.pkl
PRPPS,0,0.0,regressor_model_4.pkl
URIH,0,0.0,regressor_model_4.pkl
PPCK,0,0.0029096940991582,regressor_model_4.pkl
ALAR,0,0.0,regressor_model_4.pkl
HPYRI,0,0.0,regressor_model_4.pkl
PRAIi_copy1,0,0.0,regressor_model_4.pkl
CSPMDDH,0,0.0,regressor_model_4.pkl
MAN1PT2,1,0.0,regressor_model_4.pkl
HCO3E,0,0.0,regressor_model_4.pkl
DHAD1_copy1,0,0.0,regressor_model_4.pkl
APPAT,0,0.0,regressor_model_4.pkl
ADPT,0,0.0,regressor_model_4.pkl
PRASCSi_copy2,0,0.0,regressor_model_4.pkl
CBPS,0,0.0,regressor_model_4.pkl
FRDO7r,0,0.0,regressor_model_4.pkl
TRSARr,0,0.0,regressor_model_4.pkl
G5SD_copy1,0,0.0,regressor_model_4.pkl
GLNS_copy2,0,0.0,regressor_model_4.pkl
FRDO6r,0,0.0,regressor_model_4.pkl
MDH,0,0.0,regressor_model_4.pkl
PPM,0,0.0,regressor_model_4.pkl
PTRCTA2,1,0.027953866187068677,regressor_model_4.pkl
DMALRED,0,0.0,regressor_model_4.pkl
G3PD2,0,0.0,regressor_model_4.pkl
DLYSPYRAT,1,0.0,regressor_model_4.pkl
DHSKDH,0,0.0,regressor_model_4.pkl
VALDHr,1,0.004210203856619039,regressor_model_4.pkl
MEPCT,0,0.0,regressor_model_4.pkl
LSERDHr,0,0.0,regressor_model_4.pkl
G6PDH2r,0,0.0,regressor_model_4.pkl
DHQTi_copy1,0,0.0,regressor_model_4.pkl
DHQTi_copy2,0,0.0,regressor_model_4.pkl
HPYRRx,0,0.0,regressor_model_4.pkl
GLUDy,0,0.0,regressor_model_4.pkl
LTDCL,1,0.0018977618432377656,regressor_model_4.pkl
H2CO3D2,0,0.0027903545332096723,regressor_model_4.pkl
GAPD,0,0.0,regressor_model_4.pkl
SSALy,0,0.020177242585784516,regressor_model_4.pkl
GLYCTO1,0,0.0,regressor_model_4.pkl
ACS,0,0.0,regressor_model_4.pkl
PDHa,0,0.0020986350849314817,regressor_model_4.pkl
HEPCT,0,0.0,regressor_model_4.pkl
SERAT_copy1,0,0.0,regressor_model_4.pkl
VALTA,0,0.0,regressor_model_4.pkl
SUCOAS,0,0.0,regressor_model_4.pkl
FRDO4r,0,0.0,regressor_model_4.pkl
GLNS_copy1,1,0.0,regressor_model_4.pkl
ILEDHr_1,0,0.0,regressor_model_4.pkl
ENO,0,0.0,regressor_model_4.pkl
RBK,0,0.0,regressor_model_4.pkl
ALATRS,0,0.0,regressor_model_4.pkl
PTPATi,0,0.0,regressor_model_4.pkl
FDH,0,0.0,regressor_model_4.pkl
NDPK3,0,0.0,regressor_model_4.pkl
DHAD1_copy2,0,0.0,regressor_model_4.pkl
PHETA1,0,0.0,regressor_model_4.pkl
FALDM,0,0.0,regressor_model_4.pkl
PPND,0,0.0,regressor_model_4.pkl
PPK,0,0.0,regressor_model_4.pkl
PPA,0,0.0,regressor_model_4.pkl
PRASCSi_copy1,0,0.0,regressor_model_4.pkl
AROH,0,0.0,regressor_model_4.pkl
GLUSy,0,0.0016445929466365333,regressor_model_4.pkl
GLYALDDr,0,0.0,regressor_model_4.pkl
LLEUDr,0,0.0,regressor_model_4.pkl
AGMDA,0,0.0,regressor_model_4.pkl
GLYCK,0,0.0,regressor_model_4.pkl
FE3DCITR,0,0.0,regressor_model_4.pkl
TRPS1_copy1,0,0.0,regressor_model_4.pkl
AKGDH,1,0.11473357334767784,regressor_model_4.pkl
IDPh_1,0,0.0,regressor_model_4.pkl
DLYSOXGAT,0,0.0,regressor_model_4.pkl
NDP8,0,0.0,regressor_model_4.pkl
TALA,1,0.03827349588087569,regressor_model_4.pkl
URO_c,0,0.0,regressor_model_4.pkl
PGI,0,0.0,regressor_model_4.pkl
ICL,1,0.07822894359892808,regressor_model_4.pkl
PSCVT_copy1,0,0.0,regressor_model_4.pkl
PGK,0,0.0,regressor_model_4.pkl
HDH,1,0.0017824876946124515,regressor_model_4.pkl
ALDD1,0,0.0,regressor_model_4.pkl
FE3DCITCH,1,0.0,regressor_model_4.pkl
AGPOP,0,0.0,regressor_model_4.pkl
PRAIi_copy2,0,0.0,regressor_model_4.pkl
CBMKr,0,0.0,regressor_model_4.pkl
1PPDCRc,0,0.0,regressor_model_4.pkl
GAPDi_nadp,0,0.0,regressor_model_4.pkl
FE3PYOVDL,0,0.0,regressor_model_4.pkl
PGM,0,0.0,regressor_model_4.pkl
PMANM,0,0.0,regressor_model_4.pkl
ILETA,0,0.0,regressor_model_4.pkl
LEUTA,0,0.0,regressor_model_4.pkl
R15BPK,0,0.0,regressor_model_4.pkl
LYSRC,0,0.0,regressor_model_4.pkl
OXOADLR,0,0.0,regressor_model_4.pkl
TRPS3,0,0.0,regressor_model_4.pkl
H2CO3D,0,0.0,regressor_model_4.pkl
SERAT_copy2,0,0.0,regressor_model_4.pkl
HSK,0,0.0,regressor_model_4.pkl
PPNDH,1,0.0,regressor_model_4.pkl
PSCVT_copy2,0,0.0,regressor_model_4.pkl
G5SD_copy2,0,0.0,regressor_model_4.pkl
ADK1,0,0.0,regressor_model_4.pkl
NTD4,0,0.0,regressor_model_4.pkl
PHETHPTOX3,0,0.0027816356978212805,regressor_model_4.pkl
ALATA_L,0,0.0,regressor_model_4.pkl
MEPCT_1,0,0.0,regressor_model_4.pkl
PDH,0,0.0,regressor_model_4.pkl
MALS,0,0.0,regressor_model_4.pkl
ANHMK,0,0.0,regressor_model_4.pkl
RECOAH7,0,0.0,regressor_model_4.pkl
GLUDxi,0,0.0,regressor_model_4.pkl
TRPS1_copy2,0,0.0,regressor_model_4.pkl
ALLTN,0,0.0,regressor_model_4.pkl
NDPK5,1,0.0,regressor_model_4.pkl
HISTD,0,0.0,regressor_model_4.pkl
ME2,0,0.0,regressor_model_4.pkl
GLXCL,0,0.0,regressor_model_4.pkl
PRPPS,0,0.0,regressor_model_4.pkl
URIH,0,0.0,regressor_model_4.pkl
PPCK,0,0.0026282419901031973,regressor_model_4.pkl
ALAR,0,0.0,regressor_model_4.pkl
HPYRI,0,0.0,regressor_model_4.pkl
PRAIi_copy1,1,0.0,regressor_model_4.pkl
CSPMDDH,0,0.0,regressor_model_4.pkl
MAN1PT2,1,0.0,regressor_model_4.pkl
HCO3E,0,0.0,regressor_model_4.pkl
DHAD1_copy1,0,0.0,regressor_model_4.pkl
APPAT,0,0.0,regressor_model_4.pkl
ADPT,0,0.0,regressor_model_4.pkl
PRASCSi_copy2,0,0.0,regressor_model_4.pkl
CBPS,0,0.0,regressor_model_4.pkl
FRDO7r,0,0.0,regressor_model_4.pkl
TRSARr,0,0.0,regressor_model_4.pkl
G5SD_copy1,0,0.0,regressor_model_4.pkl
GLNS_copy2,0,0.0,regressor_model_4.pkl
FRDO6r,0,0.0,regressor_model_4.pkl
MDH,0,0.0,regressor_model_4.pkl
PPM,0,0.0,regressor_model_4.pkl
PTRCTA2,1,0.02703395844643832,regressor_model_4.pkl
DMALRED,0,0.0,regressor_model_4.pkl
G3PD2,0,0.0016273281816385167,regressor_model_4.pkl
DLYSPYRAT,0,0.0,regressor_model_4.pkl
DHSKDH,0,0.0,regressor_model_4.pkl
VALDHr,1,0.004615753340002821,regressor_model_4.pkl
MEPCT,0,0.0,regressor_model_4.pkl
LSERDHr,0,0.0,regressor_model_4.pkl
G6PDH2r,0,0.0,regressor_model_4.pkl
DHQTi_copy1,0,0.0,regressor_model_4.pkl
DHQTi_copy2,0,0.0,regressor_model_4.pkl
HPYRRx,0,0.0,regressor_model_4.pkl
GLUDy,0,0.0,regressor_model_4.pkl
LTDCL,0,0.0030102904542487494,regressor_model_4.pkl
H2CO3D2,0,0.0013492534628821895,regressor_model_4.pkl
GAPD,0,0.0,regressor_model_4.pkl
SSALy,0,0.02292065195202328,regressor_model_4.pkl
GLYCTO1,0,0.0,regressor_model_4.pkl
ACS,0,0.0,regressor_model_4.pkl
PDHa,1,0.0,regressor_model_4.pkl
HEPCT,0,0.0,regressor_model_4.pkl
SERAT_copy1,0,0.0,regressor_model_4.pkl
VALTA,0,0.0,regressor_model_4.pkl
SUCOAS,0,0.0,regressor_model_4.pkl
FRDO4r,0,0.0,regressor_model_4.pkl
GLNS_copy1,1,0.0,regressor_model_4.pkl
ILEDHr_1,0,0.0012124514557532854,regressor_model_4.pkl
ENO,0,0.0,regressor_model_4.pkl
RBK,0,0.0,regressor_model_4.pkl
ALATRS,0,0.0,regressor_model_4.pkl
PTPATi,0,0.0,regressor_model_4.pkl
FDH,0,0.0,regressor_model_4.pkl
NDPK3,0,0.0,regressor_model_4.pkl
DHAD1_copy2,0,0.0,regressor_model_4.pkl
PHETA1,0,0.0,regressor_model_4.pkl
FALDM,0,0.0,regressor_model_4.pkl
PPND,0,0.002080515929875411,regressor_model_4.pkl
PPK,0,0.0,regressor_model_4.pkl
PPA,0,0.0,regressor_model_4.pkl
PRASCSi_copy1,0,0.0,regressor_model_4.pkl
AROH,0,0.0,regressor_model_4.pkl
GLUSy,0,0.0,regressor_model_4.pkl
GLYALDDr,0,0.0,regressor_model_4.pkl
LLEUDr,0,0.0,regressor_model_4.pkl
AGMDA,0,0.0,regressor_model_4.pkl
GLYCK,1,0.0,regressor_model_4.pkl
FE3DCITR,0,0.0,regressor_model_4.pkl
TRPS1_copy1,0,0.0,regressor_model_4.pkl
AKGDH,1,0.11310651570838033,regressor_model_4.pkl
IDPh_1,0,0.0,regressor_model_4.pkl
DLYSOXGAT,0,0.0,regressor_model_4.pkl
NDP8,0,0.0,regressor_model_4.pkl
TALA,1,0.04118059948274719,regressor_model_4.pkl
URO_c,0,0.0,regressor_model_4.pkl
PGI,0,0.0,regressor_model_4.pkl
ICL,1,0.07758849369182727,regressor_model_4.pkl
PSCVT_copy1,0,0.0,regressor_model_4.pkl
PGK,0,0.0,regressor_model_4.pkl
HDH,0,0.0,regressor_model_4.pkl
ALDD1,0,0.0,regressor_model_4.pkl
FE3DCITCH,1,0.0019917616065694707,regressor_model_4.pkl
AGPOP,0,0.0,regressor_model_4.pkl
PRAIi_copy2,1,0.0,regressor_model_4.pkl
CBMKr,0,0.0,regressor_model_4.pkl
1PPDCRc,0,0.0,regressor_model_4.pkl
GAPDi_nadp,0,0.0,regressor_model_4.pkl
FE3PYOVDL,0,0.0,regressor_model_4.pkl
PGM,0,0.0,regressor_model_4.pkl
PMANM,0,0.0,regressor_model_4.pkl
ILETA,0,0.0,regressor_model_4.pkl
LEUTA,0,0.0,regressor_model_4.pkl
R15BPK,0,0.0,regressor_model_4.pkl
LYSRC,0,0.0,regressor_model_4.pkl
OXOADLR,1,0.0,regressor_model_4.pkl
TRPS3,0,0.0,regressor_model_4.pkl
H2CO3D,0,0.0,regressor_model_4.pkl
SERAT_copy2,0,0.0,regressor_model_4.pkl
HSK,0,0.0,regressor_model_4.pkl
PPNDH,0,0.0,regressor_model_4.pkl
PSCVT_copy2,0,0.0,regressor_model_4.pkl
G5SD_copy2,0,0.0,regressor_model_4.pkl
ADK1,0,0.0,regressor_model_4.pkl
NTD4,0,0.0,regressor_model_4.pkl
PHETHPTOX3,1,0.0,regressor_model_4.pkl
ALATA_L,0,0.0,regressor_model_4.pkl
MEPCT_1,0,0.0,regressor_model_4.pkl
PDH,0,0.0,regressor_model_4.pkl
MALS,0,0.0023742411281435275,regressor_model_4.pkl
ANHMK,0,0.0,regressor_model_4.pkl
RECOAH7,0,0.0,regressor_model_4.pkl
GLUDxi,0,0.0,regressor_model_4.pkl
TRPS1_copy2,0,0.0,regressor_model_4.pkl
ALLTN,0,0.0,regressor_model_4.pkl
NDPK5,0,0.0018596536820583705,regressor_model_4.pkl
HISTD,0,0.0,regressor_model_4.pkl
ME2,0,0.0,regressor_model_4.pkl
GLXCL,0,0.0,regressor_model_4.pkl
PRPPS,0,0.0,regressor_model_4.pkl
URIH,0,0.0,regressor_model_4.pkl
PPCK,0,0.0016006387382956344,regressor_model_4.pkl
ALAR,0,0.0,regressor_model_4.pkl
HPYRI,0,0.0,regressor_model_4.pkl
PRAIi_copy1,0,0.0,regressor_model_4.pkl
CSPMDDH,0,0.0,regressor_model_4.pkl
MAN1PT2,0,0.0,regressor_model_4.pkl
HCO3E,0,0.0,regressor_model_4.pkl
DHAD1_copy1,0,0.0,regressor_model_4.pkl
APPAT,0,0.0,regressor_model_4.pkl
ADPT,0,0.0,regressor_model_4.pkl
PRASCSi_copy2,0,0.0,regressor_model_4.pkl
CBPS,0,0.0,regressor_model_4.pkl
FRDO7r,0,0.0,regressor_model_4.pkl
TRSARr,0,0.0,regressor_model_4.pkl
G5SD_copy1,0,0.0,regressor_model_4.pkl
GLNS_copy2,0,0.0,regressor_model_4.pkl
FRDO6r,0,0.0,regressor_model_4.pkl
MDH,0,0.0,regressor_model_4.pkl
PPM,0,0.0,regressor_model_4.pkl
PTRCTA2,1,0.09421912226641858,regressor_model_4.pkl
DMALRED,0,0.0,regressor_model_4.pkl
G3PD2,0,0.0,regressor_model_4.pkl
DLYSPYRAT,1,0.0,regressor_model_4.pkl
DHSKDH,0,0.0,regressor_model_4.pkl
VALDHr,1,0.003635326571281597,regressor_model_4.pkl
MEPCT,0,0.0,regressor_model_4.pkl
LSERDHr,0,0.0,regressor_model_4.pkl
G6PDH2r,0,0.0,regressor_model_4.pkl
DHQTi_copy1,0,0.0,regressor_model_4.pkl
DHQTi_copy2,0,0.0,regressor_model_4.pkl
HPYRRx,0,0.0,regressor_model_4.pkl
GLUDy,0,0.0,regressor_model_4.pkl
LTDCL,1,0.0,regressor_model_4.pkl
H2CO3D2,0,0.0,regressor_model_4.pkl
GAPD,0,0.0,regressor_model_4.pkl
SSALy,1,0.0,regressor_model_4.pkl
GLYCTO1,0,0.0,regressor_model_4.pkl
ACS,0,0.0,regressor_model_4.pkl
PDHa,1,0.0,regressor_model_4.pkl
HEPCT,0,0.0,regressor_model_4.pkl
SERAT_copy1,0,0.0,regressor_model_4.pkl
VALTA,0,0.0,regressor_model_4.pkl
SUCOAS,0,0.0,regressor_model_4.pkl
FRDO4r,0,0.0,regressor_model_4.pkl
GLNS_copy1,1,0.0,regressor_model_4.pkl
ILEDHr_1,0,0.0,regressor_model_4.pkl
ENO,0,0.0,regressor_model_4.pkl
RBK,0,0.0,regressor_model_4.pkl
ALATRS,0,0.0,regressor_model_4.pkl
PTPATi,0,0.0,regressor_model_4.pkl
FDH,0,0.0,regressor_model_4.pkl
NDPK3,0,0.0,regressor_model_4.pkl
DHAD1_copy2,0,0.0,regressor_model_4.pkl
PHETA1,0,0.0,regressor_model_4.pkl
FALDM,0,0.0,regressor_model_4.pkl
PPND,0,0.0,regressor_model_4.pkl
PPK,0,0.0,regressor_model_4.pkl
PPA,0,0.0,regressor_model_4.pkl
PRASCSi_copy1,0,0.0,regressor_model_4.pkl
AROH,0,0.0,regressor_model_4.pkl
GLUSy,1,0.0,regressor_model_4.pkl
GLYALDDr,0,0.0,regressor_model_4.pkl
LLEUDr,0,0.0,regressor_model_4.pkl
AGMDA,0,0.0,regressor_model_4.pkl
GLYCK,0,0.0,regressor_model_4.pkl
FE3DCITR,0,0.0,regressor_model_4.pkl
TRPS1_copy1,0,0.0,regressor_model_4.pkl
AKGDH,1,0.09848340566156241,regressor_model_4.pkl
IDPh_1,0,0.0,regressor_model_4.pkl
DLYSOXGAT,0,0.0,regressor_model_4.pkl
NDP8,0,0.0,regressor_model_4.pkl
TALA,1,0.03652332275550706,regressor_model_4.pkl
URO_c,0,0.0,regressor_model_4.pkl
PGI,0,0.0,regressor_model_4.pkl
ICL,1,0.06518264079933395,regressor_model_4.pkl
PSCVT_copy1,0,0.0,regressor_model_4.pkl
PGK,0,0.0,regressor_model_4.pkl
HDH,1,0.002342244866203977,regressor_model_4.pkl
ALDD1,0,0.0,regressor_model_4.pkl
FE3DCITCH,1,0.0022546268668696763,regressor_model_4.pkl
AGPOP,0,0.0,regressor_model_4.pkl
PRAIi_copy2,1,0.0,regressor_model_4.pkl
CBMKr,0,0.0,regressor_model_4.pkl
1PPDCRc,0,0.0023810563566973517,regressor_model_4.pkl
GAPDi_nadp,0,0.0,regressor_model_4.pkl
FE3PYOVDL,0,0.0,regressor_model_4.pkl
PGM,0,0.0,regressor_model_4.pkl
PMANM,0,0.0,regressor_model_4.pkl
ILETA,0,0.0,regressor_model_4.pkl
LEUTA,0,0.0,regressor_model_4.pkl
R15BPK,0,0.0,regressor_model_4.pkl
LYSRC,0,0.0,regressor_model_4.pkl
OXOADLR,1,0.0026229682954762535,regressor_model_4.pkl
TRPS3,0,0.0,regressor_model_4.pkl
H2CO3D,0,0.0,regressor_model_4.pkl
SERAT_copy2,0,0.0,regressor_model_4.pkl
HSK,0,0.0,regressor_model_4.pkl
PPNDH,0,0.0,regressor_model_4.pkl
PSCVT_copy2,1,0.0,regressor_model_4.pkl
G5SD_copy2,0,0.0,regressor_model_4.pkl
ADK1,0,0.0,regressor_model_4.pkl
NTD4,0,0.0,regressor_model_4.pkl
PHETHPTOX3,0,0.00199779542468298,regressor_model_4.pkl
ALATA_L,0,0.0,regressor_model_4.pkl
MEPCT_1,0,0.0,regressor_model_4.pkl
PDH,0,0.0,regressor_model_4.pkl
MALS,0,0.0,regressor_model_4.pkl
ANHMK,0,0.0,regressor_model_4.pkl
RECOAH7,0,0.0,regressor_model_4.pkl
GLUDxi,0,0.0,regressor_model_4.pkl
TRPS1_copy2,0,0.0,regressor_model_4.pkl
ALLTN,0,0.0,regressor_model_4.pkl
NDPK5,0,0.0,regressor_model_4.pkl
HISTD,0,0.0,regressor_model_4.pkl
ME2,0,0.0,regressor_model_4.pkl
GLXCL,0,0.0,regressor_model_4.pkl
PRPPS,0,0.0,regressor_model_4.pkl
URIH,0,0.0,regressor_model_4.pkl
PPCK,0,0.0,regressor_model_4.pkl
ALAR,0,0.0,regressor_model_4.pkl
HPYRI,0,0.0,regressor_model_4.pkl
PRAIi_copy1,0,0.0,regressor_model_4.pkl
CSPMDDH,0,0.0,regressor_model_4.pkl
MAN1PT2,1,0.0,regressor_model_4.pkl
HCO3E,0,0.0,regressor_model_4.pkl
DHAD1_copy1,0,0.0,regressor_model_4.pkl
APPAT,0,0.0,regressor_model_4.pkl
ADPT,0,0.0,regressor_model_4.pkl
PRASCSi_copy2,0,0.0,regressor_model_4.pkl
CBPS,0,0.0,regressor_model_4.pkl
FRDO7r,0,0.0,regressor_model_4.pkl
TRSARr,0,0.0,regressor_model_4.pkl
G5SD_copy1,0,0.0,regressor_model_4.pkl
GLNS_copy2,0,0.0,regressor_model_4.pkl
FRDO6r,0,0.0,regressor_model_4.pkl
MDH,0,0.0,regressor_model_4.pkl
PPM,0,0.0,regressor_model_4.pkl
PTRCTA2,1,0.026894348332150906,regressor_model_4.pkl
DMALRED,0,0.0,regressor_model_4.pkl
G3PD2,0,0.0,regressor_model_4.pkl
DLYSPYRAT,0,0.002021752609676787,regressor_model_4.pkl
DHSKDH,0,0.0,regressor_model_4.pkl
VALDHr,1,0.004793486662572917,regressor_model_4.pkl
MEPCT,0,0.0,regressor_model_4.pkl
LSERDHr,0,0.0,regressor_model_4.pkl
G6PDH2r,0,0.0,regressor_model_4.pkl
DHQTi_copy1,0,0.0,regressor_model_4.pkl
DHQTi_copy2,0,0.0,regressor_model_4.pkl
HPYRRx,0,0.0,regressor_model_4.pkl
GLUDy,0,0.0,regressor_model_4.pkl
LTDCL,1,0.0,regressor_model_4.pkl
H2CO3D2,0,0.0008392111262585654,regressor_model_4.pkl
GAPD,0,0.0,regressor_model_4.pkl
SSALy,1,0.018015254071127522,regressor_model_4.pkl
GLYCTO1,0,0.0,regressor_model_4.pkl
ACS,0,0.0,regressor_model_4.pkl
PDHa,0,0.0,regressor_model_4.pkl
HEPCT,0,0.0,regressor_model_4.pkl
SERAT_copy1,0,0.0,regressor_model_4.pkl
VALTA,0,0.0,regressor_model_4.pkl
SUCOAS,0,0.0,regressor_model_4.pkl
FRDO4r,0,0.0,regressor_model_4.pkl
GLNS_copy1,1,0.004548429667631582,regressor_model_4.pkl
ILEDHr_1,0,0.0,regressor_model_4.pkl
ENO,0,0.0,regressor_model_4.pkl
RBK,0,0.0,regressor_model_4.pkl
ALATRS,0,0.0,regressor_model_4.pkl
PTPATi,0,0.0,regressor_model_4.pkl
FDH,0,0.0,regressor_model_4.pkl
NDPK3,0,0.0,regressor_model_4.pkl
DHAD1_copy2,0,0.0,regressor_model_4.pkl
PHETA1,0,0.0,regressor_model_4.pkl
FALDM,0,0.0,regressor_model_4.pkl
PPND,0,0.0,regressor_model_4.pkl
PPK,0,0.0,regressor_model_4.pkl
PPA,0,0.0,regressor_model_4.pkl
PRASCSi_copy1,0,0.0,regressor_model_4.pkl
AROH,0,0.0,regressor_model_4.pkl
GLUSy,0,0.0,regressor_model_4.pkl
GLYALDDr,0,0.0,regressor_model_4.pkl
LLEUDr,0,0.0,regressor_model_4.pkl
AGMDA,0,0.0,regressor_model_4.pkl
GLYCK,0,0.0,regressor_model_4.pkl
FE3DCITR,0,0.0,regressor_model_4.pkl
TRPS1_copy1,0,0.0,regressor_model_4.pkl
AKGDH,1,0.09940123286906721,regressor_model_4.pkl
IDPh_1,0,0.0,regressor_model_4.pkl
DLYSOXGAT,0,0.0,regressor_model_4.pkl
NDP8,0,0.0,regressor_model_4.pkl
TALA,1,0.040363583248463515,regressor_model_4.pkl
URO_c,0,0.0,regressor_model_4.pkl
PGI,0,0.0,regressor_model_4.pkl
ICL,1,0.06894231410897765,regressor_model_4.pkl
PSCVT_copy1,0,0.0,regressor_model_4.pkl
PGK,0,0.0,regressor_model_4.pkl
HDH,0,0.0,regressor_model_4.pkl
ALDD1,0,0.0,regressor_model_4.pkl
FE3DCITCH,1,0.0,regressor_model_4.pkl
AGPOP,0,0.0,regressor_model_4.pkl
PRAIi_copy2,1,0.0,regressor_model_4.pkl
CBMKr,0,0.0,regressor_model_4.pkl
1PPDCRc,0,0.0,regressor_model_4.pkl
GAPDi_nadp,0,0.0,regressor_model_4.pkl
FE3PYOVDL,0,0.0,regressor_model_4.pkl
PGM,0,0.0,regressor_model_4.pkl
PMANM,0,0.0,regressor_model_4.pkl
ILETA,0,0.004418665656719977,regressor_model_4.pkl
LEUTA,1,0.0,regressor_model_4.pkl
R15BPK,0,0.0,regressor_model_4.pkl
LYSRC,0,0.0,regressor_model_4.pkl
OXOADLR,1,0.0017004205951914764,regressor_model_4.pkl
TRPS3,0,0.0,regressor_model_4.pkl
H2CO3D,0,0.0,regressor_model_4.pkl
SERAT_copy2,1,0.0,regressor_model_4.pkl
HSK,0,0.0,regressor_model_4.pkl
PPNDH,1,0.0,regressor_model_4.pkl
PSCVT_copy2,0,0.0,regressor_model_4.pkl
G5SD_copy2,0,0.0,regressor_model_4.pkl
ADK1,0,0.0,regressor_model_4.pkl
NTD4,0,0.0,regressor_model_4.pkl
PHETHPTOX3,0,0.0012272461701791932,regressor_model_4.pkl
ALATA_L,0,0.0,regressor_model_4.pkl
MEPCT_1,0,0.0,regressor_model_4.pkl
PDH,0,0.0,regressor_model_4.pkl
MALS,0,0.0,regressor_model_4.pkl
ANHMK,0,0.0,regressor_model_4.pkl
RECOAH7,0,0.0,regressor_model_4.pkl
GLUDxi,0,0.0,regressor_model_4.pkl
TRPS1_copy2,0,0.0,regressor_model_4.pkl
ALLTN,0,0.0,regressor_model_4.pkl
NDPK5,1,0.0,regressor_model_4.pkl
HISTD,0,0.0,regressor_model_4.pkl
ME2,0,0.0,regressor_model_4.pkl
GLXCL,0,0.0,regressor_model_4.pkl
PRPPS,0,0.0,regressor_model_4.pkl
URIH,0,0.0,regressor_model_4.pkl
PPCK,0,0.0022656483563140727,regressor_model_4.pkl
ALAR,0,0.002275906284330942,regressor_model_4.pkl
HPYRI,1,0.0,regressor_model_4.pkl
PRAIi_copy1,0,0.0,regressor_model_4.pkl
CSPMDDH,0,0.0,regressor_model_4.pkl
MAN1PT2,0,0.0,regressor_model_4.pkl
HCO3E,0,0.0,regressor_model_4.pkl
DHAD1_copy1,0,0.0,regressor_model_4.pkl
APPAT,0,0.0,regressor_model_4.pkl
ADPT,0,0.0,regressor_model_4.pkl
PRASCSi_copy2,0,0.0,regressor_model_4.pkl
CBPS,0,0.0,regressor_model_4.pkl
FRDO7r,1,0.0,regressor_model_4.pkl
TRSARr,0,0.0,regressor_model_4.pkl
G5SD_copy1,0,0.0,regressor_model_4.pkl
GLNS_copy2,0,0.0,regressor_model_4.pkl
FRDO6r,0,0.0,regressor_model_4.pkl
MDH,0,0.0,regressor_model_4.pkl
PPM,0,0.0,regressor_model_4.pkl
PTRCTA2,1,0.051071233954280267,regressor_model_4.pkl
DMALRED,0,0.0,regressor_model_4.pkl
G3PD2,0,0.0,regressor_model_4.pkl
DLYSPYRAT,0,0.0,regressor_model_4.pkl
DHSKDH,0,0.0,regressor_model_4.pkl
VALDHr,1,0.0,regressor_model_4.pkl
MEPCT,0,0.0,regressor_model_4.pkl
LSERDHr,0,0.0,regressor_model_4.pkl
G6PDH2r,0,0.0,regressor_model_4.pkl
DHQTi_copy1,0,0.0,regressor_model_4.pkl
DHQTi_copy2,0,0.0,regressor_model_4.pkl
HPYRRx,0,0.0,regressor_model_4.pkl
GLUDy,0,0.0,regressor_model_4.pkl
LTDCL,0,0.0,regressor_model_4.pkl
H2CO3D2,0,0.0,regressor_model_4.pkl
GAPD,0,0.0,regressor_model_4.pkl
SSALy,1,0.017183981116344095,regressor_model_4.pkl
GLYCTO1,0,0.0,regressor_model_4.pkl
ACS,0,0.0,regressor_model_4.pkl
PDHa,1,0.0,regressor_model_4.pkl
HEPCT,0,0.0,regressor_model_4.pkl
SERAT_copy1,0,0.0,regressor_model_4.pkl
VALTA,0,0.0,regressor_model_4.pkl
SUCOAS,0,0.0,regressor_model_4.pkl
FRDO4r,0,0.0,regressor_model_4.pkl
GLNS_copy1,1,0.0032996557096508445,regressor_model_4.pkl
ILEDHr_1,0,0.0,regressor_model_4.pkl
ENO,0,0.0,regressor_model_4.pkl
RBK,0,0.0,regressor_model_4.pkl
ALATRS,0,0.0,regressor_model_4.pkl
PTPATi,0,0.0,regressor_model_4.pkl
FDH,0,0.0,regressor_model_4.pkl
NDPK3,0,0.0,regressor_model_4.pkl
DHAD1_copy2,0,0.0,regressor_model_4.pkl
PHETA1,0,0.0,regressor_model_4.pkl
FALDM,0,0.0,regressor_model_4.pkl
PPND,0,0.0,regressor_model_4.pkl
PPK,0,0.0,regressor_model_4.pkl
PPA,0,0.0,regressor_model_4.pkl
PRASCSi_copy1,0,0.0,regressor_model_4.pkl
AROH,0,0.0,regressor_model_4.pkl
GLUSy,0,0.0,regressor_model_4.pkl
GLYALDDr,0,0.0,regressor_model_4.pkl
LLEUDr,1,0.0,regressor_model_4.pkl
AGMDA,1,0.0,regressor_model_4.pkl
GLYCK,0,0.001186638226845442,regressor_model_4.pkl
FE3DCITR,0,0.0,regressor_model_4.pkl
TRPS1_copy1,0,0.0,regressor_model_4.pkl
AKGDH,1,0.09581259838056409,regressor_model_4.pkl
IDPh_1,0,0.0,regressor_model_4.pkl
DLYSOXGAT,0,0.0,regressor_model_4.pkl
NDP8,0,0.0,regressor_model_4.pkl
TALA,1,0.041370591394723925,regressor_model_4.pkl
URO_c,0,0.0,regressor_model_4.pkl
PGI,0,0.0,regressor_model_4.pkl
ICL,1,0.0667261335589659,regressor_model_4.pkl
PSCVT_copy1,0,0.0,regressor_model_4.pkl
PGK,0,0.0,regressor_model_4.pkl
HDH,0,0.0,regressor_model_4.pkl
ALDD1,0,0.0,regressor_model_4.pkl
FE3DCITCH,1,0.0,regressor_model_4.pkl
AGPOP,0,0.0,regressor_model_4.pkl
PRAIi_copy2,0,0.0,regressor_model_4.pkl
CBMKr,0,0.0,regressor_model_4.pkl
1PPDCRc,0,0.0,regressor_model_4.pkl
GAPDi_nadp,0,0.0,regressor_model_4.pkl
FE3PYOVDL,0,0.0,regressor_model_4.pkl
PGM,0,0.0,regressor_model_4.pkl
PMANM,0,0.0,regressor_model_4.pkl
ILETA,0,0.0,regressor_model_4.pkl
LEUTA,0,0.0,regressor_model_4.pkl
R15BPK,0,0.0,regressor_model_4.pkl
LYSRC,0,0.0,regressor_model_4.pkl
OXOADLR,1,0.0,regressor_model_4.pkl
TRPS3,0,0.0,regressor_model_4.pkl
H2CO3D,0,0.0,regressor_model_4.pkl
SERAT_copy2,1,0.0,regressor_model_4.pkl
HSK,1,0.0,regressor_model_4.pkl
PPNDH,0,0.0,regressor_model_4.pkl
PSCVT_copy2,0,0.0,regressor_model_4.pkl
G5SD_copy2,0,0.0,regressor_model_4.pkl
ADK1,0,0.0,regressor_model_4.pkl
NTD4,0,0.0,regressor_model_4.pkl
PHETHPTOX3,1,0.0,regressor_model_4.pkl
ALATA_L,0,0.0,regressor_model_4.pkl
MEPCT_1,0,0.0,regressor_model_4.pkl
PDH,0,0.0,regressor_model_4.pkl
MALS,0,0.0,regressor_model_4.pkl
ANHMK,0,0.0,regressor_model_4.pkl
RECOAH7,0,0.0,regressor_model_4.pkl
GLUDxi,0,0.0,regressor_model_4.pkl
TRPS1_copy2,0,0.0,regressor_model_4.pkl
ALLTN,0,0.0,regressor_model_4.pkl
NDPK5,0,0.0,regressor_model_4.pkl
HISTD,0,0.0,regressor_model_4.pkl
ME2,0,0.0,regressor_model_4.pkl
GLXCL,0,0.0,regressor_model_4.pkl
PRPPS,0,0.0,regressor_model_4.pkl
URIH,0,0.0,regressor_model_4.pkl
PPCK,0,0.0,regressor_model_4.pkl
ALAR,0,0.0,regressor_model_4.pkl
HPYRI,0,0.0,regressor_model_4.pkl
PRAIi_copy1,0,0.0,regressor_model_4.pkl
CSPMDDH,0,0.0,regressor_model_4.pkl
MAN1PT2,1,0.0,regressor_model_4.pkl
HCO3E,0,0.0,regressor_model_4.pkl
DHAD1_copy1,0,0.0,regressor_model_4.pkl
APPAT,0,0.0,regressor_model_4.pkl
ADPT,0,0.0,regressor_model_4.pkl
PRASCSi_copy2,0,0.0,regressor_model_4.pkl
CBPS,0,0.0,regressor_model_4.pkl
FRDO7r,1,0.0,regressor_model_4.pkl
TRSARr,0,0.0,regressor_model_4.pkl
G5SD_copy1,0,0.0,regressor_model_4.pkl
GLNS_copy2,0,0.0,regressor_model_4.pkl
FRDO6r,0,0.0,regressor_model_4.pkl
MDH,0,0.0,regressor_model_4.pkl
PPM,0,0.0,regressor_model_4.pkl
PTRCTA2,1,0.0,regressor_model_4.pkl
DMALRED,0,0.0,regressor_model_4.pkl
G3PD2,0,0.0,regressor_model_4.pkl
DLYSPYRAT,0,0.0,regressor_model_4.pkl
DHSKDH,0,0.0,regressor_model_4.pkl
VALDHr,1,0.0,regressor_model_4.pkl
MEPCT,0,0.0,regressor_model_4.pkl
LSERDHr,0,0.0,regressor_model_4.pkl
G6PDH2r,0,0.0,regressor_model_4.pkl
DHQTi_copy1,0,0.0,regressor_model_4.pkl
DHQTi_copy2,0,0.0,regressor_model_4.pkl
HPYRRx,0,0.0,regressor_model_4.pkl
GLUDy,0,0.0,regressor_model_4.pkl
LTDCL,1,0.001533635851883521,regressor_model_4.pkl
H2CO3D2,0,0.0,regressor_model_4.pkl
GAPD,0,0.0,regressor_model_4.pkl
SSALy,1,0.07515484601322578,regressor_model_4.pkl
GLYCTO1,0,0.0,regressor_model_4.pkl
ACS,0,0.0,regressor_model_4.pkl
PDHa,0,0.0020377238900339874,regressor_model_4.pkl
HEPCT,0,0.0,regressor_model_4.pkl
SERAT_copy1,0,0.0,regressor_model_4.pkl
VALTA,0,0.0,regressor_model_4.pkl
SUCOAS,0,0.0,regressor_model_4.pkl
FRDO4r,0,0.0,regressor_model_4.pkl
GLNS_copy1,1,0.0,regressor_model_4.pkl
ILEDHr_1,0,0.0,regressor_model_4.pkl
ENO,0,0.0,regressor_model_4.pkl
RBK,0,0.0,regressor_model_4.pkl
ALATRS,0,0.0,regressor_model_4.pkl
PTPATi,0,0.0,regressor_model_4.pkl
FDH,0,0.0,regressor_model_4.pkl
NDPK3,0,0.0,regressor_model_4.pkl
DHAD1_copy2,0,0.0,regressor_model_4.pkl
PHETA1,0,0.0,regressor_model_4.pkl
FALDM,0,0.0,regressor_model_4.pkl
PPND,0,0.0,regressor_model_4.pkl
PPK,0,0.0,regressor_model_4.pkl
PPA,0,0.0,regressor_model_4.pkl
PRASCSi_copy1,0,0.0,regressor_model_4.pkl
AROH,0,0.0,regressor_model_4.pkl
GLUSy,0,0.0,regressor_model_4.pkl
GLYALDDr,0,0.0,regressor_model_4.pkl
LLEUDr,0,0.0011951901142206675,regressor_model_4.pkl
AGMDA,0,0.0,regressor_model_4.pkl
GLYCK,1,0.0,regressor_model_4.pkl
FE3DCITR,0,0.0,regressor_model_4.pkl
TRPS1_copy1,0,0.0,regressor_model_4.pkl
AKGDH,1,0.08358305603403694,regressor_model_4.pkl
IDPh_1,0,0.0,regressor_model_4.pkl
DLYSOXGAT,0,0.0,regressor_model_4.pkl
NDP8,0,0.0,regressor_model_4.pkl
TALA,1,0.028116700872335268,regressor_model_4.pkl
URO_c,0,0.0,regressor_model_4.pkl
PGI,0,0.0,regressor_model_4.pkl
ICL,1,0.05358898372571702,regressor_model_4.pkl
PSCVT_copy1,0,0.0,regressor_model_4.pkl
PGK,0,0.0,regressor_model_4.pkl
HDH,1,0.0,regressor_model_4.pkl
ALDD1,0,0.0,regressor_model_4.pkl
FE3DCITCH,1,0.0,regressor_model_4.pkl
AGPOP,0,0.0,regressor_model_4.pkl
PRAIi_copy2,0,0.0,regressor_model_4.pkl
CBMKr,0,0.0,regressor_model_4.pkl
1PPDCRc,0,0.0,regressor_model_4.pkl
GAPDi_nadp,0,0.0,regressor_model_4.pkl
FE3PYOVDL,0,0.0,regressor_model_4.pkl
PGM,0,0.0,regressor_model_4.pkl
PMANM,0,0.0,regressor_model_4.pkl
ILETA,1,0.0,regressor_model_4.pkl
LEUTA,0,0.0,regressor_model_4.pkl
R15BPK,0,0.0,regressor_model_4.pkl
LYSRC,0,0.0,regressor_model_4.pkl
OXOADLR,0,0.0,regressor_model_4.pkl
TRPS3,0,0.0,regressor_model_4.pkl
H2CO3D,0,0.0,regressor_model_4.pkl
SERAT_copy2,0,0.0,regressor_model_4.pkl
HSK,0,0.0,regressor_model_4.pkl
PPNDH,0,0.0,regressor_model_4.pkl
PSCVT_copy2,0,0.0,regressor_model_4.pkl
G5SD_copy2,0,0.0,regressor_model_4.pkl
ADK1,0,0.0,regressor_model_4.pkl
NTD4,0,0.003191197863808464,regressor_model_4.pkl
PHETHPTOX3,1,0.0,regressor_model_4.pkl
ALATA_L,0,0.0,regressor_model_4.pkl
MEPCT_1,0,0.0,regressor_model_4.pkl
PDH,0,0.0,regressor_model_4.pkl
MALS,0,0.0,regressor_model_4.pkl
ANHMK,0,0.0,regressor_model_4.pkl
RECOAH7,0,0.0,regressor_model_4.pkl
GLUDxi,0,0.0,regressor_model_4.pkl
TRPS1_copy2,0,0.0,regressor_model_4.pkl
ALLTN,0,0.0,regressor_model_4.pkl
NDPK5,1,0.0018796672993251383,regressor_model_4.pkl
HISTD,0,0.0,regressor_model_4.pkl
ME2,0,0.0,regressor_model_4.pkl
GLXCL,0,0.0017937556323576803,regressor_model_4.pkl
PRPPS,0,0.0,regressor_model_4.pkl
URIH,0,0.0,regressor_model_4.pkl
PPCK,0,0.0,regressor_model_4.pkl
ALAR,0,0.0,regressor_model_4.pkl
HPYRI,0,0.0,regressor_model_4.pkl
PRAIi_copy1,0,0.0,regressor_model_4.pkl
CSPMDDH,0,0.0,regressor_model_4.pkl
MAN1PT2,1,0.002319581476009691,regressor_model_4.pkl
HCO3E,0,0.0,regressor_model_4.pkl
DHAD1_copy1,0,0.0,regressor_model_4.pkl
APPAT,0,0.0,regressor_model_4.pkl
ADPT,0,0.0,regressor_model_4.pkl
PRASCSi_copy2,0,0.0,regressor_model_4.pkl
CBPS,0,0.0,regressor_model_4.pkl
FRDO7r,0,0.0,regressor_model_4.pkl
TRSARr,0,0.0,regressor_model_4.pkl
G5SD_copy1,0,0.0,regressor_model_4.pkl
GLNS_copy2,0,0.0,regressor_model_4.pkl
FRDO6r,0,0.0,regressor_model_4.pkl
MDH,0,0.0,regressor_model_4.pkl
PPM,1,0.0,regressor_model_4.pkl
PTRCTA2,1,0.0,regressor_model_4.pkl
DMALRED,0,0.0,regressor_model_4.pkl
G3PD2,0,0.0,regressor_model_4.pkl
DLYSPYRAT,0,0.0,regressor_model_4.pkl
DHSKDH,0,0.0,regressor_model_4.pkl
VALDHr,1,0.0,regressor_model_4.pkl
MEPCT,0,0.0,regressor_model_4.pkl
LSERDHr,0,0.0,regressor_model_4.pkl
G6PDH2r,0,0.0,regressor_model_4.pkl
DHQTi_copy1,0,0.0,regressor_model_4.pkl
DHQTi_copy2,0,0.0,regressor_model_4.pkl
HPYRRx,0,0.0,regressor_model_4.pkl
GLUDy,0,0.0,regressor_model_4.pkl
LTDCL,1,0.0,regressor_model_4.pkl
H2CO3D2,0,0.0,regressor_model_4.pkl
GAPD,0,0.0,regressor_model_4.pkl
SSALy,1,0.0892627082542811,regressor_model_4.pkl
GLYCTO1,0,0.0,regressor_model_4.pkl
ACS,0,0.0,regressor_model_4.pkl
PDHa,1,0.0034239295711192925,regressor_model_4.pkl
HEPCT,0,0.0,regressor_model_4.pkl
SERAT_copy1,0,0.0,regressor_model_4.pkl
VALTA,0,0.0,regressor_model_4.pkl
SUCOAS,0,0.0,regressor_model_4.pkl
FRDO4r,0,0.0,regressor_model_4.pkl
GLNS_copy1,1,0.0,regressor_model_4.pkl
ILEDHr_1,0,0.0,regressor_model_4.pkl
ENO,0,0.0,regressor_model_4.pkl
RBK,0,0.0,regressor_model_4.pkl
ALATRS,0,0.0,regressor_model_4.pkl
PTPATi,0,0.0,regressor_model_4.pkl
FDH,0,0.0,regressor_model_4.pkl
NDPK3,0,0.0,regressor_model_4.pkl
DHAD1_copy2,0,0.0,regressor_model_4.pkl
PHETA1,0,0.0,regressor_model_4.pkl
FALDM,0,0.0,regressor_model_4.pkl
PPND,0,0.0,regressor_model_4.pkl
PPK,0,0.0,regressor_model_4.pkl
PPA,0,0.0,regressor_model_4.pkl
PRASCSi_copy1,1,0.0,regressor_model_4.pkl
AROH,0,0.0,regressor_model_4.pkl
GLUSy,0,0.0,regressor_model_4.pkl
GLYALDDr,0,0.0,regressor_model_4.pkl
LLEUDr,1,0.0,regressor_model_4.pkl
AGMDA,0,0.0,regressor_model_4.pkl
GLYCK,0,0.004472894504274168,regressor_model_4.pkl
FE3DCITR,0,0.0,regressor_model_4.pkl
TRPS1_copy1,0,0.0,regressor_model_4.pkl
AKGDH,1,0.09283797591053518,regressor_model_4.pkl
IDPh_1,0,0.0,regressor_model_4.pkl
DLYSOXGAT,0,0.0,regressor_model_4.pkl
NDP8,0,0.0,regressor_model_4.pkl
TALA,1,0.03256446907516334,regressor_model_4.pkl
URO_c,0,0.0,regressor_model_4.pkl
PGI,0,0.0,regressor_model_4.pkl
ICL,1,0.06106461757206394,regressor_model_4.pkl
PSCVT_copy1,0,0.0,regressor_model_4.pkl
PGK,0,0.0,regressor_model_4.pkl
HDH,1,0.0,regressor_model_4.pkl
ALDD1,0,0.0,regressor_model_4.pkl
FE3DCITCH,1,0.0,regressor_model_4.pkl
AGPOP,0,0.0,regressor_model_4.pkl
PRAIi_copy2,1,0.0,regressor_model_4.pkl
CBMKr,0,0.0,regressor_model_4.pkl
1PPDCRc,0,0.0,regressor_model_4.pkl
GAPDi_nadp,0,0.0,regressor_model_4.pkl
FE3PYOVDL,0,0.0,regressor_model_4.pkl
PGM,0,0.0,regressor_model_4.pkl
PMANM,0,0.0,regressor_model_4.pkl
ILETA,0,0.0,regressor_model_4.pkl
LEUTA,0,0.0,regressor_model_4.pkl
R15BPK,0,0.0,regressor_model_4.pkl
LYSRC,0,0.0,regressor_model_4.pkl
OXOADLR,1,0.0,regressor_model_4.pkl
TRPS3,0,0.0,regressor_model_4.pkl
H2CO3D,0,0.0,regressor_model_4.pkl
SERAT_copy2,0,0.0,regressor_model_4.pkl
HSK,0,0.0,regressor_model_4.pkl
PPNDH,0,0.0,regressor_model_4.pkl
PSCVT_copy2,0,0.0,regressor_model_4.pkl
G5SD_copy2,0,0.0,regressor_model_4.pkl
ADK1,0,0.0,regressor_model_4.pkl
NTD4,0,0.0,regressor_model_4.pkl
PHETHPTOX3,1,0.0,regressor_model_4.pkl
ALATA_L,0,0.0,regressor_model_4.pkl
MEPCT_1,0,0.0,regressor_model_4.pkl
PDH,0,0.0,regressor_model_4.pkl
MALS,0,0.0,regressor_model_4.pkl
ANHMK,0,0.0,regressor_model_4.pkl
RECOAH7,0,0.0,regressor_model_4.pkl
GLUDxi,0,0.0,regressor_model_4.pkl
TRPS1_copy2,0,0.0,regressor_model_4.pkl
ALLTN,0,0.0,regressor_model_4.pkl
NDPK5,0,0.0,regressor_model_4.pkl
HISTD,0,0.0,regressor_model_4.pkl
ME2,0,0.0,regressor_model_4.pkl
GLXCL,0,0.0,regressor_model_4.pkl
PRPPS,0,0.0,regressor_model_4.pkl
URIH,0,0.0,regressor_model_4.pkl
PPCK,0,0.0,regressor_model_4.pkl
ALAR,0,0.0,regressor_model_4.pkl
HPYRI,0,0.0,regressor_model_4.pkl
PRAIi_copy1,0,0.0,regressor_model_4.pkl
CSPMDDH,0,0.0,regressor_model_4.pkl
MAN1PT2,1,0.0,regressor_model_4.pkl
HCO3E,0,0.0,regressor_model_4.pkl
DHAD1_copy1,0,0.0,regressor_model_4.pkl
APPAT,0,0.0,regressor_model_4.pkl
ADPT,0,0.0,regressor_model_4.pkl
PRASCSi_copy2,0,0.0,regressor_model_4.pkl
CBPS,0,0.0,regressor_model_4.pkl
FRDO7r,0,0.0,regressor_model_4.pkl
TRSARr,0,0.0,regressor_model_4.pkl
G5SD_copy1,0,0.0,regressor_model_4.pkl
GLNS_copy2,0,0.0,regressor_model_4.pkl
FRDO6r,0,0.0,regressor_model_4.pkl
MDH,0,0.0,regressor_model_4.pkl
PPM,0,0.0,regressor_model_4.pkl
PTRCTA2,0,0.0,regressor_model_4.pkl
DMALRED,1,0.0,regressor_model_4.pkl
G3PD2,0,0.0,regressor_model_4.pkl
DLYSPYRAT,1,0.000648739758595884,regressor_model_4.pkl
DHSKDH,0,0.0013003914267637469,regressor_model_4.pkl
VALDHr,1,0.002157892925533461,regressor_model_4.pkl
MEPCT,0,0.0,regressor_model_4.pkl
LSERDHr,0,0.0008653670985459776,regressor_model_4.pkl
G6PDH2r,0,0.0,regressor_model_4.pkl
DHQTi_copy1,0,0.0011545687698975922,regressor_model_4.pkl
DHQTi_copy2,1,0.0014743595315044474,regressor_model_4.pkl
HPYRRx,0,0.0,regressor_model_4.pkl
GLUDy,0,0.0012806693372884488,regressor_model_4.pkl
LTDCL,1,0.0012929889222328122,regressor_model_4.pkl
H2CO3D2,0,0.0,regressor_model_4.pkl
GAPD,0,0.0,regressor_model_4.pkl
SSALy,1,0.02809071812370345,regressor_model_4.pkl
GLYCTO1,0,0.0,regressor_model_4.pkl
ACS,1,0.0,regressor_model_4.pkl
PDHa,1,0.0,regressor_model_4.pkl
HEPCT,0,0.01116381586255091,regressor_model_4.pkl
SERAT_copy1,0,0.0,regressor_model_4.pkl
VALTA,0,0.0,regressor_model_4.pkl
SUCOAS,0,0.08956780735753604,regressor_model_4.pkl
FRDO4r,0,0.0,regressor_model_4.pkl
GLNS_copy1,0,0.0,regressor_model_4.pkl
ILEDHr_1,1,0.0026999876250452127,regressor_model_4.pkl
ENO,0,0.0,regressor_model_4.pkl
RBK,0,0.0043728024952905025,regressor_model_4.pkl
ALATRS,0,0.0,regressor_model_4.pkl
PTPATi,0,0.0,regressor_model_4.pkl
FDH,0,0.0065944560360367,regressor_model_4.pkl
NDPK3,0,0.0,regressor_model_4.pkl
DHAD1_copy2,0,0.002888859853275373,regressor_model_4.pkl
PHETA1,0,0.0,regressor_model_4.pkl
FALDM,0,0.007909365722778037,regressor_model_4.pkl
PPND,0,0.0,regressor_model_4.pkl
PPK,0,0.0,regressor_model_4.pkl
PPA,0,0.0,regressor_model_4.pkl
PRASCSi_copy1,0,0.0,regressor_model_4.pkl
AROH,0,0.002955138483413723,regressor_model_4.pkl
GLUSy,1,0.0,regressor_model_4.pkl
GLYALDDr,0,0.0,regressor_model_4.pkl
LLEUDr,0,0.0,regressor_model_4.pkl
AGMDA,0,0.0,regressor_model_4.pkl
GLYCK,0,0.0,regressor_model_4.pkl
FE3DCITR,1,0.0,regressor_model_4.pkl
TRPS1_copy1,0,0.0,regressor_model_4.pkl
AKGDH,1,0.008867199410343505,regressor_model_4.pkl
IDPh_1,0,0.0,regressor_model_4.pkl
DLYSOXGAT,0,0.0,regressor_model_4.pkl
NDP8,0,0.0,regressor_model_4.pkl
TALA,1,0.0,regressor_model_4.pkl
URO_c,0,0.0,regressor_model_4.pkl
PGI,0,0.0014591235567260473,regressor_model_4.pkl
ICL,1,0.048892197240016276,regressor_model_4.pkl
PSCVT_copy1,0,0.0,regressor_model_4.pkl
PGK,0,0.0011989716694997816,regressor_model_4.pkl
HDH,0,0.0007387653585968858,regressor_model_4.pkl
ALDD1,0,0.0,regressor_model_4.pkl
FE3DCITCH,1,0.0,regressor_model_4.pkl
AGPOP,0,0.0,regressor_model_4.pkl
PRAIi_copy2,0,0.0005600968954176391,regressor_model_4.pkl
CBMKr,0,0.0,regressor_model_4.pkl
1PPDCRc,0,0.0,regressor_model_4.pkl
GAPDi_nadp,0,0.0,regressor_model_4.pkl
FE3PYOVDL,0,0.0,regressor_model_4.pkl
PGM,0,0.0,regressor_model_4.pkl
PMANM,0,0.0,regressor_model_4.pkl
ILETA,0,0.0,regressor_model_4.pkl
LEUTA,0,0.0,regressor_model_4.pkl
R15BPK,0,0.0,regressor_model_4.pkl
LYSRC,1,0.0,regressor_model_4.pkl
OXOADLR,1,0.0,regressor_model_4.pkl
TRPS3,1,0.0,regressor_model_4.pkl
H2CO3D,0,0.0,regressor_model_4.pkl
SERAT_copy2,0,0.0,regressor_model_4.pkl
HSK,0,0.0,regressor_model_4.pkl
PPNDH,0,0.0,regressor_model_4.pkl
PSCVT_copy2,0,0.0,regressor_model_4.pkl
G5SD_copy2,0,0.0,regressor_model_4.pkl
ADK1,0,0.0,regressor_model_4.pkl
NTD4,0,0.0,regressor_model_4.pkl
PHETHPTOX3,0,0.0,regressor_model_4.pkl
ALATA_L,0,0.0006850934752464161,regressor_model_4.pkl
MEPCT_1,0,0.011385750307991799,regressor_model_4.pkl
PDH,0,0.0,regressor_model_4.pkl
MALS,0,0.003842807256193664,regressor_model_4.pkl
ANHMK,0,0.0,regressor_model_4.pkl
RECOAH7,0,0.0,regressor_model_4.pkl
GLUDxi,0,0.0,regressor_model_4.pkl
TRPS1_copy2,0,0.0029018760032250924,regressor_model_4.pkl
ALLTN,0,0.0037823542059938833,regressor_model_4.pkl
NDPK5,1,0.0,regressor_model_4.pkl
HISTD,0,0.0,regressor_model_4.pkl
ME2,0,0.0,regressor_model_4.pkl
GLXCL,0,0.0,regressor_model_4.pkl
PRPPS,0,0.0,regressor_model_4.pkl
URIH,1,0.002479758102831149,regressor_model_4.pkl
PPCK,0,0.0,regressor_model_4.pkl
ALAR,0,0.0007151526051139302,regressor_model_4.pkl
HPYRI,0,0.0,regressor_model_4.pkl
PRAIi_copy1,0,0.0,regressor_model_4.pkl
CSPMDDH,0,0.0,regressor_model_4.pkl
MAN1PT2,0,0.0,regressor_model_4.pkl
HCO3E,0,0.0,regressor_model_4.pkl
DHAD1_copy1,0,0.0,regressor_model_4.pkl
APPAT,0,0.0,regressor_model_4.pkl
ADPT,0,0.0,regressor_model_4.pkl
PRASCSi_copy2,0,0.005080574976402825,regressor_model_4.pkl
CBPS,1,0.0,regressor_model_4.pkl
FRDO7r,0,0.0,regressor_model_4.pkl
TRSARr,0,0.0,regressor_model_4.pkl
G5SD_copy1,1,0.0,regressor_model_4.pkl
GLNS_copy2,0,0.0,regressor_model_4.pkl
FRDO6r,0,0.002582643344209616,regressor_model_4.pkl
MDH,0,0.00022367219498720115,regressor_model_4.pkl
PPM,0,0.0,regressor_model_4.pkl
PTRCTA2,1,0.08823227015446565,regressor_model_4.pkl
DMALRED,0,0.0,regressor_model_4.pkl
G3PD2,0,0.0,regressor_model_4.pkl
DLYSPYRAT,1,0.0,regressor_model_4.pkl
DHSKDH,0,0.0,regressor_model_4.pkl
VALDHr,1,0.0,regressor_model_4.pkl
MEPCT,0,0.0,regressor_model_4.pkl
LSERDHr,0,0.0,regressor_model_4.pkl
G6PDH2r,0,0.03498531326920859,regressor_model_4.pkl
DHQTi_copy1,0,0.0,regressor_model_4.pkl
DHQTi_copy2,0,0.0,regressor_model_4.pkl
HPYRRx,0,0.0,regressor_model_4.pkl
GLUDy,0,0.0,regressor_model_4.pkl
LTDCL,0,0.0,regressor_model_4.pkl
H2CO3D2,0,0.0,regressor_model_4.pkl
GAPD,0,0.0,regressor_model_4.pkl
SSALy,0,0.0,regressor_model_4.pkl
GLYCTO1,0,0.0,regressor_model_4.pkl
ACS,0,0.0,regressor_model_4.pkl
PDHa,0,0.0,regressor_model_4.pkl
HEPCT,0,0.0,regressor_model_4.pkl
SERAT_copy1,0,0.0,regressor_model_4.pkl
VALTA,0,0.0,regressor_model_4.pkl
SUCOAS,0,0.0,regressor_model_4.pkl
FRDO4r,0,0.0,regressor_model_4.pkl
GLNS_copy1,1,0.0015939794956311459,regressor_model_4.pkl
ILEDHr_1,0,0.0,regressor_model_4.pkl
ENO,0,0.0,regressor_model_4.pkl
RBK,0,0.0,regressor_model_4.pkl
ALATRS,0,0.0,regressor_model_4.pkl
PTPATi,0,0.0,regressor_model_4.pkl
FDH,0,0.0,regressor_model_4.pkl
NDPK3,0,0.0,regressor_model_4.pkl
DHAD1_copy2,0,0.0,regressor_model_4.pkl
PHETA1,0,0.0,regressor_model_4.pkl
FALDM,0,0.0,regressor_model_4.pkl
PPND,0,0.0,regressor_model_4.pkl
PPK,0,0.0,regressor_model_4.pkl
PPA,0,0.0,regressor_model_4.pkl
PRASCSi_copy1,0,0.0,regressor_model_4.pkl
AROH,0,0.0,regressor_model_4.pkl
GLUSy,0,0.0,regressor_model_4.pkl
GLYALDDr,0,0.0,regressor_model_4.pkl
LLEUDr,1,0.0,regressor_model_4.pkl
AGMDA,0,0.0,regressor_model_4.pkl
GLYCK,0,0.0031159416492961057,regressor_model_4.pkl
FE3DCITR,0,0.0,regressor_model_4.pkl
TRPS1_copy1,0,0.0,regressor_model_4.pkl
AKGDH,1,0.09739172619638455,regressor_model_4.pkl
IDPh_1,0,0.0,regressor_model_4.pkl
DLYSOXGAT,0,0.0,regressor_model_4.pkl
NDP8,0,0.0,regressor_model_4.pkl
TALA,1,0.0,regressor_model_4.pkl
URO_c,0,0.0,regressor_model_4.pkl
PGI,0,0.0,regressor_model_4.pkl
ICL,1,0.0643334979961644,regressor_model_4.pkl
PSCVT_copy1,0,0.0,regressor_model_4.pkl
PGK,0,0.002399038003364126,regressor_model_4.pkl
HDH,1,0.0014869165854260792,regressor_model_4.pkl
ALDD1,0,0.0,regressor_model_4.pkl
FE3DCITCH,1,0.002358514161326849,regressor_model_4.pkl
AGPOP,0,0.0,regressor_model_4.pkl
PRAIi_copy2,1,0.0,regressor_model_4.pkl
CBMKr,0,0.0,regressor_model_4.pkl
1PPDCRc,1,0.0,regressor_model_4.pkl
GAPDi_nadp,1,0.0,regressor_model_4.pkl
FE3PYOVDL,0,0.0,regressor_model_4.pkl
PGM,0,0.0,regressor_model_4.pkl
PMANM,0,0.0,regressor_model_4.pkl
ILETA,0,0.0,regressor_model_4.pkl
LEUTA,0,0.0,regressor_model_4.pkl
R15BPK,0,0.0,regressor_model_4.pkl
LYSRC,0,0.0,regressor_model_4.pkl
OXOADLR,1,0.0,regressor_model_4.pkl
TRPS3,0,0.0,regressor_model_4.pkl
H2CO3D,0,0.0,regressor_model_4.pkl
SERAT_copy2,0,0.0,regressor_model_4.pkl
HSK,0,0.0,regressor_model_4.pkl
PPNDH,0,0.0,regressor_model_4.pkl
PSCVT_copy2,0,0.0,regressor_model_4.pkl
G5SD_copy2,0,0.0,regressor_model_4.pkl
ADK1,0,0.0,regressor_model_4.pkl
NTD4,0,0.0,regressor_model_4.pkl
PHETHPTOX3,1,0.0,regressor_model_4.pkl
ALATA_L,0,0.0,regressor_model_4.pkl
MEPCT_1,0,0.0,regressor_model_4.pkl
PDH,0,0.0,regressor_model_4.pkl
MALS,0,0.0,regressor_model_4.pkl
ANHMK,0,0.0,regressor_model_4.pkl
RECOAH7,0,0.0,regressor_model_4.pkl
GLUDxi,0,0.0,regressor_model_4.pkl
TRPS1_copy2,0,0.0,regressor_model_4.pkl
ALLTN,0,0.0,regressor_model_4.pkl
NDPK5,0,0.0,regressor_model_4.pkl
HISTD,0,0.0,regressor_model_4.pkl
ME2,0,0.0,regressor_model_4.pkl
GLXCL,0,0.0,regressor_model_4.pkl
PRPPS,0,0.0,regressor_model_4.pkl
URIH,0,0.0,regressor_model_4.pkl
PPCK,0,0.0022019639211791064,regressor_model_4.pkl
ALAR,0,0.0,regressor_model_4.pkl
HPYRI,0,0.0,regressor_model_4.pkl
PRAIi_copy1,0,0.0,regressor_model_4.pkl
CSPMDDH,0,0.0,regressor_model_4.pkl
MAN1PT2,0,0.0,regressor_model_4.pkl
HCO3E,0,0.0,regressor_model_4.pkl
DHAD1_copy1,0,0.0,regressor_model_4.pkl
APPAT,0,0.0,regressor_model_4.pkl
ADPT,0,0.0,regressor_model_4.pkl
PRASCSi_copy2,0,0.0,regressor_model_4.pkl
CBPS,0,0.0,regressor_model_4.pkl
FRDO7r,0,0.0,regressor_model_4.pkl
TRSARr,0,0.0,regressor_model_4.pkl
G5SD_copy1,0,0.0,regressor_model_4.pkl
GLNS_copy2,0,0.0,regressor_model_4.pkl
FRDO6r,0,0.0,regressor_model_4.pkl
MDH,0,0.0,regressor_model_4.pkl
PPM,0,0.0,regressor_model_4.pkl
PTRCTA2,1,0.09482431343866372,regressor_model_4.pkl
DMALRED,0,0.0,regressor_model_4.pkl
G3PD2,0,0.0,regressor_model_4.pkl
DLYSPYRAT,1,0.0,regressor_model_4.pkl
DHSKDH,0,0.0,regressor_model_4.pkl
VALDHr,1,0.003637610352803832,regressor_model_4.pkl
MEPCT,0,0.0,regressor_model_4.pkl
LSERDHr,1,0.0,regressor_model_4.pkl
G6PDH2r,0,0.0,regressor_model_4.pkl
DHQTi_copy1,1,0.0,regressor_model_4.pkl
DHQTi_copy2,0,0.0,regressor_model_4.pkl
HPYRRx,0,0.0,regressor_model_4.pkl
GLUDy,0,0.0,regressor_model_4.pkl
LTDCL,1,0.0,regressor_model_4.pkl
H2CO3D2,0,0.0,regressor_model_4.pkl
GAPD,0,0.0,regressor_model_4.pkl
SSALy,0,0.0,regressor_model_4.pkl
GLYCTO1,0,0.0,regressor_model_4.pkl
ACS,0,0.0,regressor_model_4.pkl
PDHa,0,0.0,regressor_model_4.pkl
HEPCT,0,0.0,regressor_model_4.pkl
SERAT_copy1,1,0.0,regressor_model_4.pkl
VALTA,0,0.0,regressor_model_4.pkl
SUCOAS,0,0.0,regressor_model_4.pkl
FRDO4r,0,0.0,regressor_model_4.pkl
GLNS_copy1,0,0.0,regressor_model_4.pkl
ILEDHr_1,0,0.0,regressor_model_4.pkl
ENO,0,0.0,regressor_model_4.pkl
RBK,0,0.0,regressor_model_4.pkl
ALATRS,0,0.0,regressor_model_4.pkl
PTPATi,0,0.0,regressor_model_4.pkl
FDH,0,0.0,regressor_model_4.pkl
NDPK3,0,0.0,regressor_model_4.pkl
DHAD1_copy2,0,0.0,regressor_model_4.pkl
PHETA1,0,0.0,regressor_model_4.pkl
FALDM,0,0.0,regressor_model_4.pkl
PPND,0,0.0,regressor_model_4.pkl
PPK,0,0.0,regressor_model_4.pkl
PPA,0,0.0,regressor_model_4.pkl
PRASCSi_copy1,0,0.0,regressor_model_4.pkl
AROH,0,0.0,regressor_model_4.pkl
GLUSy,0,0.0,regressor_model_4.pkl
GLYALDDr,0,0.0,regressor_model_4.pkl
LLEUDr,1,0.0,regressor_model_4.pkl
AGMDA,0,0.0,regressor_model_4.pkl
GLYCK,0,0.0,regressor_model_4.pkl
FE3DCITR,0,0.0,regressor_model_4.pkl
TRPS1_copy1,0,0.0,regressor_model_4.pkl
AKGDH,1,0.09888293002282414,regressor_model_4.pkl
IDPh_1,0,0.0,regressor_model_4.pkl
DLYSOXGAT,0,0.0,regressor_model_4.pkl
NDP8,0,0.0,regressor_model_4.pkl
TALA,1,0.0,regressor_model_4.pkl
URO_c,0,0.0,regressor_model_4.pkl
PGI,0,0.035414686389223134,regressor_model_4.pkl
ICL,1,0.06838797230635105,regressor_model_4.pkl
PSCVT_copy1,0,0.0,regressor_model_4.pkl
PGK,0,0.0,regressor_model_4.pkl
HDH,1,0.0,regressor_model_4.pkl
ALDD1,0,0.0,regressor_model_4.pkl
FE3DCITCH,1,0.002927371243062253,regressor_model_4.pkl
AGPOP,0,0.0,regressor_model_4.pkl
PRAIi_copy2,1,0.0,regressor_model_4.pkl
CBMKr,0,0.0,regressor_model_4.pkl
1PPDCRc,0,0.0,regressor_model_4.pkl
GAPDi_nadp,0,0.0,regressor_model_4.pkl
FE3PYOVDL,0,0.0,regressor_model_4.pkl
PGM,0,0.0,regressor_model_4.pkl
PMANM,0,0.0,regressor_model_4.pkl
ILETA,0,0.0,regressor_model_4.pkl
LEUTA,0,0.0,regressor_model_4.pkl
R15BPK,0,0.0,regressor_model_4.pkl
LYSRC,0,0.0,regressor_model_4.pkl
OXOADLR,1,0.0,regressor_model_4.pkl
TRPS3,0,0.0,regressor_model_4.pkl
H2CO3D,0,0.0,regressor_model_4.pkl
SERAT_copy2,0,0.0,regressor_model_4.pkl
HSK,0,0.0,regressor_model_4.pkl
PPNDH,0,0.0,regressor_model_4.pkl
PSCVT_copy2,0,0.0,regressor_model_4.pkl
G5SD_copy2,0,0.0,regressor_model_4.pkl
ADK1,0,0.0,regressor_model_4.pkl
NTD4,0,0.0,regressor_model_4.pkl
PHETHPTOX3,0,0.0,regressor_model_4.pkl
ALATA_L,0,0.0,regressor_model_4.pkl
MEPCT_1,0,0.0,regressor_model_4.pkl
PDH,0,0.0,regressor_model_4.pkl
MALS,0,0.0,regressor_model_4.pkl
ANHMK,0,0.0,regressor_model_4.pkl
RECOAH7,0,0.0,regressor_model_4.pkl
GLUDxi,0,0.0,regressor_model_4.pkl
TRPS1_copy2,1,0.0,regressor_model_4.pkl
ALLTN,0,0.0,regressor_model_4.pkl
NDPK5,1,0.0,regressor_model_4.pkl
HISTD,0,0.0,regressor_model_4.pkl
ME2,0,0.0,regressor_model_4.pkl
GLXCL,0,0.0,regressor_model_4.pkl
PRPPS,0,0.0,regressor_model_4.pkl
URIH,0,0.0,regressor_model_4.pkl
PPCK,0,0.0022000313063017993,regressor_model_4.pkl
ALAR,0,0.0020419462430455787,regressor_model_4.pkl
HPYRI,1,0.0,regressor_model_4.pkl
PRAIi_copy1,0,0.00267674057249484,regressor_model_4.pkl
CSPMDDH,0,0.0,regressor_model_4.pkl
MAN1PT2,1,0.0,regressor_model_4.pkl
HCO3E,0,0.0,regressor_model_4.pkl
DHAD1_copy1,0,0.0,regressor_model_4.pkl
APPAT,0,0.0,regressor_model_4.pkl
ADPT,0,0.0,regressor_model_4.pkl
PRASCSi_copy2,0,0.0,regressor_model_4.pkl
CBPS,0,0.0,regressor_model_4.pkl
FRDO7r,0,0.0,regressor_model_4.pkl
TRSARr,0,0.0,regressor_model_4.pkl
G5SD_copy1,0,0.0,regressor_model_4.pkl
GLNS_copy2,0,0.0,regressor_model_4.pkl
FRDO6r,0,0.0,regressor_model_4.pkl
MDH,0,0.0,regressor_model_4.pkl
PPM,0,0.0,regressor_model_4.pkl
PTRCTA2,1,0.09470536232941437,regressor_model_4.pkl
DMALRED,0,0.0,regressor_model_4.pkl
G3PD2,0,0.0022891346264589003,regressor_model_4.pkl
DLYSPYRAT,1,0.0028333812890521835,regressor_model_4.pkl
DHSKDH,0,0.0,regressor_model_4.pkl
VALDHr,1,0.0,regressor_model_4.pkl
MEPCT,0,0.0,regressor_model_4.pkl
LSERDHr,0,0.0,regressor_model_4.pkl
G6PDH2r,0,0.0,regressor_model_4.pkl
DHQTi_copy1,0,0.0,regressor_model_4.pkl
DHQTi_copy2,0,0.0,regressor_model_4.pkl
HPYRRx,0,0.0,regressor_model_4.pkl
GLUDy,0,0.0,regressor_model_4.pkl
LTDCL,0,0.0,regressor_model_4.pkl
H2CO3D2,0,0.0,regressor_model_4.pkl
GAPD,0,0.0,regressor_model_4.pkl
SSALy,1,0.0,regressor_model_4.pkl
GLYCTO1,0,0.0,regressor_model_4.pkl
ACS,0,0.0,regressor_model_4.pkl
PDHa,0,0.0,regressor_model_4.pkl
HEPCT,0,0.0,regressor_model_4.pkl
SERAT_copy1,0,0.0,regressor_model_4.pkl
VALTA,0,0.0,regressor_model_4.pkl
SUCOAS,0,0.0,regressor_model_4.pkl
FRDO4r,0,0.0,regressor_model_4.pkl
GLNS_copy1,0,0.0,regressor_model_4.pkl
ILEDHr_1,0,0.0,regressor_model_4.pkl
ENO,0,0.0,regressor_model_4.pkl
RBK,0,0.0,regressor_model_4.pkl
ALATRS,0,0.0,regressor_model_4.pkl
PTPATi,0,0.0,regressor_model_4.pkl
FDH,0,0.0,regressor_model_4.pkl
NDPK3,0,0.0,regressor_model_4.pkl
DHAD1_copy2,0,0.0,regressor_model_4.pkl
PHETA1,0,0.0,regressor_model_4.pkl
FALDM,0,0.0,regressor_model_4.pkl
PPND,0,0.0,regressor_model_4.pkl
PPK,0,0.0,regressor_model_4.pkl
PPA,0,0.0,regressor_model_4.pkl
PRASCSi_copy1,0,0.0,regressor_model_4.pkl
AROH,0,0.0,regressor_model_4.pkl
GLUSy,0,0.0,regressor_model_4.pkl
GLYALDDr,0,0.0,regressor_model_4.pkl
LLEUDr,0,0.0,regressor_model_4.pkl
AGMDA,0,0.0,regressor_model_4.pkl
GLYCK,0,0.0,regressor_model_4.pkl
FE3DCITR,0,0.0,regressor_model_4.pkl
TRPS1_copy1,0,0.0,regressor_model_4.pkl
AKGDH,1,0.09719279712201073,regressor_model_4.pkl
IDPh_1,0,0.0,regressor_model_4.pkl
DLYSOXGAT,0,0.0,regressor_model_4.pkl
NDP8,0,0.0,regressor_model_4.pkl
TALA,1,0.0,regressor_model_4.pkl
URO_c,0,0.0,regressor_model_4.pkl
PGI,0,0.03906034278301025,regressor_model_4.pkl
ICL,1,0.0685125153477869,regressor_model_4.pkl
PSCVT_copy1,0,0.0,regressor_model_4.pkl
PGK,0,0.0,regressor_model_4.pkl
HDH,1,0.0,regressor_model_4.pkl
ALDD1,0,0.0,regressor_model_4.pkl
FE3DCITCH,1,0.0,regressor_model_4.pkl
AGPOP,0,0.0,regressor_model_4.pkl
PRAIi_copy2,1,0.0,regressor_model_4.pkl
CBMKr,0,0.0,regressor_model_4.pkl
1PPDCRc,0,0.0,regressor_model_4.pkl
GAPDi_nadp,0,0.0,regressor_model_4.pkl
FE3PYOVDL,0,0.0,regressor_model_4.pkl
PGM,0,0.0,regressor_model_4.pkl
PMANM,0,0.0,regressor_model_4.pkl
ILETA,0,0.0,regressor_model_4.pkl
LEUTA,0,0.0,regressor_model_4.pkl
R15BPK,0,0.0,regressor_model_4.pkl
LYSRC,0,0.0,regressor_model_4.pkl
OXOADLR,0,0.0,regressor_model_4.pkl
TRPS3,0,0.0,regressor_model_4.pkl
H2CO3D,1,0.0,regressor_model_4.pkl
SERAT_copy2,0,0.0,regressor_model_4.pkl
HSK,0,0.0,regressor_model_4.pkl
PPNDH,0,0.0,regressor_model_4.pkl
PSCVT_copy2,0,0.0,regressor_model_4.pkl
G5SD_copy2,0,0.0,regressor_model_4.pkl
ADK1,0,0.0,regressor_model_4.pkl
NTD4,0,0.0,regressor_model_4.pkl
PHETHPTOX3,0,0.0,regressor_model_4.pkl
ALATA_L,0,0.0,regressor_model_4.pkl
MEPCT_1,0,0.0,regressor_model_4.pkl
PDH,0,0.0,regressor_model_4.pkl
MALS,0,0.0,regressor_model_4.pkl
ANHMK,0,0.0,regressor_model_4.pkl
RECOAH7,0,0.0,regressor_model_4.pkl
GLUDxi,0,0.0,regressor_model_4.pkl
TRPS1_copy2,0,0.0,regressor_model_4.pkl
ALLTN,0,0.0,regressor_model_4.pkl
NDPK5,1,0.0,regressor_model_4.pkl
HISTD,0,0.0,regressor_model_4.pkl
ME2,0,0.0,regressor_model_4.pkl
GLXCL,0,0.0,regressor_model_4.pkl
PRPPS,0,0.0,regressor_model_4.pkl
URIH,0,0.0,regressor_model_4.pkl
PPCK,0,0.004538987849731391,regressor_model_4.pkl
ALAR,0,0.0,regressor_model_4.pkl
HPYRI,1,0.0,regressor_model_4.pkl
PRAIi_copy1,0,0.0,regressor_model_4.pkl
CSPMDDH,0,0.0,regressor_model_4.pkl
MAN1PT2,0,0.0,regressor_model_4.pkl
HCO3E,0,0.0,regressor_model_4.pkl
DHAD1_copy1,0,0.0,regressor_model_4.pkl
APPAT,0,0.0,regressor_model_4.pkl
ADPT,0,0.0,regressor_model_4.pkl
PRASCSi_copy2,0,0.0,regressor_model_4.pkl
CBPS,0,0.0,regressor_model_4.pkl
FRDO7r,0,0.0,regressor_model_4.pkl
TRSARr,0,0.0,regressor_model_4.pkl
G5SD_copy1,0,0.0,regressor_model_4.pkl
GLNS_copy2,0,0.0,regressor_model_4.pkl
FRDO6r,0,0.0,regressor_model_4.pkl
MDH,0,0.0,regressor_model_4.pkl
PPM,0,0.0,regressor_model_4.pkl
PTRCTA2,1,0.0378241112937264,regressor_model_4.pkl
DMALRED,0,0.0,regressor_model_4.pkl
G3PD2,0,0.0,regressor_model_4.pkl
DLYSPYRAT,1,0.0,regressor_model_4.pkl
DHSKDH,0,0.0,regressor_model_4.pkl
VALDHr,1,0.0037331120292099502,regressor_model_4.pkl
MEPCT,0,0.0,regressor_model_4.pkl
LSERDHr,0,0.0,regressor_model_4.pkl
G6PDH2r,0,0.0,regressor_model_4.pkl
DHQTi_copy1,0,0.0,regressor_model_4.pkl
DHQTi_copy2,0,0.0,regressor_model_4.pkl
HPYRRx,0,0.0,regressor_model_4.pkl
GLUDy,0,0.0,regressor_model_4.pkl
LTDCL,1,0.0,regressor_model_4.pkl
H2CO3D2,1,0.0,regressor_model_4.pkl
GAPD,0,0.0,regressor_model_4.pkl
SSALy,1,0.022750093559209015,regressor_model_4.pkl
GLYCTO1,0,0.0,regressor_model_4.pkl
ACS,0,0.0,regressor_model_4.pkl
PDHa,1,0.0,regressor_model_4.pkl
HEPCT,0,0.0,regressor_model_4.pkl
SERAT_copy1,0,0.0,regressor_model_4.pkl
VALTA,0,0.0,regressor_model_4.pkl
SUCOAS,0,0.0,regressor_model_4.pkl
FRDO4r,0,0.0,regressor_model_4.pkl
GLNS_copy1,1,0.0,regressor_model_4.pkl
ILEDHr_1,0,0.0,regressor_model_4.pkl
ENO,0,0.0,regressor_model_4.pkl
RBK,0,0.0,regressor_model_4.pkl
ALATRS,0,0.0,regressor_model_4.pkl
PTPATi,0,0.0,regressor_model_4.pkl
FDH,0,0.0,regressor_model_4.pkl
NDPK3,0,0.0,regressor_model_4.pkl
DHAD1_copy2,0,0.0,regressor_model_4.pkl
PHETA1,0,0.0,regressor_model_4.pkl
FALDM,0,0.0,regressor_model_4.pkl
PPND,0,0.0,regressor_model_4.pkl
PPK,0,0.0016431445299520168,regressor_model_4.pkl
PPA,0,0.0,regressor_model_4.pkl
PRASCSi_copy1,0,0.0,regressor_model_4.pkl
AROH,0,0.0,regressor_model_4.pkl
GLUSy,0,0.0,regressor_model_4.pkl
GLYALDDr,0,0.0,regressor_model_4.pkl
LLEUDr,0,0.0,regressor_model_4.pkl
AGMDA,0,0.0,regressor_model_4.pkl
GLYCK,0,0.0,regressor_model_4.pkl
FE3DCITR,0,0.0,regressor_model_4.pkl
TRPS1_copy1,0,0.0,regressor_model_4.pkl
AKGDH,1,0.11430894932003058,regressor_model_4.pkl
IDPh_1,0,0.0,regressor_model_4.pkl
DLYSOXGAT,0,0.0,regressor_model_4.pkl
NDP8,0,0.0,regressor_model_4.pkl
TALA,1,0.0407284821883088,regressor_model_4.pkl
URO_c,0,0.0,regressor_model_4.pkl
PGI,0,0.0,regressor_model_4.pkl
ICL,1,0.07699731656811552,regressor_model_4.pkl
PSCVT_copy1,0,0.0,regressor_model_4.pkl
PGK,0,0.0,regressor_model_4.pkl
HDH,0,0.0,regressor_model_4.pkl
ALDD1,0,0.0,regressor_model_4.pkl
FE3DCITCH,1,0.0013352524970869336,regressor_model_4.pkl
AGPOP,0,0.0,regressor_model_4.pkl
PRAIi_copy2,1,0.0,regressor_model_4.pkl
CBMKr,0,0.0,regressor_model_4.pkl
1PPDCRc,0,0.0,regressor_model_4.pkl
GAPDi_nadp,0,0.0,regressor_model_4.pkl
FE3PYOVDL,0,0.0,regressor_model_4.pkl
PGM,0,0.0,regressor_model_4.pkl
PMANM,0,0.0,regressor_model_4.pkl
ILETA,1,0.0,regressor_model_4.pkl
LEUTA,0,0.0,regressor_model_4.pkl
R15BPK,0,0.0022143516798035796,regressor_model_4.pkl
LYSRC,0,0.0,regressor_model_4.pkl
OXOADLR,1,0.002105528024395484,regressor_model_4.pkl
TRPS3,0,0.0,regressor_model_4.pkl
H2CO3D,1,0.0,regressor_model_4.pkl
SERAT_copy2,1,0.0,regressor_model_4.pkl
HSK,0,0.0,regressor_model_4.pkl
PPNDH,0,0.0,regressor_model_4.pkl
PSCVT_copy2,0,0.0,regressor_model_4.pkl
G5SD_copy2,0,0.0,regressor_model_4.pkl
ADK1,0,0.0,regressor_model_4.pkl
NTD4,0,0.0,regressor_model_4.pkl
PHETHPTOX3,1,0.0,regressor_model_4.pkl
ALATA_L,0,0.0,regressor_model_4.pkl
MEPCT_1,0,0.0,regressor_model_4.pkl
PDH,0,0.0,regressor_model_4.pkl
MALS,0,0.0,regressor_model_4.pkl
ANHMK,0,0.0,regressor_model_4.pkl
RECOAH7,0,0.0,regressor_model_4.pkl
GLUDxi,0,0.0,regressor_model_4.pkl
TRPS1_copy2,0,0.0,regressor_model_4.pkl
ALLTN,0,0.0,regressor_model_4.pkl
NDPK5,0,0.0,regressor_model_4.pkl
HISTD,0,0.0,regressor_model_4.pkl
ME2,0,0.0,regressor_model_4.pkl
GLXCL,0,0.0,regressor_model_4.pkl
PRPPS,0,0.0,regressor_model_4.pkl
URIH,0,0.0,regressor_model_4.pkl
PPCK,0,0.0027118000644940072,regressor_model_4.pkl
ALAR,0,0.0,regressor_model_4.pkl
HPYRI,0,0.0,regressor_model_4.pkl
PRAIi_copy1,0,0.001518996298073172,regressor_model_4.pkl
CSPMDDH,0,0.0,regressor_model_4.pkl
MAN1PT2,1,0.0,regressor_model_4.pkl
HCO3E,0,0.0,regressor_model_4.pkl
DHAD1_copy1,0,0.0,regressor_model_4.pkl
APPAT,0,0.0,regressor_model_4.pkl
ADPT,0,0.0,regressor_model_4.pkl
PRASCSi_copy2,0,0.0,regressor_model_4.pkl
CBPS,0,0.0,regressor_model_4.pkl
FRDO7r,1,0.0,regressor_model_4.pkl
TRSARr,0,0.0,regressor_model_4.pkl
G5SD_copy1,0,0.0,regressor_model_4.pkl
GLNS_copy2,0,0.0,regressor_model_4.pkl
FRDO6r,0,0.0,regressor_model_4.pkl
MDH,0,0.0,regressor_model_4.pkl
PPM,0,0.0,regressor_model_4.pkl
PTRCTA2,1,0.0,regressor_model_4.pkl
DMALRED,0,0.0,regressor_model_4.pkl
G3PD2,0,0.0,regressor_model_4.pkl
DLYSPYRAT,1,0.0,regressor_model_4.pkl
DHSKDH,0,0.0,regressor_model_4.pkl
VALDHr,1,0.0,regressor_model_4.pkl
MEPCT,0,0.0,regressor_model_4.pkl
LSERDHr,0,0.0,regressor_model_4.pkl
G6PDH2r,0,0.0,regressor_model_4.pkl
DHQTi_copy1,0,0.0,regressor_model_4.pkl
DHQTi_copy2,0,0.0,regressor_model_4.pkl
HPYRRx,0,0.0,regressor_model_4.pkl
GLUDy,0,0.0,regressor_model_4.pkl
LTDCL,1,0.0,regressor_model_4.pkl
H2CO3D2,0,0.0,regressor_model_4.pkl
GAPD,0,0.0,regressor_model_4.pkl
SSALy,0,0.06395739070190544,regressor_model_4.pkl
GLYCTO1,0,0.0,regressor_model_4.pkl
ACS,0,0.0,regressor_model_4.pkl
PDHa,1,0.004298550702756105,regressor_model_4.pkl
HEPCT,0,0.0,regressor_model_4.pkl
SERAT_copy1,0,0.0,regressor_model_4.pkl
VALTA,0,0.0,regressor_model_4.pkl
SUCOAS,0,0.0,regressor_model_4.pkl
FRDO4r,0,0.0,regressor_model_4.pkl
GLNS_copy1,1,0.0,regressor_model_4.pkl
ILEDHr_1,0,0.0,regressor_model_4.pkl
ENO,0,0.0,regressor_model_4.pkl
RBK,0,0.0,regressor_model_4.pkl
ALATRS,0,0.0,regressor_model_4.pkl
PTPATi,0,0.0,regressor_model_4.pkl
FDH,0,0.0,regressor_model_4.pkl
NDPK3,0,0.0,regressor_model_4.pkl
DHAD1_copy2,0,0.0,regressor_model_4.pkl
PHETA1,0,0.0,regressor_model_4.pkl
FALDM,0,0.0,regressor_model_4.pkl
PPND,0,0.0,regressor_model_4.pkl
PPK,0,0.0,regressor_model_4.pkl
PPA,0,0.0,regressor_model_4.pkl
PRASCSi_copy1,0,0.0,regressor_model_4.pkl
AROH,0,0.002191836795651901,regressor_model_4.pkl
GLUSy,0,0.0,regressor_model_4.pkl
GLYALDDr,0,0.0,regressor_model_4.pkl
LLEUDr,0,0.0,regressor_model_4.pkl
AGMDA,0,0.0,regressor_model_4.pkl
GLYCK,0,0.0,regressor_model_4.pkl
FE3DCITR,0,0.0,regressor_model_4.pkl
TRPS1_copy1,0,0.0,regressor_model_4.pkl
AKGDH,1,0.0717377232503167,regressor_model_4.pkl
IDPh_1,0,0.0,regressor_model_4.pkl
DLYSOXGAT,0,0.0,regressor_model_4.pkl
NDP8,0,0.0,regressor_model_4.pkl
TALA,1,0.03179847774570904,regressor_model_4.pkl
URO_c,0,0.0,regressor_model_4.pkl
PGI,0,0.0,regressor_model_4.pkl
ICL,1,0.04682707541465466,regressor_model_4.pkl
PSCVT_copy1,0,0.0,regressor_model_4.pkl
PGK,0,0.0,regressor_model_4.pkl
HDH,0,0.0,regressor_model_4.pkl
ALDD1,0,0.0,regressor_model_4.pkl
FE3DCITCH,0,0.0,regressor_model_4.pkl
AGPOP,0,0.0,regressor_model_4.pkl
PRAIi_copy2,1,0.0,regressor_model_4.pkl
CBMKr,0,0.0,regressor_model_4.pkl
1PPDCRc,0,0.0,regressor_model_4.pkl
GAPDi_nadp,0,0.0,regressor_model_4.pkl
FE3PYOVDL,0,0.0,regressor_model_4.pkl
PGM,0,0.0,regressor_model_4.pkl
PMANM,0,0.0,regressor_model_4.pkl
ILETA,0,0.0,regressor_model_4.pkl
LEUTA,0,-0.02916561628129559,regressor_model_4.pkl
R15BPK,0,0.0,regressor_model_4.pkl
LYSRC,0,0.0,regressor_model_4.pkl
OXOADLR,1,0.0,regressor_model_4.pkl
TRPS3,0,0.0,regressor_model_4.pkl
H2CO3D,0,0.0,regressor_model_4.pkl
SERAT_copy2,0,0.0,regressor_model_4.pkl
HSK,0,0.0,regressor_model_4.pkl
PPNDH,1,0.0,regressor_model_4.pkl
PSCVT_copy2,0,0.0,regressor_model_4.pkl
G5SD_copy2,0,0.0,regressor_model_4.pkl
ADK1,0,0.0,regressor_model_4.pkl
NTD4,0,0.012274695109778572,regressor_model_4.pkl
PHETHPTOX3,0,0.0,regressor_model_4.pkl
ALATA_L,0,0.0,regressor_model_4.pkl
MEPCT_1,0,0.0,regressor_model_4.pkl
PDH,0,0.0,regressor_model_4.pkl
MALS,1,0.0,regressor_model_4.pkl
ANHMK,0,0.0,regressor_model_4.pkl
RECOAH7,0,0.0,regressor_model_4.pkl
GLUDxi,0,0.0,regressor_model_4.pkl
TRPS1_copy2,0,0.0,regressor_model_4.pkl
ALLTN,0,0.0,regressor_model_4.pkl
NDPK5,1,0.0,regressor_model_4.pkl
HISTD,0,0.0,regressor_model_4.pkl
ME2,0,0.0,regressor_model_4.pkl
GLXCL,0,0.0,regressor_model_4.pkl
PRPPS,0,0.0,regressor_model_4.pkl
URIH,0,0.0,regressor_model_4.pkl
PPCK,0,0.0021749476850839405,regressor_model_4.pkl
ALAR,0,0.0,regressor_model_4.pkl
HPYRI,0,0.0,regressor_model_4.pkl
PRAIi_copy1,0,0.0,regressor_model_4.pkl
CSPMDDH,0,0.0,regressor_model_4.pkl
MAN1PT2,1,0.0025298646368205322,regressor_model_4.pkl
HCO3E,0,0.0,regressor_model_4.pkl
DHAD1_copy1,0,0.0,regressor_model_4.pkl
APPAT,0,0.0,regressor_model_4.pkl
ADPT,0,0.0,regressor_model_4.pkl
PRASCSi_copy2,0,0.0,regressor_model_4.pkl
CBPS,0,0.0,regressor_model_4.pkl
FRDO7r,0,0.0022421735670594967,regressor_model_4.pkl
TRSARr,0,0.0,regressor_model_4.pkl
G5SD_copy1,0,0.0,regressor_model_4.pkl
GLNS_copy2,0,0.0,regressor_model_4.pkl
FRDO6r,0,0.0,regressor_model_4.pkl
MDH,0,0.0,regressor_model_4.pkl
PPM,0,0.0,regressor_model_4.pkl
PTRCTA2,1,0.07941711592836269,regressor_model_4.pkl
DMALRED,0,0.0,regressor_model_4.pkl
G3PD2,0,0.0,regressor_model_4.pkl
DLYSPYRAT,1,0.0026939401268699674,regressor_model_4.pkl
DHSKDH,0,0.0,regressor_model_4.pkl
VALDHr,1,0.0029234657239700086,regressor_model_4.pkl
MEPCT,0,0.0,regressor_model_4.pkl
LSERDHr,0,0.0,regressor_model_4.pkl
G6PDH2r,0,0.0,regressor_model_4.pkl
DHQTi_copy1,0,0.0,regressor_model_4.pkl
DHQTi_copy2,0,0.0,regressor_model_4.pkl
HPYRRx,0,0.0,regressor_model_4.pkl
GLUDy,0,0.0,regressor_model_4.pkl
LTDCL,0,0.0,regressor_model_4.pkl
H2CO3D2,0,0.0,regressor_model_4.pkl
GAPD,0,0.0,regressor_model_4.pkl
SSALy,1,0.0,regressor_model_4.pkl
GLYCTO1,1,0.0,regressor_model_4.pkl
ACS,0,0.0,regressor_model_4.pkl
PDHa,1,0.0,regressor_model_4.pkl
HEPCT,0,0.0,regressor_model_4.pkl
SERAT_copy1,0,0.0,regressor_model_4.pkl
VALTA,0,0.0,regressor_model_4.pkl
SUCOAS,0,0.0,regressor_model_4.pkl
FRDO4r,0,0.0,regressor_model_4.pkl
GLNS_copy1,1,0.0,regressor_model_4.pkl
ILEDHr_1,0,0.0,regressor_model_4.pkl
ENO,0,0.0,regressor_model_4.pkl
RBK,0,0.0,regressor_model_4.pkl
ALATRS,0,0.0,regressor_model_4.pkl
PTPATi,0,0.0,regressor_model_4.pkl
FDH,0,0.0,regressor_model_4.pkl
NDPK3,0,0.0,regressor_model_4.pkl
DHAD1_copy2,0,0.0,regressor_model_4.pkl
PHETA1,0,0.0,regressor_model_4.pkl
FALDM,0,0.0,regressor_model_4.pkl
PPND,0,0.0,regressor_model_4.pkl
PPK,0,0.0,regressor_model_4.pkl
PPA,0,0.0,regressor_model_4.pkl
PRASCSi_copy1,0,0.0,regressor_model_4.pkl
AROH,0,0.0,regressor_model_4.pkl
GLUSy,0,0.0,regressor_model_4.pkl
GLYALDDr,0,0.0,regressor_model_4.pkl
LLEUDr,0,0.0,regressor_model_4.pkl
AGMDA,0,0.0,regressor_model_4.pkl
GLYCK,0,0.0,regressor_model_4.pkl
FE3DCITR,0,0.0,regressor_model_4.pkl
TRPS1_copy1,0,0.0,regressor_model_4.pkl
AKGDH,1,0.08535824443768006,regressor_model_4.pkl
IDPh_1,0,0.0,regressor_model_4.pkl
DLYSOXGAT,0,0.0,regressor_model_4.pkl
NDP8,0,0.0,regressor_model_4.pkl
TALA,1,0.02944013025164305,regressor_model_4.pkl
URO_c,0,0.0,regressor_model_4.pkl
PGI,0,0.0,regressor_model_4.pkl
ICL,1,0.05961684804368314,regressor_model_4.pkl
PSCVT_copy1,0,0.0,regressor_model_4.pkl
PGK,0,0.0,regressor_model_4.pkl
HDH,0,0.0,regressor_model_4.pkl
ALDD1,0,0.0,regressor_model_4.pkl
FE3DCITCH,0,0.0,regressor_model_4.pkl
AGPOP,0,0.0,regressor_model_4.pkl
PRAIi_copy2,1,0.0,regressor_model_4.pkl
CBMKr,0,0.0,regressor_model_4.pkl
1PPDCRc,1,0.0,regressor_model_4.pkl
GAPDi_nadp,0,0.0,regressor_model_4.pkl
FE3PYOVDL,0,0.0,regressor_model_4.pkl
PGM,0,0.0,regressor_model_4.pkl
PMANM,0,0.0,regressor_model_4.pkl
ILETA,0,0.0,regressor_model_4.pkl
LEUTA,0,0.0,regressor_model_4.pkl
R15BPK,0,0.0,regressor_model_4.pkl
LYSRC,0,0.0,regressor_model_4.pkl
OXOADLR,1,0.0,regressor_model_4.pkl
TRPS3,0,0.0,regressor_model_4.pkl
H2CO3D,1,-0.015827261451191732,regressor_model_4.pkl
SERAT_copy2,0,0.0,regressor_model_4.pkl
HSK,0,0.0,regressor_model_4.pkl
PPNDH,1,0.0,regressor_model_4.pkl
PSCVT_copy2,0,0.0,regressor_model_4.pkl
G5SD_copy2,0,0.0,regressor_model_4.pkl
ADK1,0,0.0,regressor_model_4.pkl
NTD4,0,0.0,regressor_model_4.pkl
PHETHPTOX3,1,0.0,regressor_model_4.pkl
ALATA_L,0,0.0,regressor_model_4.pkl
MEPCT_1,0,0.0,regressor_model_4.pkl
PDH,0,0.0,regressor_model_4.pkl
MALS,0,0.0,regressor_model_4.pkl
ANHMK,0,0.0,regressor_model_4.pkl
RECOAH7,0,0.0,regressor_model_4.pkl
GLUDxi,0,0.0,regressor_model_4.pkl
TRPS1_copy2,0,0.0,regressor_model_4.pkl
ALLTN,0,0.0,regressor_model_4.pkl
NDPK5,0,0.0,regressor_model_4.pkl
HISTD,0,0.0,regressor_model_4.pkl
ME2,0,0.0,regressor_model_4.pkl
GLXCL,0,0.0,regressor_model_4.pkl
PRPPS,0,0.0,regressor_model_4.pkl
URIH,0,0.0,regressor_model_4.pkl
PPCK,0,0.0,regressor_model_4.pkl
ALAR,0,0.0,regressor_model_4.pkl
HPYRI,1,0.0,regressor_model_4.pkl
PRAIi_copy1,0,0.0,regressor_model_4.pkl
CSPMDDH,0,0.0,regressor_model_4.pkl
MAN1PT2,1,0.0,regressor_model_4.pkl
HCO3E,0,0.0,regressor_model_4.pkl
DHAD1_copy1,0,0.0,regressor_model_4.pkl
APPAT,0,0.0,regressor_model_4.pkl
ADPT,0,0.0,regressor_model_4.pkl
PRASCSi_copy2,0,0.0,regressor_model_4.pkl
CBPS,0,0.0,regressor_model_4.pkl
FRDO7r,0,0.0,regressor_model_4.pkl
TRSARr,0,0.0,regressor_model_4.pkl
G5SD_copy1,0,0.0,regressor_model_4.pkl
GLNS_copy2,0,0.0,regressor_model_4.pkl
FRDO6r,0,0.0,regressor_model_4.pkl
MDH,0,0.0,regressor_model_4.pkl
PPM,0,0.0,regressor_model_4.pkl
PTRCTA2,1,0.06727943386252794,regressor_model_4.pkl
DMALRED,0,0.0,regressor_model_4.pkl
G3PD2,0,0.0,regressor_model_4.pkl
DLYSPYRAT,0,0.007328537735580225,regressor_model_4.pkl
DHSKDH,0,0.0,regressor_model_4.pkl
VALDHr,1,0.007165250532313713,regressor_model_4.pkl
MEPCT,0,0.0,regressor_model_4.pkl
LSERDHr,0,0.0,regressor_model_4.pkl
G6PDH2r,0,0.0,regressor_model_4.pkl
DHQTi_copy1,0,0.0014612711873141387,regressor_model_4.pkl
DHQTi_copy2,0,0.0019296969349085265,regressor_model_4.pkl
HPYRRx,0,0.0,regressor_model_4.pkl
GLUDy,0,0.0,regressor_model_4.pkl
LTDCL,1,0.002531492098015521,regressor_model_4.pkl
H2CO3D2,0,0.0,regressor_model_4.pkl
GAPD,1,0.0,regressor_model_4.pkl
SSALy,1,0.0,regressor_model_4.pkl
GLYCTO1,0,0.0,regressor_model_4.pkl
ACS,0,0.0,regressor_model_4.pkl
PDHa,1,0.0,regressor_model_4.pkl
HEPCT,0,0.0,regressor_model_4.pkl
SERAT_copy1,0,0.0,regressor_model_4.pkl
VALTA,0,0.0,regressor_model_4.pkl
SUCOAS,0,0.0,regressor_model_4.pkl
FRDO4r,0,0.0,regressor_model_4.pkl
GLNS_copy1,1,0.0005874582600769533,regressor_model_4.pkl
ILEDHr_1,0,0.0,regressor_model_4.pkl
ENO,0,0.0,regressor_model_4.pkl
RBK,0,0.0,regressor_model_4.pkl
ALATRS,0,0.0,regressor_model_4.pkl
PTPATi,0,0.0,regressor_model_4.pkl
FDH,0,0.0,regressor_model_4.pkl
NDPK3,0,0.0,regressor_model_4.pkl
DHAD1_copy2,0,0.0,regressor_model_4.pkl
PHETA1,0,0.0,regressor_model_4.pkl
FALDM,0,0.0,regressor_model_4.pkl
PPND,0,0.0,regressor_model_4.pkl
PPK,0,0.0,regressor_model_4.pkl
PPA,0,0.0,regressor_model_4.pkl
PRASCSi_copy1,0,0.0,regressor_model_4.pkl
AROH,0,0.0,regressor_model_4.pkl
GLUSy,0,0.0,regressor_model_4.pkl
GLYALDDr,0,0.0,regressor_model_4.pkl
LLEUDr,1,0.0,regressor_model_4.pkl
AGMDA,0,0.0,regressor_model_4.pkl
GLYCK,1,0.0,regressor_model_4.pkl
FE3DCITR,0,0.0,regressor_model_4.pkl
TRPS1_copy1,0,0.0,regressor_model_4.pkl
AKGDH,1,0.07952052089374453,regressor_model_4.pkl
IDPh_1,0,0.0,regressor_model_4.pkl
DLYSOXGAT,0,0.0,regressor_model_4.pkl
NDP8,0,0.0,regressor_model_4.pkl
TALA,1,0.01589072125239471,regressor_model_4.pkl
URO_c,0,0.0,regressor_model_4.pkl
PGI,0,0.0,regressor_model_4.pkl
ICL,1,0.05130724983103357,regressor_model_4.pkl
PSCVT_copy1,0,0.0,regressor_model_4.pkl
PGK,0,0.0,regressor_model_4.pkl
HDH,1,0.0031433634431569718,regressor_model_4.pkl
ALDD1,0,0.0,regressor_model_4.pkl
FE3DCITCH,0,0.002356278040111516,regressor_model_4.pkl
AGPOP,0,0.0,regressor_model_4.pkl
PRAIi_copy2,1,0.0033823235523029772,regressor_model_4.pkl
CBMKr,0,0.0,regressor_model_4.pkl
1PPDCRc,0,0.0,regressor_model_4.pkl
GAPDi_nadp,0,0.0,regressor_model_4.pkl
FE3PYOVDL,0,0.0,regressor_model_4.pkl
PGM,0,0.0,regressor_model_4.pkl
PMANM,0,0.0,regressor_model_4.pkl
ILETA,0,0.0,regressor_model_4.pkl
LEUTA,0,0.0,regressor_model_4.pkl
R15BPK,0,0.0013807660293490634,regressor_model_4.pkl
LYSRC,0,0.0,regressor_model_4.pkl
OXOADLR,1,0.0,regressor_model_4.pkl
TRPS3,0,0.0,regressor_model_4.pkl
H2CO3D,0,0.0,regressor_model_4.pkl
SERAT_copy2,0,0.0,regressor_model_4.pkl
HSK,0,0.0,regressor_model_4.pkl
PPNDH,0,0.0012881406826720132,regressor_model_4.pkl
PSCVT_copy2,0,0.0,regressor_model_4.pkl
G5SD_copy2,0,0.0,regressor_model_4.pkl
ADK1,0,0.0,regressor_model_4.pkl
NTD4,0,0.0,regressor_model_4.pkl
PHETHPTOX3,0,0.0037025225178431965,regressor_model_4.pkl
ALATA_L,0,0.0,regressor_model_4.pkl
MEPCT_1,1,0.0,regressor_model_4.pkl
PDH,0,0.0,regressor_model_4.pkl
MALS,1,0.0008437299292797643,regressor_model_4.pkl
ANHMK,0,0.0,regressor_model_4.pkl
RECOAH7,0,0.0,regressor_model_4.pkl
GLUDxi,0,0.0,regressor_model_4.pkl
TRPS1_copy2,0,0.0,regressor_model_4.pkl
ALLTN,0,0.0,regressor_model_4.pkl
NDPK5,1,0.002222729728755899,regressor_model_4.pkl
HISTD,0,0.0026781093941163677,regressor_model_4.pkl
ME2,0,0.0,regressor_model_4.pkl
GLXCL,0,0.0,regressor_model_4.pkl
PRPPS,0,0.0,regressor_model_4.pkl
URIH,0,0.0,regressor_model_4.pkl
PPCK,0,0.0,regressor_model_4.pkl
ALAR,0,0.0,regressor_model_4.pkl
HPYRI,1,0.0,regressor_model_4.pkl
PRAIi_copy1,0,-0.03647237990189928,regressor_model_4.pkl
CSPMDDH,0,0.0,regressor_model_4.pkl
MAN1PT2,1,0.0,regressor_model_4.pkl
HCO3E,1,0.0,regressor_model_4.pkl
DHAD1_copy1,0,0.0,regressor_model_4.pkl
APPAT,0,0.0,regressor_model_4.pkl
ADPT,0,0.0,regressor_model_4.pkl
PRASCSi_copy2,0,0.0,regressor_model_4.pkl
CBPS,0,0.0,regressor_model_4.pkl
FRDO7r,0,0.0,regressor_model_4.pkl
TRSARr,0,0.0,regressor_model_4.pkl
G5SD_copy1,0,0.0,regressor_model_4.pkl
GLNS_copy2,0,0.0,regressor_model_4.pkl
FRDO6r,0,0.0,regressor_model_4.pkl
MDH,0,0.0,regressor_model_4.pkl
PPM,0,0.0,regressor_model_4.pkl
PTRCTA2,1,0.046572910325328676,regressor_model_4.pkl
DMALRED,0,0.0,regressor_model_4.pkl
G3PD2,0,0.0,regressor_model_4.pkl
DLYSPYRAT,1,0.0,regressor_model_4.pkl
DHSKDH,0,0.0,regressor_model_4.pkl
VALDHr,0,0.0013426499698613126,regressor_model_4.pkl
MEPCT,0,0.0,regressor_model_4.pkl
LSERDHr,1,0.0,regressor_model_4.pkl
G6PDH2r,0,0.0,regressor_model_4.pkl
DHQTi_copy1,0,0.0,regressor_model_4.pkl
DHQTi_copy2,0,0.0,regressor_model_4.pkl
HPYRRx,0,0.0,regressor_model_4.pkl
GLUDy,0,0.0,regressor_model_4.pkl
LTDCL,1,0.0,regressor_model_4.pkl
H2CO3D2,0,0.0,regressor_model_4.pkl
GAPD,0,0.0,regressor_model_4.pkl
SSALy,0,0.014042317554220057,regressor_model_4.pkl
GLYCTO1,0,0.0,regressor_model_4.pkl
ACS,0,0.0,regressor_model_4.pkl
PDHa,0,0.0,regressor_model_4.pkl
HEPCT,0,0.0,regressor_model_4.pkl
SERAT_copy1,0,0.0,regressor_model_4.pkl
VALTA,0,0.0,regressor_model_4.pkl
SUCOAS,0,0.0,regressor_model_4.pkl
FRDO4r,0,0.0,regressor_model_4.pkl
GLNS_copy1,0,0.0,regressor_model_4.pkl
ILEDHr_1,0,0.0,regressor_model_4.pkl
ENO,0,0.0,regressor_model_4.pkl
RBK,0,0.0,regressor_model_4.pkl
ALATRS,0,0.0,regressor_model_4.pkl
PTPATi,0,0.0,regressor_model_4.pkl
FDH,0,0.0,regressor_model_4.pkl
NDPK3,0,0.0,regressor_model_4.pkl
DHAD1_copy2,0,0.0,regressor_model_4.pkl
PHETA1,0,0.0,regressor_model_4.pkl
FALDM,0,0.0,regressor_model_4.pkl
PPND,0,0.0,regressor_model_4.pkl
PPK,0,0.0,regressor_model_4.pkl
PPA,0,0.0,regressor_model_4.pkl
PRASCSi_copy1,0,0.0,regressor_model_4.pkl
AROH,0,0.0,regressor_model_4.pkl
GLUSy,0,0.0,regressor_model_4.pkl
GLYALDDr,0,0.0,regressor_model_4.pkl
LLEUDr,0,0.0,regressor_model_4.pkl
AGMDA,0,0.0,regressor_model_4.pkl
GLYCK,0,0.0,regressor_model_4.pkl
FE3DCITR,1,0.0,regressor_model_4.pkl
TRPS1_copy1,0,0.0,regressor_model_4.pkl
AKGDH,1,0.08703590725777967,regressor_model_4.pkl
IDPh_1,0,0.0,regressor_model_4.pkl
DLYSOXGAT,0,0.0,regressor_model_4.pkl
NDP8,0,0.0,regressor_model_4.pkl
TALA,1,0.019321130572232673,regressor_model_4.pkl
URO_c,0,0.0,regressor_model_4.pkl
PGI,0,0.0,regressor_model_4.pkl
ICL,1,0.05852509031079902,regressor_model_4.pkl
PSCVT_copy1,0,0.0,regressor_model_4.pkl
PGK,0,0.0,regressor_model_4.pkl
HDH,0,0.0,regressor_model_4.pkl
ALDD1,0,0.0,regressor_model_4.pkl
FE3DCITCH,0,0.0,regressor_model_4.pkl
AGPOP,0,0.0,regressor_model_4.pkl
PRAIi_copy2,1,0.0,regressor_model_4.pkl
CBMKr,0,0.0,regressor_model_4.pkl
1PPDCRc,0,0.0,regressor_model_4.pkl
GAPDi_nadp,0,0.0,regressor_model_4.pkl
FE3PYOVDL,0,0.0,regressor_model_4.pkl
PGM,0,0.0,regressor_model_4.pkl
PMANM,0,0.0,regressor_model_4.pkl
ILETA,0,0.0,regressor_model_4.pkl
LEUTA,0,-0.03309549523479898,regressor_model_4.pkl
R15BPK,0,0.0,regressor_model_4.pkl
LYSRC,0,0.0,regressor_model_4.pkl
OXOADLR,1,0.0,regressor_model_4.pkl
TRPS3,0,0.0,regressor_model_4.pkl
H2CO3D,0,0.0,regressor_model_4.pkl
SERAT_copy2,0,-0.004317209074977497,regressor_model_4.pkl
HSK,0,0.0,regressor_model_4.pkl
PPNDH,1,0.0,regressor_model_4.pkl
PSCVT_copy2,0,0.0,regressor_model_4.pkl
G5SD_copy2,0,0.0,regressor_model_4.pkl
ADK1,0,0.0,regressor_model_4.pkl
NTD4,0,0.0,regressor_model_4.pkl
PHETHPTOX3,1,0.0,regressor_model_4.pkl
ALATA_L,0,0.0,regressor_model_4.pkl
MEPCT_1,0,0.0,regressor_model_4.pkl
PDH,0,0.0,regressor_model_4.pkl
MALS,1,0.0,regressor_model_4.pkl
ANHMK,0,0.0,regressor_model_4.pkl
RECOAH7,0,0.0,regressor_model_4.pkl
GLUDxi,0,0.0,regressor_model_4.pkl
TRPS1_copy2,0,0.0,regressor_model_4.pkl
ALLTN,0,0.0,regressor_model_4.pkl
NDPK5,1,0.0,regressor_model_4.pkl
HISTD,0,0.0,regressor_model_4.pkl
ME2,0,0.0,regressor_model_4.pkl
GLXCL,0,0.0,regressor_model_4.pkl
PRPPS,0,0.0,regressor_model_4.pkl
URIH,0,0.0,regressor_model_4.pkl
PPCK,0,0.0,regressor_model_4.pkl
ALAR,0,0.0,regressor_model_4.pkl
HPYRI,0,-0.007952617224848125,regressor_model_4.pkl
PRAIi_copy1,0,0.0022772128062031605,regressor_model_4.pkl
CSPMDDH,0,0.0,regressor_model_4.pkl
MAN1PT2,1,0.0,regressor_model_4.pkl
HCO3E,0,0.0,regressor_model_4.pkl
DHAD1_copy1,0,0.0,regressor_model_4.pkl
APPAT,0,0.0,regressor_model_4.pkl
ADPT,0,0.0,regressor_model_4.pkl
PRASCSi_copy2,0,0.0,regressor_model_4.pkl
CBPS,0,0.0,regressor_model_4.pkl
FRDO7r,0,0.0,regressor_model_4.pkl
TRSARr,0,0.0,regressor_model_4.pkl
G5SD_copy1,0,0.0,regressor_model_4.pkl
GLNS_copy2,0,0.0,regressor_model_4.pkl
FRDO6r,0,0.0,regressor_model_4.pkl
MDH,0,0.0,regressor_model_4.pkl
PPM,0,0.0,regressor_model_4.pkl
PTRCTA2,1,0.03052750670296883,regressor_model_4.pkl
DMALRED,0,0.0,regressor_model_4.pkl
G3PD2,0,0.0,regressor_model_4.pkl
DLYSPYRAT,1,0.0,regressor_model_4.pkl
DHSKDH,0,0.0,regressor_model_4.pkl
VALDHr,1,0.003374065487673975,regressor_model_4.pkl
MEPCT,0,0.0,regressor_model_4.pkl
LSERDHr,0,0.0,regressor_model_4.pkl
G6PDH2r,0,0.0,regressor_model_4.pkl
DHQTi_copy1,0,0.0,regressor_model_4.pkl
DHQTi_copy2,0,0.0,regressor_model_4.pkl
HPYRRx,0,0.0,regressor_model_4.pkl
GLUDy,0,0.0,regressor_model_4.pkl
LTDCL,1,0.0,regressor_model_4.pkl
H2CO3D2,0,0.0024036819152005165,regressor_model_4.pkl
GAPD,0,0.0,regressor_model_4.pkl
SSALy,1,0.022589513255824704,regressor_model_4.pkl
GLYCTO1,0,0.0,regressor_model_4.pkl
ACS,0,0.0,regressor_model_4.pkl
PDHa,1,0.0,regressor_model_4.pkl
HEPCT,0,0.0,regressor_model_4.pkl
SERAT_copy1,0,0.0,regressor_model_4.pkl
VALTA,0,0.0,regressor_model_4.pkl
SUCOAS,0,0.0,regressor_model_4.pkl
FRDO4r,0,0.0,regressor_model_4.pkl
GLNS_copy1,1,0.0,regressor_model_4.pkl
ILEDHr_1,0,0.0,regressor_model_4.pkl
ENO,0,0.0,regressor_model_4.pkl
RBK,0,0.0,regressor_model_4.pkl
ALATRS,0,0.0,regressor_model_4.pkl
PTPATi,0,0.0,regressor_model_4.pkl
FDH,0,0.0,regressor_model_4.pkl
NDPK3,0,0.0,regressor_model_4.pkl
DHAD1_copy2,0,0.0,regressor_model_4.pkl
PHETA1,0,0.0,regressor_model_4.pkl
FALDM,0,0.0,regressor_model_4.pkl
PPND,0,0.0,regressor_model_4.pkl
PPK,0,0.0,regressor_model_4.pkl
PPA,0,0.0,regressor_model_4.pkl
PRASCSi_copy1,0,0.0,regressor_model_4.pkl
AROH,0,0.0,regressor_model_4.pkl
GLUSy,0,0.0,regressor_model_4.pkl
GLYALDDr,0,0.0,regressor_model_4.pkl
LLEUDr,1,0.0022131884461322917,regressor_model_4.pkl
AGMDA,0,0.0,regressor_model_4.pkl
GLYCK,0,0.0,regressor_model_4.pkl
FE3DCITR,0,0.0,regressor_model_4.pkl
TRPS1_copy1,0,0.0,regressor_model_4.pkl
AKGDH,1,0.11710597783649955,regressor_model_4.pkl
IDPh_1,0,0.0,regressor_model_4.pkl
DLYSOXGAT,0,0.0,regressor_model_4.pkl
NDP8,0,0.0,regressor_model_4.pkl
TALA,1,0.042547020441060755,regressor_model_4.pkl
URO_c,0,0.0,regressor_model_4.pkl
PGI,0,0.0,regressor_model_4.pkl
ICL,1,0.0801296892741916,regressor_model_4.pkl
PSCVT_copy1,0,0.0,regressor_model_4.pkl
PGK,0,0.0,regressor_model_4.pkl
HDH,1,0.0,regressor_model_4.pkl
ALDD1,0,0.0,regressor_model_4.pkl
FE3DCITCH,0,0.0,regressor_model_4.pkl
AGPOP,0,0.0,regressor_model_4.pkl
PRAIi_copy2,1,0.0,regressor_model_4.pkl
CBMKr,0,0.0,regressor_model_4.pkl
1PPDCRc,0,0.0,regressor_model_4.pkl
GAPDi_nadp,0,0.0,regressor_model_4.pkl
FE3PYOVDL,0,0.0,regressor_model_4.pkl
PGM,0,0.0,regressor_model_4.pkl
PMANM,0,0.0,regressor_model_4.pkl
ILETA,0,0.0,regressor_model_4.pkl
LEUTA,0,0.0,regressor_model_4.pkl
R15BPK,0,0.0,regressor_model_4.pkl
LYSRC,0,0.0,regressor_model_4.pkl
OXOADLR,1,0.0032532981742297217,regressor_model_4.pkl
TRPS3,0,0.0,regressor_model_4.pkl
H2CO3D,0,0.0,regressor_model_4.pkl
SERAT_copy2,0,0.0,regressor_model_4.pkl
HSK,0,0.0,regressor_model_4.pkl
PPNDH,1,0.0,regressor_model_4.pkl
PSCVT_copy2,0,0.0,regressor_model_4.pkl
G5SD_copy2,0,0.0,regressor_model_4.pkl
ADK1,0,0.0,regressor_model_4.pkl
NTD4,0,0.0,regressor_model_4.pkl
PHETHPTOX3,1,0.0,regressor_model_4.pkl
ALATA_L,0,0.0,regressor_model_4.pkl
MEPCT_1,0,0.0,regressor_model_4.pkl
PDH,0,0.0,regressor_model_4.pkl
MALS,1,0.0,regressor_model_4.pkl
ANHMK,0,0.0,regressor_model_4.pkl
RECOAH7,0,0.0,regressor_model_4.pkl
GLUDxi,0,0.0,regressor_model_4.pkl
TRPS1_copy2,0,0.0,regressor_model_4.pkl
ALLTN,0,0.0024950961066791733,regressor_model_4.pkl
NDPK5,0,0.0,regressor_model_4.pkl
HISTD,0,0.0,regressor_model_4.pkl
ME2,0,0.0,regressor_model_4.pkl
GLXCL,0,0.0,regressor_model_4.pkl
PRPPS,0,0.0,regressor_model_4.pkl
URIH,0,0.0,regressor_model_4.pkl
PPCK,0,0.002537159010462753,regressor_model_4.pkl
ALAR,0,0.0,regressor_model_4.pkl
HPYRI,0,0.0,regressor_model_4.pkl
PRAIi_copy1,0,0.0,regressor_model_4.pkl
CSPMDDH,0,0.0,regressor_model_4.pkl
MAN1PT2,0,0.0,regressor_model_4.pkl
HCO3E,0,0.0,regressor_model_4.pkl
DHAD1_copy1,0,0.0,regressor_model_4.pkl
APPAT,0,0.0,regressor_model_4.pkl
ADPT,0,0.0,regressor_model_4.pkl
PRASCSi_copy2,0,0.0,regressor_model_4.pkl
CBPS,0,0.0,regressor_model_4.pkl
FRDO7r,0,0.0,regressor_model_4.pkl
TRSARr,0,0.0,regressor_model_4.pkl
G5SD_copy1,0,0.0,regressor_model_4.pkl
GLNS_copy2,0,0.0,regressor_model_4.pkl
FRDO6r,0,0.0,regressor_model_4.pkl
MDH,0,0.0,regressor_model_4.pkl
PPM,0,0.0,regressor_model_4.pkl
PTRCTA2,0,0.08049258015980675,regressor_model_4.pkl
DMALRED,0,0.0,regressor_model_4.pkl
G3PD2,0,0.0,regressor_model_4.pkl
DLYSPYRAT,0,0.0,regressor_model_4.pkl
DHSKDH,0,0.0,regressor_model_4.pkl
VALDHr,1,0.002751040208955233,regressor_model_4.pkl
MEPCT,0,0.0,regressor_model_4.pkl
LSERDHr,1,0.0,regressor_model_4.pkl
G6PDH2r,0,0.0,regressor_model_4.pkl
DHQTi_copy1,0,0.0,regressor_model_4.pkl
DHQTi_copy2,0,0.0,regressor_model_4.pkl
HPYRRx,0,0.0,regressor_model_4.pkl
GLUDy,0,0.0,regressor_model_4.pkl
LTDCL,1,0.003042901224711637,regressor_model_4.pkl
H2CO3D2,0,0.0,regressor_model_4.pkl
GAPD,0,0.0,regressor_model_4.pkl
SSALy,1,0.0,regressor_model_4.pkl
GLYCTO1,0,0.0,regressor_model_4.pkl
ACS,0,0.0,regressor_model_4.pkl
PDHa,1,0.0,regressor_model_4.pkl
HEPCT,0,0.0,regressor_model_4.pkl
SERAT_copy1,0,0.0,regressor_model_4.pkl
VALTA,0,0.0,regressor_model_4.pkl
SUCOAS,0,0.0,regressor_model_4.pkl
FRDO4r,0,0.0,regressor_model_4.pkl
GLNS_copy1,0,0.0,regressor_model_4.pkl
ILEDHr_1,0,0.0,regressor_model_4.pkl
ENO,0,0.0,regressor_model_4.pkl
RBK,0,0.0,regressor_model_4.pkl
ALATRS,0,0.0,regressor_model_4.pkl
PTPATi,0,0.0,regressor_model_4.pkl
FDH,0,0.0,regressor_model_4.pkl
NDPK3,0,0.0,regressor_model_4.pkl
DHAD1_copy2,0,0.0,regressor_model_4.pkl
PHETA1,0,0.0,regressor_model_4.pkl
FALDM,0,0.0,regressor_model_4.pkl
PPND,0,0.0,regressor_model_4.pkl
PPK,0,0.0,regressor_model_4.pkl
PPA,0,0.0,regressor_model_4.pkl
PRASCSi_copy1,0,0.0,regressor_model_4.pkl
AROH,0,0.0,regressor_model_4.pkl
GLUSy,0,0.0,regressor_model_4.pkl
GLYALDDr,0,0.0,regressor_model_4.pkl
LLEUDr,0,0.0,regressor_model_4.pkl
AGMDA,0,0.0,regressor_model_4.pkl
GLYCK,0,0.0,regressor_model_4.pkl
FE3DCITR,1,0.0,regressor_model_4.pkl
TRPS1_copy1,0,0.0,regressor_model_4.pkl
AKGDH,1,0.09022487354933278,regressor_model_4.pkl
IDPh_1,0,0.0,regressor_model_4.pkl
DLYSOXGAT,0,0.0,regressor_model_4.pkl
NDP8,0,0.0,regressor_model_4.pkl
TALA,1,0.031101054536141207,regressor_model_4.pkl
URO_c,0,0.0,regressor_model_4.pkl
PGI,0,0.0,regressor_model_4.pkl
ICL,1,0.06041090836811049,regressor_model_4.pkl
PSCVT_copy1,0,0.0,regressor_model_4.pkl
PGK,0,0.0,regressor_model_4.pkl
HDH,1,0.004112438086879381,regressor_model_4.pkl
ALDD1,0,0.0,regressor_model_4.pkl
FE3DCITCH,0,0.0,regressor_model_4.pkl
AGPOP,0,0.0,regressor_model_4.pkl
PRAIi_copy2,1,0.0,regressor_model_4.pkl
CBMKr,0,0.0,regressor_model_4.pkl
1PPDCRc,0,0.0,regressor_model_4.pkl
GAPDi_nadp,0,0.0,regressor_model_4.pkl
FE3PYOVDL,0,0.0,regressor_model_4.pkl
PGM,0,0.0,regressor_model_4.pkl
PMANM,0,0.0,regressor_model_4.pkl
ILETA,0,0.0,regressor_model_4.pkl
LEUTA,0,0.0,regressor_model_4.pkl
R15BPK,0,0.0,regressor_model_4.pkl
LYSRC,0,0.0,regressor_model_4.pkl
OXOADLR,0,0.0,regressor_model_4.pkl
TRPS3,0,0.0,regressor_model_4.pkl
H2CO3D,0,0.0,regressor_model_4.pkl
SERAT_copy2,0,0.0,regressor_model_4.pkl
HSK,0,0.0,regressor_model_4.pkl
PPNDH,0,0.0,regressor_model_4.pkl
PSCVT_copy2,0,0.0,regressor_model_4.pkl
G5SD_copy2,0,0.0,regressor_model_4.pkl
ADK1,0,0.0,regressor_model_4.pkl
NTD4,1,0.0,regressor_model_4.pkl
PHETHPTOX3,1,0.0,regressor_model_4.pkl
ALATA_L,0,0.0,regressor_model_4.pkl
MEPCT_1,0,0.0,regressor_model_4.pkl
PDH,0,0.0,regressor_model_4.pkl
MALS,1,0.0,regressor_model_4.pkl
ANHMK,0,0.0,regressor_model_4.pkl
RECOAH7,0,0.0,regressor_model_4.pkl
GLUDxi,0,0.0,regressor_model_4.pkl
TRPS1_copy2,0,0.0,regressor_model_4.pkl
ALLTN,0,0.0,regressor_model_4.pkl
NDPK5,1,0.0,regressor_model_4.pkl
HISTD,0,0.0,regressor_model_4.pkl
ME2,0,0.0,regressor_model_4.pkl
GLXCL,1,0.0,regressor_model_4.pkl
PRPPS,0,0.0,regressor_model_4.pkl
URIH,0,0.0,regressor_model_4.pkl
PPCK,0,0.0,regressor_model_4.pkl
ALAR,0,0.0,regressor_model_4.pkl
HPYRI,1,0.0,regressor_model_4.pkl
PRAIi_copy1,0,0.0,regressor_model_4.pkl
CSPMDDH,0,0.0,regressor_model_4.pkl
MAN1PT2,1,0.0026386782646175,regressor_model_4.pkl
HCO3E,0,0.0,regressor_model_4.pkl
DHAD1_copy1,0,0.0,regressor_model_4.pkl
APPAT,0,0.0,regressor_model_4.pkl
ADPT,0,0.0,regressor_model_4.pkl
PRASCSi_copy2,0,0.0,regressor_model_4.pkl
CBPS,0,0.0,regressor_model_4.pkl
FRDO7r,0,0.0,regressor_model_4.pkl
TRSARr,0,0.0,regressor_model_4.pkl
G5SD_copy1,0,0.0,regressor_model_4.pkl
GLNS_copy2,0,0.0,regressor_model_4.pkl
FRDO6r,0,0.0,regressor_model_4.pkl
MDH,0,0.0,regressor_model_4.pkl
PPM,0,0.0,regressor_model_4.pkl
PTRCTA2,1,0.09090862936831749,regressor_model_4.pkl
DMALRED,0,0.0,regressor_model_4.pkl
G3PD2,0,0.0,regressor_model_4.pkl
DLYSPYRAT,0,0.0,regressor_model_4.pkl
DHSKDH,0,0.0,regressor_model_4.pkl
VALDHr,1,0.0026504171490670633,regressor_model_4.pkl
MEPCT,0,0.0,regressor_model_4.pkl
LSERDHr,0,0.0,regressor_model_4.pkl
G6PDH2r,0,0.0,regressor_model_4.pkl
DHQTi_copy1,0,0.0,regressor_model_4.pkl
DHQTi_copy2,0,0.0,regressor_model_4.pkl
HPYRRx,0,0.0,regressor_model_4.pkl
GLUDy,0,0.0,regressor_model_4.pkl
LTDCL,1,0.0,regressor_model_4.pkl
H2CO3D2,0,0.0,regressor_model_4.pkl
GAPD,0,0.0,regressor_model_4.pkl
SSALy,1,0.0,regressor_model_4.pkl
GLYCTO1,0,0.0,regressor_model_4.pkl
ACS,0,0.0,regressor_model_4.pkl
PDHa,1,0.0,regressor_model_4.pkl
HEPCT,0,0.0,regressor_model_4.pkl
SERAT_copy1,0,0.0,regressor_model_4.pkl
VALTA,0,0.0,regressor_model_4.pkl
SUCOAS,0,0.0,regressor_model_4.pkl
FRDO4r,0,0.0,regressor_model_4.pkl
GLNS_copy1,1,0.0,regressor_model_4.pkl
ILEDHr_1,0,0.0,regressor_model_4.pkl
ENO,0,0.0,regressor_model_4.pkl
RBK,0,0.0,regressor_model_4.pkl
ALATRS,0,0.0,regressor_model_4.pkl
PTPATi,0,0.0,regressor_model_4.pkl
FDH,0,0.0,regressor_model_4.pkl
NDPK3,0,0.0,regressor_model_4.pkl
DHAD1_copy2,0,0.0,regressor_model_4.pkl
PHETA1,0,0.0,regressor_model_4.pkl
FALDM,0,0.0,regressor_model_4.pkl
PPND,0,0.0,regressor_model_4.pkl
PPK,0,0.0,regressor_model_4.pkl
PPA,0,0.0,regressor_model_4.pkl
PRASCSi_copy1,0,0.0,regressor_model_4.pkl
AROH,0,0.0,regressor_model_4.pkl
GLUSy,0,0.0,regressor_model_4.pkl
GLYALDDr,1,0.0,regressor_model_4.pkl
LLEUDr,1,0.0,regressor_model_4.pkl
AGMDA,0,0.0,regressor_model_4.pkl
GLYCK,0,0.0,regressor_model_4.pkl
FE3DCITR,0,0.0,regressor_model_4.pkl
TRPS1_copy1,0,0.0,regressor_model_4.pkl
AKGDH,1,0.1004952628367035,regressor_model_4.pkl
IDPh_1,0,0.0,regressor_model_4.pkl
DLYSOXGAT,0,0.0,regressor_model_4.pkl
NDP8,0,0.0,regressor_model_4.pkl
TALA,1,0.03821876437563198,regressor_model_4.pkl
URO_c,0,0.0,regressor_model_4.pkl
PGI,0,0.0,regressor_model_4.pkl
ICL,1,0.06879800343278836,regressor_model_4.pkl
PSCVT_copy1,0,0.0,regressor_model_4.pkl
PGK,0,0.0,regressor_model_4.pkl
HDH,1,0.0,regressor_model_4.pkl
ALDD1,0,0.0,regressor_model_4.pkl
FE3DCITCH,0,0.0,regressor_model_4.pkl
AGPOP,0,0.0,regressor_model_4.pkl
PRAIi_copy2,0,0.0,regressor_model_4.pkl
CBMKr,0,0.0,regressor_model_4.pkl
1PPDCRc,0,0.0,regressor_model_4.pkl
GAPDi_nadp,0,0.0,regressor_model_4.pkl
FE3PYOVDL,0,0.0,regressor_model_4.pkl
PGM,0,0.0,regressor_model_4.pkl
PMANM,0,0.0,regressor_model_4.pkl
ILETA,0,0.0,regressor_model_4.pkl
LEUTA,0,0.0,regressor_model_4.pkl
R15BPK,0,0.0,regressor_model_4.pkl
LYSRC,0,0.0,regressor_model_4.pkl
OXOADLR,1,0.0,regressor_model_4.pkl
TRPS3,0,0.0,regressor_model_4.pkl
H2CO3D,0,0.0,regressor_model_4.pkl
SERAT_copy2,1,0.0,regressor_model_4.pkl
HSK,0,0.0,regressor_model_4.pkl
PPNDH,1,0.0,regressor_model_4.pkl
PSCVT_copy2,0,0.0,regressor_model_4.pkl
G5SD_copy2,0,0.0,regressor_model_4.pkl
ADK1,0,0.0,regressor_model_4.pkl
NTD4,0,0.0,regressor_model_4.pkl
PHETHPTOX3,1,0.0,regressor_model_4.pkl
ALATA_L,0,0.0,regressor_model_4.pkl
MEPCT_1,0,0.0,regressor_model_4.pkl
PDH,0,0.0,regressor_model_4.pkl
MALS,1,0.0,regressor_model_4.pkl
ANHMK,0,0.0,regressor_model_4.pkl
RECOAH7,0,0.0,regressor_model_4.pkl
GLUDxi,0,0.0,regressor_model_4.pkl
TRPS1_copy2,0,0.0,regressor_model_4.pkl
ALLTN,0,0.0,regressor_model_4.pkl
NDPK5,0,0.0042297284444627785,regressor_model_4.pkl
HISTD,0,0.0,regressor_model_4.pkl
ME2,0,0.0,regressor_model_4.pkl
GLXCL,0,0.0,regressor_model_4.pkl
PRPPS,0,0.0,regressor_model_4.pkl
URIH,0,0.0,regressor_model_4.pkl
PPCK,0,0.003870287396243788,regressor_model_4.pkl
ALAR,0,0.0,regressor_model_4.pkl
HPYRI,0,0.0,regressor_model_4.pkl
PRAIi_copy1,0,0.0,regressor_model_4.pkl
CSPMDDH,0,0.0,regressor_model_4.pkl
MAN1PT2,1,0.0,regressor_model_4.pkl
HCO3E,1,0.0,regressor_model_4.pkl
DHAD1_copy1,0,0.0,regressor_model_4.pkl
APPAT,0,0.0,regressor_model_4.pkl
ADPT,0,0.0,regressor_model_4.pkl
PRASCSi_copy2,0,0.0,regressor_model_4.pkl
CBPS,0,0.0,regressor_model_4.pkl
FRDO7r,0,0.0,regressor_model_4.pkl
TRSARr,0,0.0,regressor_model_4.pkl
G5SD_copy1,0,0.0,regressor_model_4.pkl
GLNS_copy2,0,0.0,regressor_model_4.pkl
FRDO6r,0,0.0,regressor_model_4.pkl
MDH,0,0.0,regressor_model_4.pkl
PPM,0,0.0,regressor_model_4.pkl
PTRCTA2,1,0.08725872641463031,regressor_model_4.pkl
DMALRED,0,0.0,regressor_model_4.pkl
G3PD2,0,0.0,regressor_model_4.pkl
DLYSPYRAT,1,0.003950186060728218,regressor_model_4.pkl
DHSKDH,0,0.0,regressor_model_4.pkl
VALDHr,1,0.0,regressor_model_4.pkl
MEPCT,0,0.0,regressor_model_4.pkl
LSERDHr,0,0.0,regressor_model_4.pkl
G6PDH2r,0,0.0,regressor_model_4.pkl
DHQTi_copy1,0,0.0,regressor_model_4.pkl
DHQTi_copy2,0,0.0,regressor_model_4.pkl
HPYRRx,0,0.0,regressor_model_4.pkl
GLUDy,0,0.0,regressor_model_4.pkl
LTDCL,1,0.0,regressor_model_4.pkl
H2CO3D2,0,0.0,regressor_model_4.pkl
GAPD,0,0.0,regressor_model_4.pkl
SSALy,0,0.0,regressor_model_4.pkl
GLYCTO1,0,0.0,regressor_model_4.pkl
ACS,0,0.0,regressor_model_4.pkl
PDHa,1,0.0,regressor_model_4.pkl
HEPCT,0,0.0,regressor_model_4.pkl
SERAT_copy1,0,0.0,regressor_model_4.pkl
VALTA,0,0.0,regressor_model_4.pkl
SUCOAS,0,0.0,regressor_model_4.pkl
FRDO4r,0,0.0,regressor_model_4.pkl
GLNS_copy1,1,0.0,regressor_model_4.pkl
ILEDHr_1,0,0.0,regressor_model_4.pkl
ENO,0,0.0,regressor_model_4.pkl
RBK,0,0.0,regressor_model_4.pkl
ALATRS,0,0.0,regressor_model_4.pkl
PTPATi,0,0.0,regressor_model_4.pkl
FDH,0,0.0,regressor_model_4.pkl
NDPK3,0,0.0,regressor_model_4.pkl
DHAD1_copy2,0,0.0,regressor_model_4.pkl
PHETA1,0,0.0,regressor_model_4.pkl
FALDM,0,0.0,regressor_model_4.pkl
PPND,0,0.0,regressor_model_4.pkl
PPK,0,0.0,regressor_model_4.pkl
PPA,0,0.0,regressor_model_4.pkl
PRASCSi_copy1,0,0.0,regressor_model_4.pkl
AROH,0,0.0,regressor_model_4.pkl
GLUSy,0,0.0,regressor_model_4.pkl
GLYALDDr,0,0.0,regressor_model_4.pkl
LLEUDr,1,0.0,regressor_model_4.pkl
AGMDA,0,0.0,regressor_model_4.pkl
GLYCK,0,0.0,regressor_model_4.pkl
FE3DCITR,0,0.0,regressor_model_4.pkl
TRPS1_copy1,0,0.0,regressor_model_4.pkl
AKGDH,1,0.09755079945142424,regressor_model_4.pkl
IDPh_1,0,0.0,regressor_model_4.pkl
DLYSOXGAT,0,0.0,regressor_model_4.pkl
NDP8,0,0.0,regressor_model_4.pkl
TALA,1,0.03598810663568281,regressor_model_4.pkl
URO_c,0,0.0,regressor_model_4.pkl
PGI,0,0.0,regressor_model_4.pkl
ICL,1,0.0656542072808724,regressor_model_4.pkl
PSCVT_copy1,0,0.0,regressor_model_4.pkl
PGK,0,0.003522314510331359,regressor_model_4.pkl
HDH,1,0.0,regressor_model_4.pkl
ALDD1,0,0.0,regressor_model_4.pkl
FE3DCITCH,0,0.0,regressor_model_4.pkl
AGPOP,0,0.0,regressor_model_4.pkl
PRAIi_copy2,0,0.0,regressor_model_4.pkl
CBMKr,0,0.0,regressor_model_4.pkl
1PPDCRc,0,0.0,regressor_model_4.pkl
GAPDi_nadp,0,0.0,regressor_model_4.pkl
FE3PYOVDL,0,0.0,regressor_model_4.pkl
PGM,0,0.0,regressor_model_4.pkl
PMANM,0,0.0,regressor_model_4.pkl
ILETA,0,0.0,regressor_model_4.pkl
LEUTA,0,0.0,regressor_model_4.pkl
R15BPK,0,0.0,regressor_model_4.pkl
LYSRC,0,0.0,regressor_model_4.pkl
OXOADLR,1,0.0,regressor_model_4.pkl
TRPS3,0,0.0,regressor_model_4.pkl
H2CO3D,1,0.0,regressor_model_4.pkl
SERAT_copy2,1,0.0,regressor_model_4.pkl
HSK,0,0.0,regressor_model_4.pkl
PPNDH,1,0.0,regressor_model_4.pkl
PSCVT_copy2,0,0.0,regressor_model_4.pkl
G5SD_copy2,0,0.0,regressor_model_4.pkl
ADK1,0,0.0,regressor_model_4.pkl
NTD4,0,0.0,regressor_model_4.pkl
PHETHPTOX3,0,0.0,regressor_model_4.pkl
ALATA_L,0,0.0,regressor_model_4.pkl
MEPCT_1,0,0.0,regressor_model_4.pkl
PDH,0,0.0,regressor_model_4.pkl
MALS,0,0.0,regressor_model_4.pkl
ANHMK,0,0.0,regressor_model_4.pkl
RECOAH7,0,0.0,regressor_model_4.pkl
GLUDxi,0,0.0,regressor_model_4.pkl
TRPS1_copy2,0,0.0,regressor_model_4.pkl
ALLTN,0,0.0,regressor_model_4.pkl
NDPK5,1,0.0,regressor_model_4.pkl
HISTD,0,0.0,regressor_model_4.pkl
ME2,0,0.0,regressor_model_4.pkl
GLXCL,0,0.0,regressor_model_4.pkl
PRPPS,0,0.0,regressor_model_4.pkl
URIH,0,0.0,regressor_model_4.pkl
PPCK,0,0.0,regressor_model_4.pkl
ALAR,0,0.0,regressor_model_4.pkl
HPYRI,0,0.0,regressor_model_4.pkl
PRAIi_copy1,0,0.0,regressor_model_4.pkl
CSPMDDH,0,0.0,regressor_model_4.pkl
MAN1PT2,1,0.0,regressor_model_4.pkl
HCO3E,0,0.0,regressor_model_4.pkl
DHAD1_copy1,0,0.0,regressor_model_4.pkl
APPAT,0,0.0,regressor_model_4.pkl
ADPT,0,0.0,regressor_model_4.pkl
PRASCSi_copy2,0,0.0,regressor_model_4.pkl
CBPS,0,0.0,regressor_model_4.pkl
FRDO7r,0,0.0,regressor_model_4.pkl
TRSARr,0,0.0,regressor_model_4.pkl
G5SD_copy1,0,0.0,regressor_model_4.pkl
GLNS_copy2,0,0.0,regressor_model_4.pkl
FRDO6r,0,0.0,regressor_model_4.pkl
MDH,0,0.0,regressor_model_4.pkl
PPM,1,0.0,regressor_model_4.pkl
PTRCTA2,0,0.04996208973120011,regressor_model_4.pkl
DMALRED,0,0.0,regressor_model_4.pkl
G3PD2,0,0.0,regressor_model_4.pkl
DLYSPYRAT,0,0.0,regressor_model_4.pkl
DHSKDH,0,0.0,regressor_model_4.pkl
VALDHr,1,0.0012850640221007737,regressor_model_4.pkl
MEPCT,0,0.0,regressor_model_4.pkl
LSERDHr,0,0.0,regressor_model_4.pkl
G6PDH2r,0,0.0,regressor_model_4.pkl
DHQTi_copy1,0,0.0,regressor_model_4.pkl
DHQTi_copy2,0,0.0,regressor_model_4.pkl
HPYRRx,0,0.0,regressor_model_4.pkl
GLUDy,0,0.0,regressor_model_4.pkl
LTDCL,1,0.0036640335622685387,regressor_model_4.pkl
H2CO3D2,0,0.0,regressor_model_4.pkl
GAPD,0,0.0,regressor_model_4.pkl
SSALy,1,0.019635061992218213,regressor_model_4.pkl
GLYCTO1,0,0.0,regressor_model_4.pkl
ACS,0,0.0,regressor_model_4.pkl
PDHa,1,0.002664339425897215,regressor_model_4.pkl
HEPCT,0,0.0,regressor_model_4.pkl
SERAT_copy1,0,0.0,regressor_model_4.pkl
VALTA,0,0.0,regressor_model_4.pkl
SUCOAS,0,0.0,regressor_model_4.pkl
FRDO4r,0,0.0,regressor_model_4.pkl
GLNS_copy1,1,0.0,regressor_model_4.pkl
ILEDHr_1,0,0.0,regressor_model_4.pkl
ENO,0,0.0,regressor_model_4.pkl
RBK,0,0.0,regressor_model_4.pkl
ALATRS,0,0.0,regressor_model_4.pkl
PTPATi,0,0.0,regressor_model_4.pkl
FDH,0,0.0,regressor_model_4.pkl
NDPK3,0,0.0,regressor_model_4.pkl
DHAD1_copy2,0,0.0,regressor_model_4.pkl
PHETA1,0,0.0,regressor_model_4.pkl
FALDM,0,0.0,regressor_model_4.pkl
PPND,0,0.0,regressor_model_4.pkl
PPK,0,0.0,regressor_model_4.pkl
PPA,0,0.0,regressor_model_4.pkl
PRASCSi_copy1,0,0.0,regressor_model_4.pkl
AROH,0,0.0,regressor_model_4.pkl
GLUSy,0,0.0,regressor_model_4.pkl
GLYALDDr,0,0.0018521921122153621,regressor_model_4.pkl
LLEUDr,1,0.0,regressor_model_4.pkl
AGMDA,0,0.0,regressor_model_4.pkl
GLYCK,0,0.0,regressor_model_4.pkl
FE3DCITR,0,0.0,regressor_model_4.pkl
TRPS1_copy1,0,0.0,regressor_model_4.pkl
AKGDH,1,0.10696420879150731,regressor_model_4.pkl
IDPh_1,0,0.0,regressor_model_4.pkl
DLYSOXGAT,0,0.0,regressor_model_4.pkl
NDP8,0,0.0,regressor_model_4.pkl
TALA,1,0.03587342530273632,regressor_model_4.pkl
URO_c,0,0.0,regressor_model_4.pkl
PGI,0,0.0,regressor_model_4.pkl
ICL,1,0.07144676174882779,regressor_model_4.pkl
PSCVT_copy1,0,0.0,regressor_model_4.pkl
PGK,0,0.0,regressor_model_4.pkl
HDH,0,0.0,regressor_model_4.pkl
ALDD1,0,0.0,regressor_model_4.pkl
FE3DCITCH,0,0.0,regressor_model_4.pkl
AGPOP,0,0.0,regressor_model_4.pkl
PRAIi_copy2,0,0.0,regressor_model_4.pkl
CBMKr,0,0.0,regressor_model_4.pkl
1PPDCRc,0,0.0,regressor_model_4.pkl
GAPDi_nadp,0,0.0,regressor_model_4.pkl
FE3PYOVDL,0,0.0,regressor_model_4.pkl
PGM,0,0.0,regressor_model_4.pkl
PMANM,0,0.0,regressor_model_4.pkl
ILETA,0,0.0,regressor_model_4.pkl
LEUTA,0,0.0,regressor_model_4.pkl
R15BPK,0,0.0,regressor_model_4.pkl
LYSRC,0,0.0,regressor_model_4.pkl
OXOADLR,1,0.0017128172324958999,regressor_model_4.pkl
TRPS3,0,0.0,regressor_model_4.pkl
H2CO3D,0,0.0,regressor_model_4.pkl
SERAT_copy2,0,0.0,regressor_model_4.pkl
HSK,0,0.0,regressor_model_4.pkl
PPNDH,1,0.0,regressor_model_4.pkl
PSCVT_copy2,0,0.0,regressor_model_4.pkl
G5SD_copy2,0,0.0,regressor_model_4.pkl
ADK1,0,0.0,regressor_model_4.pkl
NTD4,0,0.0,regressor_model_4.pkl
PHETHPTOX3,1,0.0,regressor_model_4.pkl
ALATA_L,0,0.0,regressor_model_4.pkl
MEPCT_1,0,0.0,regressor_model_4.pkl
PDH,0,0.0,regressor_model_4.pkl
MALS,0,0.0,regressor_model_4.pkl
ANHMK,0,0.0,regressor_model_4.pkl
RECOAH7,0,0.0,regressor_model_4.pkl
GLUDxi,0,0.0,regressor_model_4.pkl
TRPS1_copy2,0,0.0,regressor_model_4.pkl
ALLTN,0,0.0,regressor_model_4.pkl
NDPK5,0,0.0,regressor_model_4.pkl
HISTD,0,0.0,regressor_model_4.pkl
ME2,0,0.0,regressor_model_4.pkl
GLXCL,0,0.0,regressor_model_4.pkl
PRPPS,0,0.0,regressor_model_4.pkl
URIH,0,0.0,regressor_model_4.pkl
PPCK,0,0.0014085148150848603,regressor_model_4.pkl
ALAR,0,0.0,regressor_model_4.pkl
HPYRI,0,0.0,regressor_model_4.pkl
PRAIi_copy1,0,0.0,regressor_model_4.pkl
CSPMDDH,0,0.0,regressor_model_4.pkl
MAN1PT2,1,0.0,regressor_model_4.pkl
HCO3E,0,0.0,regressor_model_4.pkl
DHAD1_copy1,0,0.0,regressor_model_4.pkl
APPAT,0,0.0,regressor_model_4.pkl
ADPT,0,0.0,regressor_model_4.pkl
PRASCSi_copy2,0,0.0,regressor_model_4.pkl
CBPS,0,0.0,regressor_model_4.pkl
FRDO7r,0,0.0,regressor_model_4.pkl
TRSARr,0,0.0,regressor_model_4.pkl
G5SD_copy1,0,0.0,regressor_model_4.pkl
GLNS_copy2,0,0.0,regressor_model_4.pkl
FRDO6r,0,0.0,regressor_model_4.pkl
MDH,0,0.0,regressor_model_4.pkl
PPM,0,0.0,regressor_model_4.pkl
PTRCTA2,0,0.0,regressor_model_4.pkl
DMALRED,0,0.0,regressor_model_4.pkl
G3PD2,0,0.0,regressor_model_4.pkl
DLYSPYRAT,0,0.0,regressor_model_4.pkl
DHSKDH,0,0.0,regressor_model_4.pkl
VALDHr,1,0.005961997939552606,regressor_model_4.pkl
MEPCT,0,0.0,regressor_model_4.pkl
LSERDHr,0,0.0,regressor_model_4.pkl
G6PDH2r,0,0.0,regressor_model_4.pkl
DHQTi_copy1,0,0.0,regressor_model_4.pkl
DHQTi_copy2,0,0.0,regressor_model_4.pkl
HPYRRx,0,0.0,regressor_model_4.pkl
GLUDy,0,0.0,regressor_model_4.pkl
LTDCL,0,0.0,regressor_model_4.pkl
H2CO3D2,0,0.0,regressor_model_4.pkl
GAPD,0,0.0,regressor_model_4.pkl
SSALy,1,0.08840834023605076,regressor_model_4.pkl
GLYCTO1,0,0.0,regressor_model_4.pkl
ACS,0,0.0,regressor_model_4.pkl
PDHa,1,0.0,regressor_model_4.pkl
HEPCT,0,0.0,regressor_model_4.pkl
SERAT_copy1,0,0.0,regressor_model_4.pkl
VALTA,0,0.0,regressor_model_4.pkl
SUCOAS,0,0.0,regressor_model_4.pkl
FRDO4r,0,0.0,regressor_model_4.pkl
GLNS_copy1,1,0.0,regressor_model_4.pkl
ILEDHr_1,0,0.0,regressor_model_4.pkl
ENO,0,0.0,regressor_model_4.pkl
RBK,0,0.0,regressor_model_4.pkl
ALATRS,0,0.0,regressor_model_4.pkl
PTPATi,0,0.0,regressor_model_4.pkl
FDH,0,0.0,regressor_model_4.pkl
NDPK3,0,0.0,regressor_model_4.pkl
DHAD1_copy2,0,0.0,regressor_model_4.pkl
PHETA1,0,0.0,regressor_model_4.pkl
FALDM,0,0.0,regressor_model_4.pkl
PPND,0,0.0,regressor_model_4.pkl
PPK,0,0.0,regressor_model_4.pkl
PPA,0,0.0,regressor_model_4.pkl
PRASCSi_copy1,0,0.0,regressor_model_4.pkl
AROH,0,0.0,regressor_model_4.pkl
GLUSy,0,0.0,regressor_model_4.pkl
GLYALDDr,0,0.0,regressor_model_4.pkl
LLEUDr,0,0.0,regressor_model_4.pkl
AGMDA,0,0.0,regressor_model_4.pkl
GLYCK,0,0.0,regressor_model_4.pkl
FE3DCITR,0,0.0,regressor_model_4.pkl
TRPS1_copy1,0,0.0,regressor_model_4.pkl
AKGDH,1,0.09501967358016863,regressor_model_4.pkl
IDPh_1,0,0.0,regressor_model_4.pkl
DLYSOXGAT,0,0.0,regressor_model_4.pkl
NDP8,0,0.0,regressor_model_4.pkl
TALA,1,0.03835571663902413,regressor_model_4.pkl
URO_c,0,0.0,regressor_model_4.pkl
PGI,0,0.0,regressor_model_4.pkl
ICL,1,0.06720292522991889,regressor_model_4.pkl
PSCVT_copy1,0,0.0,regressor_model_4.pkl
PGK,0,0.0,regressor_model_4.pkl
HDH,0,0.0,regressor_model_4.pkl
ALDD1,0,0.0,regressor_model_4.pkl
FE3DCITCH,0,0.0,regressor_model_4.pkl
AGPOP,0,0.0,regressor_model_4.pkl
PRAIi_copy2,1,0.0,regressor_model_4.pkl
CBMKr,0,0.0,regressor_model_4.pkl
1PPDCRc,0,0.0,regressor_model_4.pkl
GAPDi_nadp,0,0.0,regressor_model_4.pkl
FE3PYOVDL,0,0.0,regressor_model_4.pkl
PGM,0,0.0,regressor_model_4.pkl
PMANM,0,0.0,regressor_model_4.pkl
ILETA,0,0.0,regressor_model_4.pkl
LEUTA,0,0.0,regressor_model_4.pkl
R15BPK,0,0.0,regressor_model_4.pkl
LYSRC,0,0.0,regressor_model_4.pkl
OXOADLR,0,0.0,regressor_model_4.pkl
TRPS3,0,0.0,regressor_model_4.pkl
H2CO3D,0,0.0,regressor_model_4.pkl
SERAT_copy2,0,0.0,regressor_model_4.pkl
HSK,0,0.0,regressor_model_4.pkl
PPNDH,0,0.0,regressor_model_4.pkl
PSCVT_copy2,0,0.0,regressor_model_4.pkl
G5SD_copy2,0,0.0,regressor_model_4.pkl
ADK1,0,0.0,regressor_model_4.pkl
NTD4,0,0.0,regressor_model_4.pkl
PHETHPTOX3,0,0.0,regressor_model_4.pkl
ALATA_L,0,0.0,regressor_model_4.pkl
MEPCT_1,0,0.0,regressor_model_4.pkl
PDH,0,0.0,regressor_model_4.pkl
MALS,0,0.0,regressor_model_4.pkl
ANHMK,0,0.0,regressor_model_4.pkl
RECOAH7,0,0.0,regressor_model_4.pkl
GLUDxi,0,0.0,regressor_model_4.pkl
TRPS1_copy2,0,0.0,regressor_model_4.pkl
ALLTN,1,0.0,regressor_model_4.pkl
NDPK5,0,0.0,regressor_model_4.pkl
HISTD,0,0.0,regressor_model_4.pkl
ME2,0,0.0,regressor_model_4.pkl
GLXCL,0,0.0,regressor_model_4.pkl
PRPPS,0,0.0,regressor_model_4.pkl
URIH,0,0.0,regressor_model_4.pkl
PPCK,0,0.0,regressor_model_4.pkl
ALAR,0,0.0,regressor_model_4.pkl
HPYRI,0,0.0,regressor_model_4.pkl
PRAIi_copy1,0,0.0,regressor_model_4.pkl
CSPMDDH,0,0.0,regressor_model_4.pkl
MAN1PT2,1,0.0,regressor_model_4.pkl
HCO3E,0,0.0,regressor_model_4.pkl
DHAD1_copy1,0,0.0,regressor_model_4.pkl
APPAT,0,0.0,regressor_model_4.pkl
ADPT,0,0.0,regressor_model_4.pkl
PRASCSi_copy2,0,0.0,regressor_model_4.pkl
CBPS,0,0.0,regressor_model_4.pkl
FRDO7r,0,0.0,regressor_model_4.pkl
TRSARr,0,0.0,regressor_model_4.pkl
G5SD_copy1,0,0.0,regressor_model_4.pkl
GLNS_copy2,0,0.0,regressor_model_4.pkl
FRDO6r,0,0.0,regressor_model_4.pkl
MDH,0,0.0,regressor_model_4.pkl
PPM,0,0.0,regressor_model_4.pkl
